Time,Fraction of area represented,Coverage uncertainty (1 sigma),Realization 1,Realization 2,Realization 3,Realization 4,Realization 5,Realization 6,Realization 7,Realization 8,Realization 9,Realization 10,Realization 11,Realization 12,Realization 13,Realization 14,Realization 15,Realization 16,Realization 17,Realization 18,Realization 19,Realization 20,Realization 21,Realization 22,Realization 23,Realization 24,Realization 25,Realization 26,Realization 27,Realization 28,Realization 29,Realization 30,Realization 31,Realization 32,Realization 33,Realization 34,Realization 35,Realization 36,Realization 37,Realization 38,Realization 39,Realization 40,Realization 41,Realization 42,Realization 43,Realization 44,Realization 45,Realization 46,Realization 47,Realization 48,Realization 49,Realization 50,Realization 51,Realization 52,Realization 53,Realization 54,Realization 55,Realization 56,Realization 57,Realization 58,Realization 59,Realization 60,Realization 61,Realization 62,Realization 63,Realization 64,Realization 65,Realization 66,Realization 67,Realization 68,Realization 69,Realization 70,Realization 71,Realization 72,Realization 73,Realization 74,Realization 75,Realization 76,Realization 77,Realization 78,Realization 79,Realization 80,Realization 81,Realization 82,Realization 83,Realization 84,Realization 85,Realization 86,Realization 87,Realization 88,Realization 89,Realization 90,Realization 91,Realization 92,Realization 93,Realization 94,Realization 95,Realization 96,Realization 97,Realization 98,Realization 99,Realization 100,Realization 101,Realization 102,Realization 103,Realization 104,Realization 105,Realization 106,Realization 107,Realization 108,Realization 109,Realization 110,Realization 111,Realization 112,Realization 113,Realization 114,Realization 115,Realization 116,Realization 117,Realization 118,Realization 119,Realization 120,Realization 121,Realization 122,Realization 123,Realization 124,Realization 125,Realization 126,Realization 127,Realization 128,Realization 129,Realization 130,Realization 131,Realization 132,Realization 133,Realization 134,Realization 135,Realization 136,Realization 137,Realization 138,Realization 139,Realization 140,Realization 141,Realization 142,Realization 143,Realization 144,Realization 145,Realization 146,Realization 147,Realization 148,Realization 149,Realization 150,Realization 151,Realization 152,Realization 153,Realization 154,Realization 155,Realization 156,Realization 157,Realization 158,Realization 159,Realization 160,Realization 161,Realization 162,Realization 163,Realization 164,Realization 165,Realization 166,Realization 167,Realization 168,Realization 169,Realization 170,Realization 171,Realization 172,Realization 173,Realization 174,Realization 175,Realization 176,Realization 177,Realization 178,Realization 179,Realization 180,Realization 181,Realization 182,Realization 183,Realization 184,Realization 185,Realization 186,Realization 187,Realization 188,Realization 189,Realization 190,Realization 191,Realization 192,Realization 193,Realization 194,Realization 195,Realization 196,Realization 197,Realization 198,Realization 199,Realization 200
1850,0.53831404,0.053736396,-0.4054254,-0.43279096,-0.46230367,-0.4968079,-0.48815778,-0.5641256,-0.4243349,-0.552451,-0.4370102,-0.40872163,-0.5429186,-0.5146794,-0.41666135,-0.4765064,-0.3163944,-0.42083272,-0.45195562,-0.6083992,-0.39137554,-0.42622077,-0.49686605,-0.5112565,-0.38022447,-0.44788182,-0.44685104,-0.4759297,-0.5808963,-0.5035802,-0.6164091,-0.5990177,-0.48268673,-0.47171468,-0.43279478,-0.38093394,-0.49128288,-0.42460212,-0.5175229,-0.42554986,-0.36597925,-0.32921195,-0.4461772,-0.49856222,-0.4872595,-0.4164552,-0.31402376,-0.3546139,-0.41072735,-0.4444814,-0.52086604,-0.54946494,-0.4095309,-0.4253059,-0.37218845,-0.3811248,-0.3633908,-0.3560499,-0.42201558,-0.36700228,-0.5000858,-0.4047667,-0.46317384,-0.4422331,-0.38939926,-0.3964568,-0.29268354,-0.4018316,-0.31267962,-0.39799708,-0.36690238,-0.40437105,-0.3540422,-0.3140279,-0.30048317,-0.37916598,-0.4628935,-0.37716767,-0.33108762,-0.5162468,-0.34232017,-0.41510728,-0.47662058,-0.3018728,-0.4762823,-0.37718663,-0.50326985,-0.461752,-0.47633597,-0.305103,-0.4634621,-0.4943078,-0.430864,-0.2862331,-0.3837949,-0.53249824,-0.4248866,-0.4625356,-0.42567495,-0.3123819,-0.43793127,-0.4613249,-0.5811542,-0.5313363,-0.44233432,-0.46612617,-0.27871644,-0.3993278,-0.49659294,-0.4123018,-0.457198,-0.5843294,-0.4921918,-0.42453277,-0.39180335,-0.49133125,-0.42343843,-0.47255504,-0.43297333,-0.44066182,-0.3962011,-0.430752,-0.39330122,-0.32991543,-0.3598393,-0.40297624,-0.40396333,-0.46487126,-0.36180034,-0.48126802,-0.46113664,-0.4940837,-0.50408876,-0.4331414,-0.37691215,-0.4293697,-0.46883547,-0.45084253,-0.53369474,-0.44352874,-0.44664577,-0.39219007,-0.48758802,-0.4727127,-0.35380813,-0.49947086,-0.33505252,-0.4175138,-0.5078646,-0.53483874,-0.47466606,-0.37374112,-0.48632535,-0.2954262,-0.4285361,-0.36312476,-0.27360976,-0.41327238,-0.31136936,-0.44359446,-0.49741736,-0.5305929,-0.44211307,-0.4438949,-0.40038496,-0.3145046,-0.36352095,-0.40116793,-0.37796405,-0.41760883,-0.3497034,-0.41396505,-0.3081763,-0.44783807,-0.44268507,-0.45767075,-0.41908357,-0.4758058,-0.45295945,-0.35496765,-0.37012395,-0.3368912,-0.343996,-0.36182362,-0.3701689,-0.3903141,-0.45594856,-0.37758985,-0.38392296,-0.33952242,-0.51806486,-0.3724502,-0.3243468,-0.50144196,-0.36499533,-0.30641994,-0.3321243,-0.38767278,-0.45660543,-0.4073667,-0.45905036,-0.45503256
1851,0.5480886,0.04752345,-0.17599079,-0.23145066,-0.2560628,-0.26752856,-0.27922067,-0.38010755,-0.21878564,-0.25323674,-0.24636766,-0.39636123,-0.38400525,-0.35558948,-0.29290742,-0.27364838,-0.35136655,-0.24061523,-0.21165627,-0.38887784,-0.22701634,-0.16400264,-0.23804486,-0.3940575,-0.1561696,-0.40016317,-0.18604949,-0.17542745,-0.33118847,-0.247798,-0.36781818,-0.3886123,-0.29684496,-0.15574716,-0.20872031,-0.35193118,-0.2641822,-0.4047276,-0.47291523,-0.2876543,-0.27052104,-0.35311794,-0.24391823,-0.41881758,-0.2687832,-0.23389995,-0.22354841,-0.23202136,-0.2947792,-0.2675224,-0.4395564,-0.30825797,-0.19411103,-0.25731483,-0.3486347,-0.23553921,-0.2775931,-0.31899208,-0.2618685,-0.27544004,-0.3022955,-0.2007312,-0.3209969,-0.26487976,-0.26082975,-0.25756735,-0.19010262,-0.27878743,-0.27949977,-0.22196499,-0.15276511,-0.23122649,-0.15382983,-0.27921286,-0.18711086,-0.30299142,-0.4435957,-0.31442365,-0.32571983,-0.30530718,-0.31916344,-0.29649386,-0.3868414,-0.31974342,-0.23213616,-0.15918681,-0.41851762,-0.26313728,-0.22741522,-0.17854083,-0.31573257,-0.25737265,-0.24739943,-0.3330444,-0.33012167,-0.21371605,-0.15324713,-0.16749987,-0.32675982,-0.20923391,-0.2708215,-0.19805364,-0.25997528,-0.26975694,-0.28031564,-0.3010713,-0.21883166,-0.27242413,-0.32865393,-0.2039521,-0.34179318,-0.4526394,-0.23606719,-0.2281919,-0.3346085,-0.30793735,-0.24254179,-0.14238653,-0.30755728,-0.35433456,-0.27546215,-0.25008422,-0.1591222,-0.37462878,-0.30247453,-0.20011126,-0.24675569,-0.27332383,-0.14644487,-0.1974206,-0.20252748,-0.36137015,-0.2697667,-0.17919442,-0.2734329,-0.28399858,-0.2981166,-0.38851398,-0.2936962,-0.14760767,-0.2974613,-0.15417668,-0.22829711,-0.32154936,-0.2816043,-0.25924635,-0.22430615,-0.26824102,-0.23756853,-0.35531092,-0.38339996,-0.16146855,-0.31651205,-0.18998767,-0.16413422,-0.3474705,-0.18624648,-0.22642,-0.22510639,-0.3230178,-0.25351274,-0.28165963,-0.25234222,-0.23580416,-0.24735567,-0.15840958,-0.3356318,-0.13467126,-0.21619889,-0.120838046,-0.264117,-0.21684407,-0.27874705,-0.25678813,-0.25060266,-0.26782045,-0.24189173,-0.2510734,-0.0635844,-0.29300922,-0.28160754,-0.21303806,-0.35632735,-0.18454684,-0.23652433,-0.13423035,-0.18547738,-0.19066533,-0.1747731,-0.02218431,-0.37665772,-0.29771158,-0.18583186,-0.23965335,-0.22232935,-0.12911098,-0.30103883,-0.1755022,-0.24294558,-0.2778689,-0.32217196,-0.2288433
1852,0.56733096,0.04926234,-0.08996581,-0.27624375,-0.2719353,-0.33129987,-0.25568125,-0.26438475,-0.19245903,-0.25450948,-0.26206607,-0.2617719,-0.28633428,-0.27410796,-0.2075244,-0.22285892,-0.23251598,-0.21029425,-0.14071469,-0.24976571,-0.27222976,-0.33087754,-0.35120577,-0.34401193,-0.09550451,-0.23364681,-0.24211295,-0.12716739,-0.3356363,-0.30697322,-0.29436877,-0.31866425,-0.112053886,-0.28034323,-0.20036894,-0.26882586,-0.1856738,-0.1894473,-0.29543814,-0.12866749,-0.13563436,-0.30630377,-0.16010413,-0.25585744,-0.191781,-0.2813428,-0.21518028,-0.25376543,-0.27191347,-0.20308957,-0.34136808,-0.26186073,-0.19186482,-0.15491335,-0.31793344,-0.23048317,-0.26865658,-0.25517395,-0.19946338,-0.39914238,-0.34574613,-0.15279706,-0.18025063,-0.3158061,-0.15018408,-0.17605755,-0.25203368,-0.33344638,-0.17563394,-0.28364384,-0.13041179,-0.15407738,-0.36342284,-0.30122554,-0.20165676,-0.33279777,-0.2539235,-0.21230109,-0.33816934,-0.17213765,-0.16142827,-0.1662107,-0.25552303,-0.21135834,-0.25689533,-0.16434276,-0.26135504,-0.2895604,-0.2464458,-0.14293206,-0.26169384,-0.27436817,-0.16071865,-0.20806399,-0.22867809,-0.34380987,-0.23393343,-0.10397628,-0.24989553,-0.22616507,-0.17918108,-0.224234,-0.17141624,-0.2754096,-0.26166213,-0.23432495,-0.2616071,-0.0506963,-0.24288544,-0.25047398,-0.34156892,-0.3050497,-0.23331194,-0.19219108,-0.18823585,-0.23012137,-0.24858294,-0.26588574,-0.16980156,-0.17266709,-0.26109022,-0.18566181,-0.21546735,-0.12228585,-0.16857536,-0.16167137,-0.29567632,-0.21321547,-0.19249867,-0.23515686,-0.30518368,-0.264726,-0.37506998,-0.27429777,-0.22402872,-0.3102956,-0.21160509,-0.24204369,-0.30023432,-0.27955744,-0.2515928,-0.26711932,-0.16299835,-0.18699412,-0.12824675,-0.30029255,-0.17968963,-0.24551767,-0.099660195,-0.27427575,-0.17711543,-0.24014959,-0.2398159,-0.12989041,-0.20770867,-0.3320798,-0.17610835,-0.16333792,-0.24948554,-0.22270049,-0.25411224,-0.16843921,-0.31481558,-0.27347597,-0.16175286,-0.120326936,-0.19942442,-0.27084637,-0.21455139,-0.22450107,-0.1633224,-0.31618243,-0.20549904,-0.26752552,-0.1900435,-0.26607862,-0.22438806,-0.19194412,-0.14106113,-0.12645105,-0.13516234,-0.15169874,-0.208306,-0.08863902,-0.029389258,-0.14824161,-0.17681798,-0.22143896,-0.20650849,-0.09104779,-0.23984976,-0.15694739,-0.14569058,-0.093683004,-0.22280708,-0.21968336,-0.23574893,-0.10852229,-0.20431794,-0.098378494,-0.17561169,-0.21836501
1853,0.61535686,0.045866538,-0.20343557,-0.36021367,-0.31620106,-0.27192226,-0.29144263,-0.3053269,-0.267958,-0.2950869,-0.24220298,-0.29377967,-0.4215614,-0.31884554,-0.27751514,-0.18568975,-0.28658608,-0.27152693,-0.19497868,-0.2733626,-0.21771938,-0.33416614,-0.2973734,-0.3699371,-0.17192325,-0.37652007,-0.28394336,-0.40277064,-0.31217507,-0.29591805,-0.44411826,-0.40753633,-0.24349153,-0.34512904,-0.118113905,-0.23015402,-0.31014308,-0.33481592,-0.32447818,-0.4028519,-0.3023941,-0.2813643,-0.24360263,-0.34301934,-0.31070143,-0.2577065,-0.44697842,-0.36321014,-0.25487533,-0.36631846,-0.23592614,-0.35771945,-0.20645253,-0.19222173,-0.42168754,-0.23315778,-0.27617273,-0.19172953,-0.19561125,-0.1406006,-0.3172479,-0.17629261,-0.24399015,-0.32881835,-0.16895103,-0.2263886,-0.2494161,-0.24461162,-0.2525644,-0.16210234,-0.3931283,-0.21433063,-0.24973902,-0.25968128,-0.22412609,-0.2136807,-0.27836394,-0.18094857,-0.20052335,-0.26666954,-0.27905825,-0.2796457,-0.20781069,-0.22871669,-0.29146048,-0.21993962,-0.3394908,-0.22692241,-0.25980875,-0.12198314,-0.33048224,-0.28431487,-0.3649468,-0.23183683,-0.2535606,-0.3218072,-0.31835046,-0.23451543,-0.2926519,-0.29691514,-0.22298926,-0.18784021,-0.30375418,-0.3738118,-0.26359934,-0.24770351,-0.3278478,-0.32128423,-0.30757347,-0.27255332,-0.34248626,-0.26765144,-0.22567837,-0.25792193,-0.25200483,-0.33265412,-0.24028428,-0.18716593,-0.21568541,-0.22169106,-0.28529462,-0.22751148,-0.22283491,-0.2128018,-0.16703855,-0.25595096,-0.24104252,-0.35645422,-0.293619,-0.3101355,-0.29484,-0.25384116,-0.34161574,-0.29449856,-0.19624735,-0.29479313,-0.27392524,-0.33088624,-0.2926823,-0.27042693,-0.2758365,-0.2577126,-0.31892285,-0.26242724,-0.22109687,-0.278555,-0.2478361,-0.23995641,-0.18941014,-0.3285055,-0.3164359,-0.26136062,-0.28596973,-0.12432559,-0.26408538,-0.29996297,-0.24405375,-0.2341648,-0.28466186,-0.2184727,-0.2140942,-0.29865745,-0.19025862,-0.2589172,-0.23705703,-0.14281532,-0.25902897,-0.06380238,-0.29625237,-0.25705767,-0.26439068,-0.1926229,-0.26378188,-0.23767754,-0.2366063,-0.40745658,-0.14601786,-0.29164115,-0.22931084,-0.2555579,-0.1635195,-0.19066148,-0.25814724,-0.23314616,-0.17722967,-0.22054544,-0.120753966,-0.103794195,-0.22463799,-0.2023933,-0.2521404,-0.2341056,-0.20187087,-0.24222186,-0.1789913,-0.30479157,-0.09124699,-0.22055204,-0.3493083,-0.18395254,-0.2327103,-0.23949824
1854,0.63918173,0.043565456,-0.34235275,-0.28013492,-0.21156721,-0.38902742,-0.34441692,-0.23641719,-0.2727832,-0.31528145,-0.2678305,-0.37421852,-0.35945335,-0.32938534,-0.25532472,-0.33668777,-0.27220908,-0.25857106,-0.27858382,-0.25745246,-0.27385297,-0.3689052,-0.35695472,-0.3410435,-0.22541459,-0.32589594,-0.2742941,-0.38275486,-0.39911097,-0.38686588,-0.35816473,-0.30646032,-0.3382874,-0.28731552,-0.25095713,-0.30013084,-0.34823504,-0.26412165,-0.36232084,-0.35654482,-0.25666958,-0.28595254,-0.306609,-0.37655213,-0.32784697,-0.33423954,-0.30876958,-0.3109524,-0.2844586,-0.32369536,-0.2788402,-0.30578604,-0.22008763,-0.2705708,-0.43412593,-0.236773,-0.27819985,-0.23071285,-0.21150048,-0.2896476,-0.28362542,-0.2047055,-0.18580285,-0.30654874,-0.2718522,-0.24690679,-0.20317125,-0.3365375,-0.32010594,-0.3200849,-0.2800193,-0.27606964,-0.2920831,-0.36891252,-0.24976382,-0.3249556,-0.29930025,-0.20179883,-0.28534475,-0.2841423,-0.24454804,-0.32904816,-0.30161718,-0.27596354,-0.28780034,-0.21084756,-0.18780449,-0.32302323,-0.34776625,-0.29917705,-0.22198541,-0.31107798,-0.38177243,-0.29797977,-0.26500735,-0.35825244,-0.3535349,-0.3182629,-0.240688,-0.22978036,-0.31325313,-0.3270792,-0.30385897,-0.33336017,-0.4117945,-0.3222566,-0.39125514,-0.2885274,-0.4332383,-0.3190339,-0.3021652,-0.3091177,-0.27509028,-0.27309385,-0.2905997,-0.2917645,-0.28518736,-0.30280888,-0.2849461,-0.26035774,-0.29954827,-0.2672833,-0.3199685,-0.3113525,-0.27041742,-0.28424934,-0.33733892,-0.2985537,-0.20506233,-0.33584252,-0.29780838,-0.3821591,-0.31587055,-0.34302458,-0.20916297,-0.2816912,-0.3200413,-0.23605213,-0.31595376,-0.37268278,-0.29343367,-0.38021162,-0.29004627,-0.43722352,-0.3558759,-0.3174964,-0.24923296,-0.29494265,-0.20064232,-0.35140526,-0.36603197,-0.3424764,-0.26104474,-0.22610739,-0.20315899,-0.22965929,-0.35787466,-0.24819994,-0.31297758,-0.24561071,-0.24711505,-0.25675207,-0.22869566,-0.35223928,-0.27695447,-0.14188322,-0.22105034,-0.24334785,-0.38288572,-0.26760972,-0.32018465,-0.27519348,-0.1911041,-0.39657164,-0.35509604,-0.2806146,-0.31897283,-0.3000291,-0.21048525,-0.23766498,-0.25529885,-0.23426105,-0.23725142,-0.1901428,-0.28224817,-0.18618922,-0.2088016,-0.23643218,-0.33713335,-0.18632469,-0.30150574,-0.3052524,-0.31931224,-0.19950624,-0.32450834,-0.23127834,-0.30358282,-0.28065008,-0.26837897,-0.28191367,-0.29945534,-0.3674423
1855,0.6365822,0.042819712,-0.29955503,-0.33553216,-0.23280403,-0.34542927,-0.31896403,-0.34009993,-0.2723836,-0.3357058,-0.36239946,-0.3900183,-0.3185357,-0.36559156,-0.28418344,-0.24022661,-0.28654823,-0.324605,-0.3212026,-0.32029742,-0.2651882,-0.26465777,-0.46387804,-0.32701206,-0.22647043,-0.40857866,-0.21485324,-0.2642263,-0.33376312,-0.38396758,-0.34812903,-0.371762,-0.35167152,-0.44309697,-0.25898454,-0.349677,-0.33221465,-0.22137612,-0.34933844,-0.33764407,-0.22814211,-0.31663516,-0.29955792,-0.28638184,-0.33299178,-0.2352055,-0.3477805,-0.28362554,-0.30590838,-0.28061047,-0.28673652,-0.37273064,-0.27633494,-0.28408518,-0.32800508,-0.24589653,-0.29732415,-0.2707963,-0.3028476,-0.3055026,-0.20198591,-0.3248665,-0.29213843,-0.3144582,-0.22635265,-0.14273466,-0.25403813,-0.33860382,-0.23102237,-0.18438594,-0.2334477,-0.26083526,-0.26263377,-0.2903066,-0.26105565,-0.33513862,-0.30792952,-0.2870304,-0.27371696,-0.28429964,-0.27031007,-0.21503083,-0.24766627,-0.35024473,-0.24017663,-0.27174628,-0.2986891,-0.32243326,-0.28999043,-0.21898644,-0.3233308,-0.2898142,-0.28958064,-0.30650416,-0.2728807,-0.32940876,-0.3227763,-0.26512504,-0.33081254,-0.3441871,-0.28816015,-0.31695423,-0.33062604,-0.2853117,-0.17633578,-0.1963071,-0.26896426,-0.33262148,-0.29325536,-0.30306417,-0.3249304,-0.3709622,-0.26397058,-0.32055587,-0.23098572,-0.32623342,-0.27759644,-0.22091034,-0.25006235,-0.30204105,-0.34605014,-0.30900773,-0.29944763,-0.30287766,-0.2995028,-0.33600998,-0.35447267,-0.31967166,-0.15912214,-0.20318434,-0.25952563,-0.344172,-0.31670418,-0.3470147,-0.26941556,-0.30372214,-0.38143015,-0.38220644,-0.33682075,-0.36901695,-0.33691975,-0.27657405,-0.28753993,-0.2976367,-0.25041273,-0.36384705,-0.25709718,-0.31361574,-0.25643802,-0.32713628,-0.3214752,-0.35422584,-0.30974865,-0.1832734,-0.28183684,-0.28765005,-0.21550128,-0.2560294,-0.29832,-0.25301334,-0.24655549,-0.29128042,-0.3649273,-0.3252271,-0.3141838,-0.1858208,-0.28930864,-0.24516656,-0.2831751,-0.34590873,-0.34777972,-0.30740422,-0.35681212,-0.3033266,-0.16107103,-0.2960728,-0.24322532,-0.33510795,-0.28164798,-0.1645791,-0.2799464,-0.2980907,-0.19704129,-0.16154133,-0.2876624,-0.27982602,-0.22890553,-0.17848258,-0.2618535,-0.29180294,-0.30744344,-0.2626134,-0.28643698,-0.25769562,-0.2595025,-0.2458679,-0.26619312,-0.13809127,-0.36845413,-0.25653648,-0.29852688,-0.32433763
1856,0.673722,0.04716615,-0.3690613,-0.37989005,-0.38513342,-0.42208317,-0.28915262,-0.3239329,-0.35094067,-0.44603652,-0.39068842,-0.3586412,-0.37673357,-0.2569643,-0.26735276,-0.31211382,-0.35592672,-0.32652736,-0.2134973,-0.3307167,-0.24209884,-0.2674036,-0.44181487,-0.40745533,-0.34173647,-0.4431954,-0.3798369,-0.34262228,-0.34333283,-0.35392606,-0.41851452,-0.3919382,-0.376563,-0.40307853,-0.37549135,-0.4446502,-0.38923165,-0.412979,-0.3686844,-0.40304506,-0.32957166,-0.31288204,-0.31533402,-0.4322253,-0.33178958,-0.24780585,-0.33620274,-0.37494916,-0.39161253,-0.28973985,-0.43357798,-0.32041657,-0.34848943,-0.2731074,-0.34583333,-0.34813327,-0.3082119,-0.24750997,-0.3614231,-0.2879869,-0.24389851,-0.290656,-0.34250718,-0.30807424,-0.38997814,-0.26669478,-0.24184844,-0.3254069,-0.30151147,-0.28871673,-0.317941,-0.2813348,-0.22903481,-0.31640813,-0.27740085,-0.42547712,-0.2833777,-0.30371097,-0.20246285,-0.2681062,-0.25993925,-0.3051504,-0.34747836,-0.3142029,-0.23228861,-0.26775628,-0.38733432,-0.34678403,-0.3288932,-0.2816584,-0.39600167,-0.31029785,-0.3164989,-0.27329743,-0.33485162,-0.3019524,-0.39160594,-0.39558208,-0.3755787,-0.29676443,-0.31117907,-0.30574185,-0.3557521,-0.39788568,-0.34787363,-0.33325052,-0.32195765,-0.27440068,-0.3690283,-0.44706067,-0.35844782,-0.5165861,-0.34468356,-0.25052536,-0.329124,-0.4756741,-0.34265956,-0.24856749,-0.25543833,-0.28038448,-0.4991773,-0.35127014,-0.30225188,-0.34389088,-0.34703487,-0.29519066,-0.30607927,-0.35002592,-0.34092793,-0.26136687,-0.3589712,-0.28218257,-0.3502324,-0.3542206,-0.30416176,-0.29340088,-0.37520045,-0.33880037,-0.3343624,-0.33123776,-0.3903716,-0.25020334,-0.26167643,-0.38072392,-0.3082282,-0.39786693,-0.32893458,-0.32085624,-0.20867464,-0.3899963,-0.2741061,-0.3336427,-0.3783355,-0.33604527,-0.36841458,-0.37869874,-0.34393612,-0.31373423,-0.3405519,-0.24513452,-0.30651155,-0.3255088,-0.32592788,-0.30794796,-0.32137722,-0.26448286,-0.3644355,-0.26585212,-0.34740144,-0.3161164,-0.29065838,-0.28546116,-0.31563458,-0.32271218,-0.3178175,-0.34892377,-0.20242961,-0.32205603,-0.31743142,-0.3289575,-0.35372677,-0.27947935,-0.27921367,-0.22948372,-0.23764588,-0.36595377,-0.28457248,-0.28376904,-0.31119418,-0.35975787,-0.26180536,-0.2837712,-0.34744278,-0.29462683,-0.38113165,-0.33211172,-0.2790278,-0.26787746,-0.2977973,-0.20661695,-0.3419919,-0.29683033
1857,0.6672303,0.043073494,-0.41096196,-0.48680738,-0.48110387,-0.52055746,-0.4179907,-0.5368225,-0.5067653,-0.4405057,-0.5361553,-0.58057904,-0.55446434,-0.45667404,-0.3786079,-0.48917967,-0.5096197,-0.42459965,-0.37860656,-0.50589955,-0.4819884,-0.54863054,-0.5598287,-0.5386287,-0.46032986,-0.5669087,-0.45859003,-0.46642855,-0.5192887,-0.5836011,-0.54738075,-0.6088371,-0.44719502,-0.50220793,-0.40234303,-0.5543749,-0.47629237,-0.5757379,-0.514959,-0.4409368,-0.443567,-0.42573476,-0.48646766,-0.5134175,-0.51199204,-0.41903922,-0.47838542,-0.49220315,-0.45351815,-0.48489052,-0.6149783,-0.5975479,-0.512314,-0.4731264,-0.48041928,-0.4353813,-0.48093233,-0.3324155,-0.52248514,-0.4112967,-0.43852037,-0.47573665,-0.489795,-0.43109104,-0.47697762,-0.410319,-0.37807435,-0.5780452,-0.45802343,-0.380172,-0.40513375,-0.41681138,-0.42579433,-0.5660535,-0.34294912,-0.57487535,-0.46570778,-0.44163173,-0.42084143,-0.45608753,-0.48715356,-0.4263851,-0.50908005,-0.4634481,-0.33486295,-0.4140382,-0.43118113,-0.5686689,-0.53411204,-0.37732646,-0.4888644,-0.44437027,-0.4005016,-0.4233647,-0.47084832,-0.5125071,-0.50832033,-0.36374834,-0.5137997,-0.39642444,-0.41890228,-0.44874862,-0.42442057,-0.5262065,-0.48940316,-0.49536428,-0.54475003,-0.48522598,-0.4495351,-0.5623882,-0.48108777,-0.38949543,-0.5039017,-0.46592152,-0.45324832,-0.48557287,-0.5005408,-0.5008458,-0.513694,-0.36880678,-0.50341547,-0.4230228,-0.44967827,-0.38515395,-0.5276604,-0.4436453,-0.64829874,-0.51591694,-0.615046,-0.44406784,-0.44024917,-0.52617776,-0.52724034,-0.39015567,-0.44107947,-0.4356017,-0.43923554,-0.5131124,-0.42538396,-0.49101382,-0.4089467,-0.5047572,-0.4094289,-0.61291057,-0.3822377,-0.47536132,-0.47065508,-0.57930094,-0.38952476,-0.4243619,-0.46973878,-0.51087266,-0.34929097,-0.3255216,-0.48476914,-0.55061924,-0.4051159,-0.48968452,-0.51120657,-0.36267024,-0.3561781,-0.5714357,-0.45792997,-0.45359084,-0.43156174,-0.40350035,-0.38460374,-0.4200121,-0.44771773,-0.44526353,-0.41990805,-0.41857108,-0.48961693,-0.543919,-0.4029921,-0.5100167,-0.4098429,-0.5239274,-0.4131851,-0.4239465,-0.5042257,-0.34391436,-0.36384666,-0.37091872,-0.4163774,-0.50536984,-0.3023077,-0.37414712,-0.4789747,-0.42130265,-0.40937284,-0.4400856,-0.4493098,-0.43791655,-0.5113517,-0.49075913,-0.42176485,-0.3663818,-0.45687595,-0.5080923,-0.4584262,-0.45940602
1858,0.65719527,0.0449652,-0.3440586,-0.42744,-0.4280819,-0.33648962,-0.39275688,-0.43452957,-0.54030573,-0.42657462,-0.53159344,-0.44406956,-0.44406065,-0.35517555,-0.3909945,-0.49401155,-0.46060428,-0.38462773,-0.31426403,-0.37424332,-0.41108373,-0.47777063,-0.4334381,-0.48503888,-0.3641821,-0.5542935,-0.36633885,-0.47553283,-0.50262666,-0.4140618,-0.5110466,-0.426509,-0.36398104,-0.4694064,-0.3813607,-0.44241273,-0.35799682,-0.4634177,-0.41612485,-0.4868035,-0.35783926,-0.36091036,-0.40006614,-0.4652178,-0.42539975,-0.40912873,-0.45678475,-0.41121846,-0.407492,-0.3656572,-0.47941327,-0.43835706,-0.4415403,-0.31968406,-0.3623396,-0.3240132,-0.34828207,-0.35614076,-0.331403,-0.40044603,-0.44954583,-0.41391054,-0.37652272,-0.45483494,-0.4223454,-0.40500432,-0.33485156,-0.49195242,-0.38095683,-0.28113702,-0.33821914,-0.28563938,-0.39507756,-0.37744033,-0.37973142,-0.4616522,-0.42944655,-0.3468636,-0.40589532,-0.37769538,-0.27740666,-0.3489258,-0.40433875,-0.32220578,-0.3077085,-0.36229157,-0.34058672,-0.407118,-0.40721935,-0.37274233,-0.39522582,-0.39892697,-0.3063743,-0.4129618,-0.37855735,-0.46784288,-0.34739035,-0.36849678,-0.44130918,-0.457964,-0.39585066,-0.4089401,-0.3516694,-0.37299055,-0.37282935,-0.3998612,-0.432318,-0.3219279,-0.37490493,-0.3782052,-0.52900845,-0.46294755,-0.35569924,-0.44237274,-0.40799528,-0.45777217,-0.4040917,-0.35698232,-0.41408858,-0.4130731,-0.38476366,-0.4040805,-0.3898185,-0.31718567,-0.33826116,-0.37714586,-0.5249509,-0.27511668,-0.41651234,-0.3696411,-0.43729606,-0.4880189,-0.46676502,-0.471943,-0.41127878,-0.41699404,-0.39837626,-0.4829512,-0.43657807,-0.44458714,-0.4196344,-0.43153605,-0.36098427,-0.5151078,-0.33900657,-0.36056775,-0.45059368,-0.3479021,-0.27831236,-0.43711695,-0.4456113,-0.48318923,-0.46109,-0.24262264,-0.4357372,-0.3895678,-0.3329502,-0.31170893,-0.49279004,-0.33075076,-0.4516137,-0.44204247,-0.36009964,-0.38934487,-0.47032192,-0.3313345,-0.3970414,-0.39116177,-0.40258124,-0.4039238,-0.33094203,-0.45316917,-0.5371957,-0.37434095,-0.4128075,-0.33759746,-0.39228246,-0.4538783,-0.32415757,-0.3107792,-0.34560025,-0.3358845,-0.44050503,-0.24554251,-0.23711313,-0.37273285,-0.34048632,-0.30514693,-0.40466523,-0.3162985,-0.27079043,-0.41677833,-0.33608505,-0.4048086,-0.42907205,-0.3904823,-0.20219588,-0.322284,-0.45998472,-0.35060406,-0.33696452,-0.42505124
1859,0.6465778,0.04368609,-0.24291253,-0.26211113,-0.37501147,-0.35681346,-0.27714178,-0.37124613,-0.23737085,-0.38759816,-0.39074555,-0.37847546,-0.28084153,-0.34390324,-0.29455343,-0.33864966,-0.22684728,-0.3167286,-0.28327394,-0.34678006,-0.1488656,-0.33627996,-0.27104518,-0.38510093,-0.20574306,-0.30970863,-0.3529365,-0.38542545,-0.30097935,-0.30888125,-0.28749007,-0.3461469,-0.3961176,-0.2758485,-0.27429694,-0.39825547,-0.30231482,-0.33305705,-0.2905983,-0.3644078,-0.3128665,-0.37798408,-0.26938844,-0.3265225,-0.30196065,-0.2606556,-0.24241595,-0.27844605,-0.25477424,-0.26744264,-0.32903835,-0.2625343,-0.26209122,-0.29257837,-0.32403326,-0.2785264,-0.2922272,-0.28515786,-0.23188153,-0.35951805,-0.32626677,-0.30518553,-0.34341514,-0.35710016,-0.25724006,-0.14257422,-0.150225,-0.3503716,-0.31283355,-0.19063272,-0.16779009,-0.22822262,-0.3276904,-0.27281636,-0.31282696,-0.33455768,-0.29649523,-0.3272785,-0.28413314,-0.274698,-0.29545227,-0.29649416,-0.22876321,-0.18927276,-0.3047545,-0.20652997,-0.28211543,-0.3701077,-0.24842875,-0.24138327,-0.2695281,-0.3279756,-0.340001,-0.18734531,-0.2813664,-0.3774114,-0.2987445,-0.28697917,-0.29506364,-0.28352907,-0.3362758,-0.28200912,-0.24327254,-0.33191547,-0.2501515,-0.3477551,-0.2757157,-0.31527933,-0.4120454,-0.27572536,-0.3368079,-0.37070486,-0.3007102,-0.30761155,-0.22802739,-0.275973,-0.26569793,-0.29030684,-0.23773901,-0.26587692,-0.2823732,-0.36913046,-0.23827453,-0.3414268,-0.3294915,-0.2639791,-0.2682805,-0.25184774,-0.23981765,-0.2987392,-0.26386356,-0.37734136,-0.36116585,-0.29707277,-0.31594333,-0.28618076,-0.23028715,-0.33984238,-0.29226375,-0.40990627,-0.38964567,-0.2909452,-0.31554586,-0.40845183,-0.32966956,-0.28874484,-0.1987795,-0.34068355,-0.24993621,-0.35616198,-0.3235787,-0.21012598,-0.27156672,-0.21728875,-0.3031585,-0.2587955,-0.32958055,-0.25080323,-0.3572572,-0.27464363,-0.31353074,-0.30607674,-0.27742606,-0.21973583,-0.3516731,-0.17898619,-0.2460893,-0.2768023,-0.2574099,-0.26371154,-0.3228099,-0.21101432,-0.30957478,-0.33208954,-0.30601054,-0.20036091,-0.3211621,-0.30478066,-0.27237815,-0.28627977,-0.11032639,-0.3029047,-0.2870401,-0.14759207,-0.20187677,-0.281461,-0.15993474,-0.24658157,-0.42628655,-0.24841969,-0.20989418,-0.33290964,-0.2608218,-0.29254884,-0.32599097,-0.19946562,-0.23323973,-0.24948318,-0.3842885,-0.34185216,-0.3216781,-0.3326242
1860,0.56515956,0.04495144,-0.46476284,-0.42999524,-0.48342034,-0.4873781,-0.4463294,-0.45260903,-0.3941134,-0.36225936,-0.4084817,-0.52193904,-0.46898118,-0.38657483,-0.48007512,-0.38208452,-0.374389,-0.34248742,-0.40309614,-0.47413298,-0.43341634,-0.43643606,-0.47381464,-0.47867718,-0.4106562,-0.49092305,-0.4460975,-0.42899758,-0.48338974,-0.5169496,-0.50358814,-0.44997364,-0.4923342,-0.48478606,-0.30925402,-0.47166836,-0.44165102,-0.4072903,-0.34228402,-0.44017103,-0.33065122,-0.44124487,-0.4183484,-0.41980198,-0.49404848,-0.34980097,-0.33524102,-0.37188956,-0.37867013,-0.37354806,-0.5038175,-0.45949394,-0.44844857,-0.34338096,-0.41613713,-0.43148234,-0.4512614,-0.3291318,-0.4160811,-0.46323508,-0.44254407,-0.38404337,-0.47461274,-0.4125562,-0.4289003,-0.304216,-0.34321636,-0.4520398,-0.38039902,-0.4047165,-0.31403354,-0.30483484,-0.4313232,-0.40081972,-0.27935502,-0.35590616,-0.4838972,-0.3489936,-0.40311968,-0.43745726,-0.389142,-0.24686126,-0.4878462,-0.3726842,-0.36494264,-0.3385267,-0.40194094,-0.4587438,-0.4352735,-0.3732136,-0.47239417,-0.5135743,-0.42674154,-0.3961637,-0.34354457,-0.31402287,-0.30055737,-0.39045382,-0.46266437,-0.32953188,-0.31380546,-0.4316199,-0.40011364,-0.5002398,-0.47705752,-0.43481207,-0.47983354,-0.3779994,-0.5534963,-0.46388683,-0.36772943,-0.50919443,-0.33719975,-0.4528658,-0.34018028,-0.393532,-0.41098934,-0.4498669,-0.42821345,-0.43239188,-0.43097982,-0.47637767,-0.40347382,-0.24792871,-0.5127538,-0.4193256,-0.5137675,-0.44448704,-0.38005722,-0.38213918,-0.41149575,-0.47937036,-0.46564674,-0.40153635,-0.36592323,-0.3367781,-0.4234461,-0.40457928,-0.38484102,-0.5005317,-0.36709422,-0.44769725,-0.31715593,-0.53738976,-0.33694333,-0.41010386,-0.34901232,-0.43048742,-0.34387138,-0.43836382,-0.47983226,-0.46258616,-0.38172075,-0.35795665,-0.39272478,-0.44818315,-0.31532013,-0.4009639,-0.32064533,-0.19713546,-0.31665662,-0.42242718,-0.4768009,-0.445161,-0.35533077,-0.48281267,-0.33359295,-0.4617404,-0.38833484,-0.3793433,-0.36836797,-0.33193663,-0.40540332,-0.40546134,-0.38847965,-0.44943285,-0.28728166,-0.3794914,-0.26439363,-0.34301814,-0.37408683,-0.30936822,-0.3800383,-0.3100107,-0.34359187,-0.42828467,-0.41301316,-0.38244423,-0.33387104,-0.3462079,-0.48015147,-0.444837,-0.37834826,-0.42827234,-0.46891338,-0.43247196,-0.42203742,-0.33496782,-0.35154295,-0.35843652,-0.43613788,-0.42072266
1861,0.4493083,0.05368947,-0.45105544,-0.4638757,-0.46777397,-0.48229125,-0.48708874,-0.5927411,-0.48275992,-0.53342307,-0.4866069,-0.5393136,-0.55521137,-0.42384413,-0.44750932,-0.5681423,-0.46133715,-0.44867426,-0.37225866,-0.4795577,-0.394852,-0.41097644,-0.4956905,-0.4810797,-0.43113706,-0.49058887,-0.41111812,-0.4722712,-0.5289797,-0.65027136,-0.503248,-0.6733454,-0.42346603,-0.47074163,-0.4115186,-0.39608288,-0.42127457,-0.51622915,-0.49342963,-0.5011405,-0.44981155,-0.44057587,-0.36066726,-0.56539047,-0.4241635,-0.5856317,-0.48399225,-0.48610085,-0.45495027,-0.387186,-0.5304611,-0.49146867,-0.39956558,-0.44565156,-0.48705003,-0.47060245,-0.50625664,-0.47636726,-0.46665955,-0.44241044,-0.543478,-0.45081052,-0.5190604,-0.4815363,-0.5374923,-0.34583965,-0.3472786,-0.46356702,-0.51310354,-0.46329457,-0.56771344,-0.35259005,-0.4413277,-0.46597755,-0.40434453,-0.5012422,-0.46642014,-0.4057748,-0.4247674,-0.443146,-0.37846935,-0.50075316,-0.45969248,-0.3989173,-0.3205094,-0.43657643,-0.40380773,-0.5042641,-0.56725556,-0.36863852,-0.5297425,-0.43813634,-0.5262737,-0.4493535,-0.42866722,-0.5206878,-0.36291003,-0.45809314,-0.5030252,-0.43712127,-0.50781065,-0.4049902,-0.48695952,-0.47149232,-0.5737336,-0.46107784,-0.40209588,-0.38344285,-0.5240919,-0.52217215,-0.43038818,-0.6596414,-0.54577154,-0.37922308,-0.3722726,-0.4942378,-0.4973435,-0.3838472,-0.44137868,-0.41067913,-0.54210633,-0.43347925,-0.4424865,-0.4384897,-0.5241644,-0.47776398,-0.51276124,-0.45772058,-0.4344397,-0.51441616,-0.43593207,-0.4639286,-0.5495926,-0.44020042,-0.38427514,-0.4381882,-0.40884167,-0.41038245,-0.5249048,-0.626149,-0.47621268,-0.5231964,-0.39692125,-0.6461662,-0.40083528,-0.40921152,-0.5224304,-0.537647,-0.36427695,-0.51846045,-0.53469306,-0.38800022,-0.5100164,-0.39868024,-0.45963043,-0.6123877,-0.44837272,-0.40576962,-0.52513385,-0.45472956,-0.3678156,-0.5482028,-0.3143295,-0.44320306,-0.41475183,-0.40985867,-0.48806572,-0.40857783,-0.4344277,-0.5196752,-0.46536806,-0.4418925,-0.50051415,-0.5170964,-0.4357663,-0.6006651,-0.47191116,-0.50181264,-0.33725974,-0.5567721,-0.5050884,-0.42878485,-0.41876325,-0.21443279,-0.4107741,-0.48035932,-0.37135428,-0.42150527,-0.34440097,-0.4505364,-0.38212445,-0.53053796,-0.43321314,-0.44917247,-0.5678231,-0.48525232,-0.41206288,-0.39992914,-0.40132004,-0.40706384,-0.5085018,-0.38517907
1862,0.47645205,0.05280035,-0.6316845,-0.58745056,-0.49936718,-0.5463392,-0.6237262,-0.5503152,-0.59280854,-0.60392046,-0.53852546,-0.6456765,-0.6574937,-0.4994359,-0.4806431,-0.52398556,-0.5100048,-0.56969494,-0.4719123,-0.6536234,-0.44819456,-0.4781839,-0.63057065,-0.63879025,-0.43730947,-0.6827875,-0.5742136,-0.5555757,-0.6175648,-0.5953889,-0.5801414,-0.6485861,-0.5398747,-0.5726488,-0.5253591,-0.58792555,-0.5668925,-0.62704766,-0.63715774,-0.6594301,-0.5219996,-0.53238803,-0.59095865,-0.7403281,-0.5269072,-0.5183009,-0.5431993,-0.548917,-0.5423731,-0.5467044,-0.6400833,-0.62123406,-0.55705434,-0.4829519,-0.59948975,-0.5666628,-0.62268114,-0.53538394,-0.5341481,-0.60650706,-0.6610699,-0.5003136,-0.5294795,-0.6712561,-0.59609175,-0.48481998,-0.4796392,-0.5953276,-0.601173,-0.5057888,-0.47819474,-0.5310819,-0.44347295,-0.65340465,-0.42128897,-0.5846729,-0.5927096,-0.4778893,-0.50214803,-0.53580207,-0.6177433,-0.63430184,-0.5872873,-0.54569006,-0.4097594,-0.5601381,-0.53450334,-0.57546645,-0.657897,-0.4557627,-0.570147,-0.5894121,-0.53899425,-0.5200153,-0.4639545,-0.6922445,-0.5144807,-0.52104664,-0.55789506,-0.5505788,-0.58257943,-0.6187141,-0.62608814,-0.5533029,-0.5247064,-0.4728841,-0.5808633,-0.47339883,-0.6245624,-0.5625951,-0.6311662,-0.6796448,-0.5358381,-0.58694667,-0.53014326,-0.63293344,-0.48299184,-0.55925196,-0.48850748,-0.5045437,-0.52778274,-0.4740764,-0.47196665,-0.60174453,-0.5237487,-0.556738,-0.67092204,-0.49122435,-0.4150171,-0.51036155,-0.5702294,-0.54913765,-0.57288563,-0.4897387,-0.46991482,-0.53357214,-0.46116212,-0.6032632,-0.59865487,-0.6646818,-0.5522628,-0.51815087,-0.5843891,-0.6632782,-0.3736886,-0.5892575,-0.5111518,-0.510248,-0.54486656,-0.7132512,-0.61848885,-0.55848783,-0.64414686,-0.3609092,-0.5760571,-0.62404233,-0.60404044,-0.5191804,-0.60987014,-0.5166373,-0.4836606,-0.5669366,-0.5518016,-0.6419128,-0.5738434,-0.44770688,-0.4608703,-0.55326426,-0.6863614,-0.5470148,-0.5020686,-0.58354455,-0.5920739,-0.6445171,-0.60907143,-0.5981825,-0.5261383,-0.6514022,-0.34976146,-0.6499159,-0.53800446,-0.549655,-0.507003,-0.47305962,-0.53067267,-0.5330252,-0.44047156,-0.5522355,-0.46877706,-0.49997085,-0.4586837,-0.57912767,-0.5151401,-0.48608804,-0.6007422,-0.53917366,-0.5058341,-0.49630755,-0.559499,-0.48913586,-0.5758196,-0.53424937
1863,0.44205174,0.06380394,-0.50063944,-0.48919564,-0.41424727,-0.40379265,-0.36643508,-0.4003309,-0.43037903,-0.42731762,-0.3919467,-0.38783264,-0.47073445,-0.46488318,-0.5236603,-0.40084642,-0.30943906,-0.35673755,-0.2346528,-0.38935587,-0.41659203,-0.4145636,-0.40594834,-0.45358878,-0.3172675,-0.46419135,-0.5286519,-0.44093376,-0.44058207,-0.52121425,-0.45965138,-0.483159,-0.36891127,-0.3599609,-0.2678309,-0.5136399,-0.34437293,-0.43482533,-0.46942812,-0.36289418,-0.27114436,-0.40603685,-0.39722478,-0.55941755,-0.51767164,-0.34723186,-0.40381527,-0.30087245,-0.3409516,-0.34260154,-0.33717197,-0.56061625,-0.46089098,-0.348088,-0.29742086,-0.3764069,-0.40575573,-0.2449192,-0.3810487,-0.3513137,-0.39475536,-0.32027453,-0.34206328,-0.40758026,-0.40913424,-0.31567723,-0.32921663,-0.38597023,-0.35974857,-0.43049723,-0.23729683,-0.30376175,-0.42287207,-0.39476457,-0.25921074,-0.46990237,-0.3843045,-0.3916702,-0.39420342,-0.40092027,-0.3786616,-0.42818403,-0.28838345,-0.28633955,-0.31233335,-0.3929543,-0.32669604,-0.4966034,-0.46589848,-0.2850159,-0.4079518,-0.32568344,-0.4943542,-0.42199266,-0.4231746,-0.34299985,-0.37829527,-0.26211178,-0.5080523,-0.46999794,-0.41769734,-0.3315108,-0.3437971,-0.42618528,-0.3997389,-0.5414386,-0.350023,-0.31227744,-0.42582384,-0.39046326,-0.36758077,-0.32959503,-0.3247323,-0.41712996,-0.37201414,-0.46172225,-0.28871882,-0.36674666,-0.2016075,-0.49314788,-0.3958787,-0.39001557,-0.35110146,-0.24331427,-0.3769663,-0.4345601,-0.40323466,-0.43037942,-0.29803663,-0.3302371,-0.49571607,-0.46027535,-0.5480996,-0.42272586,-0.3078026,-0.20488164,-0.250953,-0.41400182,-0.5300547,-0.36900958,-0.2673749,-0.38614616,-0.39495552,-0.49391845,-0.34184003,-0.40275705,-0.2996278,-0.37043712,-0.34055012,-0.52360207,-0.38643762,-0.34328526,-0.46229142,-0.2857991,-0.366352,-0.47127765,-0.3790297,-0.35799983,-0.433673,-0.3182242,-0.3034051,-0.48750737,-0.30522138,-0.42665046,-0.30324718,-0.28532663,-0.4462615,-0.37884286,-0.46342692,-0.43988806,-0.3274935,-0.34599647,-0.38276458,-0.43243772,-0.4037569,-0.48855734,-0.3639029,-0.3443844,-0.36139897,-0.30435607,-0.38571194,-0.26470584,-0.52318275,-0.34588522,-0.25950995,-0.3227527,-0.3211315,-0.2313389,-0.39281416,-0.27247828,-0.34779248,-0.40384775,-0.28511766,-0.2834598,-0.5083974,-0.34020278,-0.27007914,-0.28342688,-0.47373277,-0.30593035,-0.34646404,-0.43099844
1864,0.44299486,0.0582032,-0.4783985,-0.3861623,-0.65298456,-0.58781713,-0.48890784,-0.5912283,-0.46089867,-0.55435246,-0.45876926,-0.50772524,-0.5493541,-0.54643506,-0.45622677,-0.44821784,-0.48774192,-0.5639037,-0.4007107,-0.58066905,-0.5449538,-0.46286228,-0.68853927,-0.6876345,-0.5259678,-0.6948208,-0.6043914,-0.6349128,-0.6044025,-0.5639372,-0.54812014,-0.52888876,-0.44991174,-0.5040412,-0.3096171,-0.55034393,-0.4577948,-0.5227263,-0.5402771,-0.5345146,-0.43749347,-0.38953534,-0.40101808,-0.5829116,-0.51629096,-0.51730436,-0.56545496,-0.46549156,-0.35299462,-0.54955125,-0.53149045,-0.50517625,-0.4818668,-0.5099818,-0.51717746,-0.49223673,-0.48205033,-0.41273448,-0.5247502,-0.52364594,-0.5435656,-0.4354522,-0.5134489,-0.59431785,-0.45459244,-0.36734605,-0.342379,-0.6258955,-0.4491533,-0.53515136,-0.406956,-0.4364038,-0.4718421,-0.5241691,-0.44892254,-0.58940446,-0.4471106,-0.4408896,-0.52483183,-0.54523164,-0.38966575,-0.5451203,-0.4853006,-0.4005906,-0.6090161,-0.34275553,-0.46646956,-0.5277315,-0.5678682,-0.38272157,-0.47067717,-0.53109604,-0.5882609,-0.5866833,-0.5150944,-0.45873284,-0.47776914,-0.42748713,-0.5253962,-0.5872433,-0.44826725,-0.5554343,-0.5865537,-0.5163952,-0.5870903,-0.5088516,-0.6167116,-0.42819712,-0.54779476,-0.5462321,-0.4971761,-0.577468,-0.5177394,-0.39337957,-0.36814433,-0.5246561,-0.5704042,-0.49951914,-0.39402795,-0.47385016,-0.4998149,-0.44447267,-0.38515902,-0.3880409,-0.4619666,-0.5760044,-0.5730251,-0.54956627,-0.42965597,-0.4183411,-0.53414696,-0.5554902,-0.45003963,-0.46643785,-0.45909938,-0.30169123,-0.46413356,-0.53966165,-0.5387696,-0.49817806,-0.5195952,-0.5703017,-0.4032493,-0.6520372,-0.39490116,-0.5129752,-0.501533,-0.4588693,-0.4333343,-0.48219764,-0.43247485,-0.5073094,-0.5255195,-0.32011962,-0.4518734,-0.6701563,-0.4709531,-0.4667699,-0.53852373,-0.46318612,-0.3467294,-0.5625225,-0.46050975,-0.51795775,-0.48245016,-0.34557325,-0.47994742,-0.39318278,-0.54393554,-0.50336856,-0.45678052,-0.5621094,-0.44266167,-0.5988732,-0.5250122,-0.54159,-0.45480368,-0.48548067,-0.41395363,-0.48926857,-0.5459778,-0.46952736,-0.48708957,-0.38337857,-0.533172,-0.5586904,-0.39782155,-0.5255674,-0.44329792,-0.31481716,-0.4888774,-0.46020964,-0.40199885,-0.4559892,-0.57434523,-0.5204671,-0.42681995,-0.43206444,-0.41292357,-0.46715507,-0.50383705,-0.4481331
1865,0.41624698,0.06443545,-0.53622556,-0.37609774,-0.42693847,-0.37052718,-0.25731727,-0.4964207,-0.44801378,-0.48734954,-0.26809868,-0.45744517,-0.41222483,-0.4236579,-0.4580348,-0.38225228,-0.37591678,-0.3863594,-0.2714602,-0.42248952,-0.43773764,-0.42510337,-0.5206953,-0.6123765,-0.31096822,-0.40351713,-0.34744266,-0.4578987,-0.56717473,-0.41356057,-0.49200606,-0.38432276,-0.4367366,-0.3884332,-0.2649928,-0.37327915,-0.37185284,-0.46213672,-0.45567495,-0.3596272,-0.28268534,-0.43025064,-0.39260533,-0.54677486,-0.38798714,-0.3187988,-0.48808444,-0.3957579,-0.419421,-0.328166,-0.49408582,-0.4929742,-0.4061101,-0.3456334,-0.47000307,-0.39815846,-0.4154934,-0.3174974,-0.33106953,-0.45957,-0.3410505,-0.30877236,-0.43149406,-0.39667216,-0.38985303,-0.48200607,-0.2268483,-0.45823625,-0.33487335,-0.44913933,-0.27753934,-0.33042806,-0.44098723,-0.43181428,-0.20742859,-0.44646367,-0.4145139,-0.2459166,-0.29733384,-0.44143143,-0.377364,-0.41607633,-0.31195295,-0.35590276,-0.41663954,-0.36640006,-0.3124859,-0.5575652,-0.46816057,-0.3572944,-0.44452116,-0.40341976,-0.48622963,-0.37133977,-0.22549608,-0.4384541,-0.46764854,-0.37092632,-0.50661445,-0.46704182,-0.39168605,-0.30885968,-0.5483729,-0.40432665,-0.47766295,-0.3219967,-0.45312247,-0.39891443,-0.4569878,-0.38140854,-0.39194873,-0.5615264,-0.40076807,-0.3552231,-0.32384962,-0.4429896,-0.3013651,-0.299864,-0.422459,-0.3828407,-0.3948384,-0.36349505,-0.407421,-0.24507505,-0.48896584,-0.38810262,-0.4916934,-0.39219752,-0.2906454,-0.3794146,-0.37110066,-0.4849598,-0.57197446,-0.5066204,-0.38640165,-0.45132077,-0.24500844,-0.45042807,-0.50984496,-0.4434372,-0.45470735,-0.41099438,-0.29966706,-0.5633843,-0.39076915,-0.4440825,-0.3402153,-0.31397396,-0.35778877,-0.41097564,-0.281686,-0.34299782,-0.35910562,-0.2074316,-0.28196716,-0.50663745,-0.35267717,-0.39482433,-0.420092,-0.31652236,-0.3343811,-0.48563603,-0.25442463,-0.41347036,-0.41960436,-0.2967238,-0.5521254,-0.29258233,-0.29948708,-0.34902725,-0.30573905,-0.35955676,-0.44520512,-0.41487393,-0.37910062,-0.4079688,-0.28547323,-0.38016024,-0.34477475,-0.3509392,-0.29754263,-0.41492024,-0.41261387,-0.2645947,-0.3837187,-0.39067972,-0.29398453,-0.2917786,-0.4180791,-0.24322042,-0.33005378,-0.44697955,-0.37816396,-0.44923005,-0.39663538,-0.39629632,-0.33974892,-0.36174744,-0.31447747,-0.3199142,-0.40090126,-0.4543509
1866,0.41900632,0.064904995,-0.54124767,-0.4205616,-0.42402467,-0.5332395,-0.3131147,-0.40803263,-0.32352033,-0.46240073,-0.30431572,-0.4694054,-0.49781984,-0.42007455,-0.3988494,-0.4414076,-0.47918656,-0.33722165,-0.21484287,-0.29426518,-0.54327893,-0.5090421,-0.541651,-0.52532417,-0.32492188,-0.5905751,-0.4775454,-0.3847297,-0.57123494,-0.509141,-0.42672437,-0.48828256,-0.35883495,-0.43856743,-0.2522245,-0.41723242,-0.42226368,-0.46078286,-0.4867732,-0.4111051,-0.3439481,-0.3996414,-0.39312288,-0.49256492,-0.37054652,-0.2552442,-0.48817238,-0.29817957,-0.35466635,-0.40464777,-0.48679188,-0.5088357,-0.38262343,-0.41631806,-0.44244897,-0.293892,-0.40388006,-0.28191236,-0.3922805,-0.27122328,-0.43639252,-0.26658228,-0.41363737,-0.40788072,-0.51703465,-0.3678344,-0.3316654,-0.43323037,-0.4172522,-0.40905023,-0.36656058,-0.4111568,-0.43018964,-0.45216745,-0.21883978,-0.51526016,-0.38047346,-0.29379812,-0.38918325,-0.44534662,-0.4697337,-0.38456494,-0.3128495,-0.31958392,-0.40767512,-0.3029195,-0.37474424,-0.38835016,-0.40022305,-0.24152337,-0.40542832,-0.4192085,-0.49495623,-0.4372911,-0.31622764,-0.4372575,-0.41087675,-0.29571065,-0.41764477,-0.4503029,-0.33920175,-0.3306648,-0.41752583,-0.46146974,-0.39559025,-0.3055024,-0.47088888,-0.4415553,-0.4283702,-0.41940382,-0.38719967,-0.47962135,-0.3528372,-0.433396,-0.210482,-0.37101382,-0.35000703,-0.4026535,-0.31353256,-0.41643494,-0.38530764,-0.29014158,-0.25092506,-0.27980655,-0.3392805,-0.4930483,-0.4997268,-0.5000681,-0.37682062,-0.40651634,-0.34222737,-0.45125413,-0.44403836,-0.32610512,-0.39696047,-0.44391382,-0.39070287,-0.40937492,-0.40068817,-0.4824941,-0.44697583,-0.3760687,-0.4524846,-0.55282605,-0.26398033,-0.41075435,-0.35982162,-0.45480752,-0.31449947,-0.50528777,-0.47970083,-0.38854814,-0.5168289,-0.22617127,-0.3931009,-0.5108093,-0.4270514,-0.33395606,-0.50495297,-0.34237674,-0.336866,-0.4794343,-0.34876242,-0.41627255,-0.48836237,-0.269988,-0.39208582,-0.41185188,-0.50892997,-0.36182895,-0.3809528,-0.33729303,-0.42364094,-0.46957302,-0.4147051,-0.43849042,-0.36806577,-0.3183167,-0.34656835,-0.40946898,-0.49819627,-0.42077652,-0.46812144,-0.24924049,-0.35970736,-0.396943,-0.30484688,-0.3641512,-0.35233027,-0.2824233,-0.31676573,-0.4208734,-0.45611927,-0.36312535,-0.4625405,-0.44068062,-0.40697885,-0.37686956,-0.4034044,-0.34630248,-0.40541744,-0.4220392
1867,0.42622584,0.0651391,-0.4082251,-0.37795964,-0.547865,-0.4929142,-0.21600683,-0.46480638,-0.38678885,-0.51696783,-0.39503658,-0.48228192,-0.4788675,-0.46805516,-0.41782084,-0.41093135,-0.39715523,-0.44083735,-0.2777923,-0.38239425,-0.35509634,-0.5021308,-0.53195524,-0.5793712,-0.2755351,-0.465515,-0.371236,-0.40573207,-0.51278496,-0.39444327,-0.4719485,-0.44086048,-0.3272236,-0.35899603,-0.23849638,-0.39042017,-0.3304559,-0.36717185,-0.537728,-0.40464893,-0.40918043,-0.3728687,-0.3695682,-0.43818662,-0.45005882,-0.5030028,-0.45986137,-0.41919035,-0.31001258,-0.45170888,-0.46006763,-0.38641462,-0.420789,-0.3708733,-0.45723867,-0.43192762,-0.39809218,-0.2817483,-0.4565112,-0.38586473,-0.41959915,-0.38293174,-0.44111753,-0.36490324,-0.470432,-0.37615708,-0.32016823,-0.41077438,-0.4906874,-0.4115333,-0.34647426,-0.33992612,-0.43642274,-0.3125029,-0.33475137,-0.5452497,-0.55404824,-0.3180657,-0.3861397,-0.5514281,-0.3923144,-0.41830084,-0.52343994,-0.36193886,-0.4499645,-0.39030337,-0.3794115,-0.47475532,-0.37061447,-0.337306,-0.44228554,-0.3080305,-0.4565898,-0.41056982,-0.36066288,-0.4621279,-0.297898,-0.24918243,-0.40028363,-0.44641668,-0.38699993,-0.52594066,-0.4260423,-0.37265283,-0.44181916,-0.37186894,-0.39720482,-0.26424706,-0.48271596,-0.48684078,-0.44649917,-0.58322334,-0.36734912,-0.3396853,-0.22018705,-0.4317734,-0.3527887,-0.42105135,-0.26217967,-0.3399015,-0.36611766,-0.32673126,-0.37404194,-0.29347843,-0.31443265,-0.42325318,-0.46304753,-0.43966776,-0.30020955,-0.2862477,-0.4208651,-0.48885566,-0.62424004,-0.47410795,-0.3570829,-0.29025885,-0.35652825,-0.34147522,-0.3874338,-0.46783668,-0.43331808,-0.39175957,-0.3548577,-0.40790033,-0.27482054,-0.48134223,-0.32549304,-0.38337728,-0.26510322,-0.4653871,-0.35020024,-0.32152596,-0.4270756,-0.2797566,-0.45772836,-0.44324046,-0.39161554,-0.40255705,-0.5226621,-0.3326472,-0.37125635,-0.5411345,-0.4240089,-0.47718146,-0.37528265,-0.26481494,-0.48228952,-0.35099912,-0.5072746,-0.5065815,-0.40518174,-0.42405602,-0.40397197,-0.52599454,-0.28491175,-0.4652461,-0.28835103,-0.28813154,-0.36137548,-0.43997407,-0.3567437,-0.34743604,-0.5556625,-0.2482749,-0.28210747,-0.29451156,-0.23171386,-0.27747777,-0.33924448,-0.36184573,-0.35427108,-0.50047725,-0.26811358,-0.36638576,-0.4303783,-0.40253222,-0.40380064,-0.29613993,-0.46670905,-0.3667491,-0.3841033,-0.5276358
1868,0.4895914,0.058554865,-0.49757943,-0.44240388,-0.5681683,-0.29737604,-0.34255064,-0.42426604,-0.5099953,-0.3367574,-0.25505078,-0.44788525,-0.37487218,-0.3360609,-0.36888024,-0.33716136,-0.361382,-0.29147407,-0.26542512,-0.35968462,-0.34049243,-0.36573628,-0.4760461,-0.6023246,-0.3870227,-0.48161155,-0.3459139,-0.3680305,-0.44159147,-0.4280105,-0.47258428,-0.33911675,-0.33902904,-0.38696563,-0.27200747,-0.33831885,-0.32958034,-0.31507206,-0.39760712,-0.34329394,-0.27058527,-0.40617126,-0.43075213,-0.44245327,-0.37234265,-0.31751812,-0.44987446,-0.3557431,-0.29229647,-0.34987226,-0.38015226,-0.44930807,-0.39517277,-0.3201957,-0.4344614,-0.26032022,-0.3540803,-0.28678504,-0.44595,-0.2973544,-0.36507687,-0.45670384,-0.29056925,-0.36246395,-0.38669166,-0.3087359,-0.23814811,-0.40407237,-0.19965537,-0.39280972,-0.2590396,-0.34873566,-0.38119414,-0.29171786,-0.29161227,-0.48507288,-0.39187586,-0.26567814,-0.31578466,-0.2662728,-0.30263212,-0.41555792,-0.28389695,-0.3442053,-0.43281034,-0.33025143,-0.3194635,-0.4569582,-0.4511851,-0.2895122,-0.39860904,-0.4433159,-0.44345477,-0.37588137,-0.35754916,-0.30044442,-0.3159468,-0.3276866,-0.415302,-0.35967138,-0.28449708,-0.36650947,-0.3641231,-0.30546594,-0.36621785,-0.38866374,-0.37083322,-0.31938478,-0.4974994,-0.38319904,-0.46779466,-0.41113046,-0.42082077,-0.28744665,-0.25390598,-0.3768722,-0.4716173,-0.46884587,-0.43443057,-0.30403614,-0.37053153,-0.2767899,-0.28114095,-0.20428331,-0.36534268,-0.36858118,-0.42378938,-0.37781328,-0.17895705,-0.3574901,-0.40663478,-0.4139235,-0.4072302,-0.35062802,-0.34839055,-0.29488704,-0.3522569,-0.39209032,-0.34321985,-0.4012546,-0.42588416,-0.3404671,-0.3418754,-0.44433847,-0.20847158,-0.388164,-0.29627198,-0.3238581,-0.28790015,-0.43448064,-0.4398802,-0.47987098,-0.4318843,-0.25135386,-0.3608359,-0.36608544,-0.37125504,-0.4163952,-0.42402467,-0.4187782,-0.2118409,-0.40291306,-0.282378,-0.3234198,-0.37203044,-0.3549646,-0.43444395,-0.33189353,-0.40456003,-0.40594125,-0.37178266,-0.32681075,-0.28781843,-0.5134459,-0.42379862,-0.36285716,-0.28398722,-0.36201248,-0.24884667,-0.40713835,-0.3403117,-0.40144607,-0.42179212,-0.2331924,-0.2808856,-0.4380184,-0.24610867,-0.22543824,-0.35951516,-0.232567,-0.3502233,-0.3713018,-0.28884327,-0.2539077,-0.42297128,-0.33017248,-0.3283577,-0.38522947,-0.487877,-0.30671164,-0.41281423,-0.5180153
1869,0.5416859,0.048617315,-0.4072781,-0.28410265,-0.33493805,-0.35644582,-0.28506032,-0.41446692,-0.3949268,-0.4361532,-0.2423101,-0.39264163,-0.3173555,-0.2730687,-0.25574678,-0.2676945,-0.34850857,-0.30074903,-0.2766983,-0.3954499,-0.381912,-0.30881757,-0.46150845,-0.3213869,-0.2803322,-0.4212253,-0.31109133,-0.26092163,-0.29391372,-0.38864154,-0.44844553,-0.39659455,-0.22695126,-0.35140693,-0.20073162,-0.3352944,-0.2302139,-0.3559421,-0.30141425,-0.3230784,-0.22657482,-0.32372373,-0.330862,-0.47467452,-0.3150153,-0.28512684,-0.42240962,-0.29874045,-0.28760064,-0.4360242,-0.42226425,-0.4525365,-0.23911484,-0.28770703,-0.29663697,-0.27757576,-0.41591442,-0.1698459,-0.2554027,-0.34709495,-0.31591535,-0.3767425,-0.3617076,-0.36480877,-0.37228516,-0.3334223,-0.21533221,-0.40828365,-0.36228958,-0.2980089,-0.21608683,-0.2933867,-0.25683907,-0.30460206,-0.16119993,-0.3958003,-0.40054858,-0.26448,-0.287413,-0.36227232,-0.21395347,-0.30142578,-0.35781673,-0.26206797,-0.37620312,-0.30272582,-0.3645691,-0.3608537,-0.41122642,-0.18509929,-0.32262462,-0.3988537,-0.33911726,-0.30498645,-0.31060603,-0.30118263,-0.2553392,-0.3564233,-0.32915086,-0.31464693,-0.42808437,-0.34807092,-0.35534468,-0.26696852,-0.28229374,-0.29814234,-0.33396056,-0.25874,-0.31933877,-0.34796363,-0.35974517,-0.34681046,-0.35508987,-0.3144719,-0.22160196,-0.30020002,-0.2827316,-0.31254032,-0.20227277,-0.36251786,-0.32364497,-0.26427728,-0.21676867,-0.24689433,-0.28611767,-0.2475359,-0.3313831,-0.3313089,-0.25621396,-0.28131345,-0.32751173,-0.38852888,-0.415961,-0.27619076,-0.3342279,-0.28334907,-0.2628087,-0.3402792,-0.38207594,-0.25084177,-0.35033578,-0.30324802,-0.32162654,-0.41867125,-0.13634437,-0.26130915,-0.37231213,-0.2312296,-0.24830307,-0.38288963,-0.3173633,-0.4146542,-0.38038132,-0.23252073,-0.26325127,-0.39694777,-0.25985673,-0.38395134,-0.3786913,-0.18160604,-0.26047647,-0.3975703,-0.30362493,-0.3997338,-0.34220397,-0.35478815,-0.25425333,-0.26706293,-0.28047925,-0.39911538,-0.35716075,-0.29449117,-0.39675763,-0.38884336,-0.3480564,-0.33963773,-0.23163866,-0.39318094,-0.29267746,-0.26250434,-0.30383795,-0.24669239,-0.37437904,-0.252299,-0.22909327,-0.18196064,-0.2279179,-0.3254742,-0.30085284,-0.22179615,-0.3607937,-0.33300796,-0.387462,-0.17362033,-0.40413243,-0.32772282,-0.24041638,-0.29071033,-0.33266476,-0.37665197,-0.36469984,-0.43580616
1870,0.5753401,0.041330058,-0.28680068,-0.41936442,-0.39887437,-0.34633324,-0.30245018,-0.44973528,-0.46541563,-0.36780888,-0.26543266,-0.48097923,-0.40602565,-0.37563333,-0.34282488,-0.31496465,-0.25648612,-0.32264027,-0.26983455,-0.38066393,-0.34263438,-0.35281616,-0.41386923,-0.44152275,-0.31863716,-0.36550465,-0.38042828,-0.28096083,-0.42215988,-0.33170485,-0.39517146,-0.30371982,-0.32032722,-0.4070593,-0.2562283,-0.32389787,-0.33066985,-0.33639437,-0.31694055,-0.32252517,-0.28601825,-0.32406795,-0.31673545,-0.41387457,-0.40194678,-0.28568205,-0.40589955,-0.2968446,-0.29762065,-0.42644182,-0.35318488,-0.45190677,-0.21248439,-0.26016444,-0.34495404,-0.28251195,-0.3838133,-0.19060265,-0.3029957,-0.28637755,-0.25044608,-0.31882274,-0.3299959,-0.35606042,-0.3127079,-0.18459393,-0.32069677,-0.39405987,-0.39945796,-0.33350947,-0.28431508,-0.32969958,-0.35123774,-0.33934882,-0.22987346,-0.41662872,-0.30060303,-0.3107706,-0.21518968,-0.3490797,-0.28309762,-0.35652643,-0.36085662,-0.33494258,-0.33254048,-0.27244347,-0.32891342,-0.3768815,-0.36247626,-0.2776828,-0.4106715,-0.42557678,-0.41948974,-0.31924582,-0.21540232,-0.33322123,-0.31793454,-0.32462022,-0.3979855,-0.38087386,-0.37504953,-0.33883184,-0.32739866,-0.4562184,-0.37634495,-0.28441578,-0.3634895,-0.24818853,-0.38445297,-0.2676749,-0.4443005,-0.39827892,-0.36945564,-0.31902286,-0.19811569,-0.23552802,-0.27984342,-0.33516252,-0.31192592,-0.24967974,-0.28961083,-0.27893984,-0.30024523,-0.26244333,-0.29843402,-0.4178897,-0.29781014,-0.3522465,-0.26898718,-0.31078428,-0.25425953,-0.3607662,-0.3669913,-0.30600834,-0.30267546,-0.31124717,-0.31600547,-0.35054505,-0.41784364,-0.30172443,-0.35314292,-0.42412788,-0.3190432,-0.40690783,-0.25019982,-0.318013,-0.35589513,-0.36391464,-0.20920664,-0.3271986,-0.4006528,-0.29468223,-0.38355896,-0.14792566,-0.26068032,-0.42443627,-0.30112076,-0.32158312,-0.28118938,-0.27457032,-0.29728508,-0.47229782,-0.33993685,-0.34624103,-0.40628204,-0.27723905,-0.35701597,-0.37681082,-0.23467162,-0.36373386,-0.336835,-0.29891804,-0.2652751,-0.4249798,-0.2726753,-0.38663033,-0.20897226,-0.4415339,-0.2516771,-0.22746322,-0.34270033,-0.2705653,-0.30614033,-0.23106156,-0.26214305,-0.23833933,-0.24106105,-0.26590657,-0.34997195,-0.2940421,-0.2964601,-0.30297017,-0.32370004,-0.24256174,-0.30815202,-0.35586512,-0.30507213,-0.29811886,-0.28332058,-0.25055206,-0.35269734,-0.40343678
1871,0.56983244,0.04149509,-0.43818614,-0.3282684,-0.40333068,-0.4183632,-0.3137767,-0.3817725,-0.36633223,-0.46475774,-0.33904952,-0.433777,-0.3772902,-0.41560486,-0.44396907,-0.3994788,-0.3119038,-0.42200837,-0.25198978,-0.35118717,-0.29525658,-0.38976544,-0.48515698,-0.44245908,-0.39387733,-0.4611395,-0.39132428,-0.37534338,-0.38832203,-0.40870157,-0.56803334,-0.41400135,-0.3247685,-0.29427472,-0.20117198,-0.37900004,-0.3481882,-0.40221456,-0.47557575,-0.3628496,-0.4329429,-0.37487495,-0.3585377,-0.42984045,-0.41251284,-0.3390253,-0.37697005,-0.35484418,-0.32215482,-0.36065996,-0.42646408,-0.43215486,-0.35724425,-0.3060602,-0.44020498,-0.36442018,-0.36826035,-0.30789933,-0.3196334,-0.4102821,-0.37062395,-0.29970527,-0.33772245,-0.48986292,-0.3846247,-0.31789503,-0.37824082,-0.44557425,-0.46418992,-0.40111488,-0.3220467,-0.39437523,-0.3415692,-0.37037474,-0.36069888,-0.37837172,-0.39997092,-0.35378167,-0.4446264,-0.47765404,-0.34531242,-0.47569895,-0.36785248,-0.31820807,-0.46420035,-0.33410877,-0.37774867,-0.52671343,-0.46262866,-0.30690005,-0.35259646,-0.40551445,-0.42646307,-0.38422364,-0.31234053,-0.45093527,-0.21321934,-0.32246026,-0.40955505,-0.35874096,-0.37230274,-0.3456433,-0.33357105,-0.3371547,-0.38480267,-0.3013672,-0.43627235,-0.34061125,-0.43089917,-0.30878782,-0.43069178,-0.50568134,-0.3703599,-0.3636318,-0.30576932,-0.3828313,-0.2564051,-0.32568744,-0.41954222,-0.40211937,-0.4344482,-0.3401277,-0.2580795,-0.25043824,-0.38916087,-0.37790293,-0.4422107,-0.47748038,-0.3571207,-0.37875843,-0.27898318,-0.4221275,-0.42146376,-0.41739678,-0.27970275,-0.31413725,-0.3350171,-0.3791281,-0.4924485,-0.32807305,-0.42062917,-0.45295236,-0.29046288,-0.44974095,-0.308108,-0.3222533,-0.37091917,-0.392521,-0.30749807,-0.4148709,-0.34626323,-0.39164692,-0.43299338,-0.22844613,-0.37307674,-0.449858,-0.36222458,-0.38962495,-0.40481573,-0.30648014,-0.30648783,-0.48362145,-0.42232496,-0.43392596,-0.38678673,-0.34336576,-0.4087808,-0.3713532,-0.40860763,-0.42491105,-0.36589298,-0.33871016,-0.3545957,-0.31532037,-0.21363068,-0.44452566,-0.36939213,-0.3942149,-0.32245806,-0.31864747,-0.4287898,-0.27903688,-0.3192761,-0.3253206,-0.40755016,-0.41010886,-0.18212184,-0.3232665,-0.34558696,-0.3094974,-0.36458215,-0.4382514,-0.37598068,-0.38088453,-0.4495487,-0.24761961,-0.29779923,-0.1732568,-0.3530868,-0.3381503,-0.41096327,-0.44678736
1872,0.61248136,0.039621156,-0.2799445,-0.27108625,-0.36915866,-0.33613634,-0.28503343,-0.37196827,-0.30781838,-0.4063081,-0.27979437,-0.3924643,-0.32547033,-0.2930428,-0.2364102,-0.38160506,-0.26981983,-0.259103,-0.17297712,-0.3010447,-0.37937292,-0.27848217,-0.35061812,-0.44926417,-0.34332445,-0.36556613,-0.33252627,-0.27116114,-0.33636272,-0.26179287,-0.41584733,-0.30628696,-0.2785657,-0.2866516,-0.28438392,-0.31939328,-0.29133996,-0.36776116,-0.35349563,-0.37483102,-0.2647839,-0.31896368,-0.23478171,-0.3756999,-0.26398358,-0.34038088,-0.2416037,-0.3040491,-0.22537553,-0.354023,-0.3269849,-0.3441375,-0.27669853,-0.25292203,-0.33515036,-0.33700064,-0.28935975,-0.29545757,-0.43067405,-0.35248607,-0.32717493,-0.30911595,-0.2728353,-0.34913337,-0.2879109,-0.22964635,-0.24353924,-0.45759696,-0.27148592,-0.25339067,-0.27542117,-0.32109478,-0.3112291,-0.33763412,-0.24666795,-0.40270963,-0.4412289,-0.22256014,-0.35595426,-0.3837965,-0.26271358,-0.30931452,-0.310609,-0.20632209,-0.3171772,-0.32333907,-0.2945003,-0.35088852,-0.35628012,-0.2743287,-0.35731643,-0.34663388,-0.29613802,-0.17177339,-0.34975004,-0.41647962,-0.39145485,-0.2962195,-0.29986355,-0.3213295,-0.3498485,-0.33510545,-0.2589349,-0.37414354,-0.2962725,-0.22914344,-0.35264137,-0.31571808,-0.3798662,-0.29742482,-0.36145273,-0.36396292,-0.32118788,-0.26655862,-0.22685224,-0.15990809,-0.3367276,-0.30812135,-0.28995335,-0.3736709,-0.39215475,-0.17134719,-0.23237628,-0.1987991,-0.3011194,-0.343928,-0.24469686,-0.3050774,-0.2596759,-0.29837543,-0.24874005,-0.37343425,-0.38011166,-0.33079442,-0.30108276,-0.25313377,-0.27607024,-0.27905676,-0.30603194,-0.28030944,-0.22640437,-0.32957208,-0.25337368,-0.40104783,-0.2773593,-0.2318594,-0.38967812,-0.2636013,-0.21573034,-0.30952594,-0.25802666,-0.32473144,-0.30568045,-0.16156545,-0.30358863,-0.36638027,-0.28930488,-0.36860353,-0.4023346,-0.32269102,-0.26107943,-0.38523296,-0.27924216,-0.33024997,-0.33199263,-0.26656944,-0.32450277,-0.35367364,-0.35716927,-0.33273003,-0.29619166,-0.34626168,-0.3552112,-0.32734263,-0.21273024,-0.31787282,-0.2958808,-0.32070407,-0.29670572,-0.30729556,-0.32845873,-0.30891243,-0.31008798,-0.27021587,-0.27282444,-0.2963021,-0.20926061,-0.28674084,-0.33333585,-0.26801407,-0.35918027,-0.3216375,-0.35445976,-0.34182993,-0.4027686,-0.26274154,-0.26793975,-0.19783144,-0.20661834,-0.30819407,-0.4075612,-0.3985354
1873,0.6389331,0.03462029,-0.3419306,-0.3543697,-0.44282293,-0.39996207,-0.29156634,-0.29214132,-0.28908145,-0.3948088,-0.38468704,-0.3438952,-0.26739803,-0.3201017,-0.36744767,-0.28543788,-0.34904647,-0.28744602,-0.3048039,-0.30666575,-0.3141071,-0.34670186,-0.3717913,-0.4657105,-0.28156856,-0.428699,-0.3134065,-0.33540082,-0.28861117,-0.28868786,-0.48625815,-0.34496737,-0.38118914,-0.32642525,-0.2678954,-0.2740309,-0.23096628,-0.3708653,-0.37619215,-0.3336685,-0.23488714,-0.29499117,-0.30857804,-0.38951814,-0.39112467,-0.31926036,-0.34883142,-0.24155663,-0.3301628,-0.3627828,-0.34011978,-0.3792714,-0.25751558,-0.28484753,-0.34558663,-0.3839025,-0.36384326,-0.32503003,-0.37029386,-0.37809438,-0.3756388,-0.30550563,-0.37029698,-0.32665196,-0.34300467,-0.26892698,-0.33387327,-0.42926723,-0.29805958,-0.2705062,-0.25244978,-0.2546619,-0.20926462,-0.38946745,-0.30413088,-0.40260687,-0.32881823,-0.31992963,-0.27236345,-0.3574633,-0.24454592,-0.36385685,-0.3487794,-0.23852108,-0.26822862,-0.3400129,-0.30039793,-0.4350295,-0.38032934,-0.35921523,-0.34604853,-0.29607376,-0.34475005,-0.25864497,-0.26103705,-0.3350562,-0.20954747,-0.25565237,-0.3073814,-0.3542238,-0.2789682,-0.2965249,-0.31952438,-0.27476794,-0.40294272,-0.23497795,-0.36218354,-0.27406698,-0.2440944,-0.24239089,-0.391095,-0.324338,-0.31299582,-0.2837161,-0.30180457,-0.27296907,-0.37944502,-0.27494264,-0.2825578,-0.3322087,-0.33326796,-0.29406273,-0.21003346,-0.21679641,-0.3512104,-0.28575343,-0.31924987,-0.34002978,-0.30653235,-0.30520982,-0.3463546,-0.35392374,-0.3352105,-0.313129,-0.3064338,-0.3346643,-0.26925722,-0.32864788,-0.3576047,-0.36092326,-0.27739438,-0.34390923,-0.28878698,-0.2684324,-0.2756264,-0.35240427,-0.22569773,-0.359647,-0.24454467,-0.40984273,-0.3054164,-0.34289545,-0.406049,-0.11980989,-0.28346926,-0.3651863,-0.33320355,-0.31312528,-0.3528057,-0.31269446,-0.29218462,-0.39527282,-0.314943,-0.33724573,-0.27402067,-0.30631316,-0.19115594,-0.372196,-0.4020085,-0.34819913,-0.27510288,-0.34640476,-0.39112017,-0.3723444,-0.25994596,-0.41076878,-0.38940805,-0.3261633,-0.2427825,-0.3186972,-0.32879195,-0.26942167,-0.33591467,-0.2525088,-0.19764562,-0.31648254,-0.2959402,-0.39843354,-0.3804831,-0.22115247,-0.3101674,-0.39766636,-0.3380627,-0.32235855,-0.40115097,-0.39926213,-0.39205152,-0.2157751,-0.25023887,-0.2813607,-0.3901025,-0.2774725
1874,0.628671,0.038078412,-0.38156676,-0.35832152,-0.4430331,-0.3793808,-0.36347106,-0.42097118,-0.35159206,-0.4932063,-0.4058611,-0.40663785,-0.34373432,-0.30517402,-0.39173526,-0.40311974,-0.44667065,-0.34507594,-0.28342244,-0.45421195,-0.36011443,-0.36998236,-0.45810565,-0.47401077,-0.35169932,-0.4936064,-0.34781212,-0.2883767,-0.35692096,-0.3864968,-0.44821703,-0.36883262,-0.32092854,-0.3677638,-0.35123745,-0.3698936,-0.3573554,-0.3761651,-0.46459147,-0.35996157,-0.3240222,-0.35671005,-0.37877062,-0.3609779,-0.38143593,-0.3642008,-0.48653683,-0.34147552,-0.31196508,-0.39190233,-0.3547093,-0.4060471,-0.38232365,-0.30361938,-0.4110465,-0.3120854,-0.47043326,-0.41088128,-0.2875266,-0.35413948,-0.39432868,-0.3284505,-0.40803245,-0.33526522,-0.34125715,-0.31093615,-0.329693,-0.35796544,-0.30006102,-0.4068709,-0.3354293,-0.39945233,-0.40684685,-0.40862486,-0.35269848,-0.4247728,-0.39568478,-0.24702668,-0.38257858,-0.41144088,-0.22506109,-0.4195274,-0.37312666,-0.38294372,-0.3760546,-0.4039905,-0.42289668,-0.4178698,-0.38827577,-0.30046192,-0.39731815,-0.37103027,-0.4056291,-0.36563203,-0.38576472,-0.37596908,-0.29206,-0.3379888,-0.47283503,-0.39630526,-0.2963083,-0.35928985,-0.37070382,-0.31692263,-0.35874665,-0.30550244,-0.4324083,-0.32445267,-0.4068457,-0.4159552,-0.41458404,-0.39587048,-0.43150073,-0.2940226,-0.316085,-0.2940922,-0.35886377,-0.35261312,-0.2899243,-0.3336974,-0.3353776,-0.37431923,-0.2744127,-0.25327915,-0.4250838,-0.30090418,-0.49092165,-0.40889764,-0.3050229,-0.38711447,-0.30343273,-0.37993345,-0.43039513,-0.39350837,-0.31192672,-0.34635192,-0.31420726,-0.38305715,-0.3611362,-0.3448348,-0.31916633,-0.36085698,-0.26567242,-0.40571755,-0.26649705,-0.36813617,-0.37501344,-0.3733642,-0.26036495,-0.3897942,-0.39856362,-0.44785148,-0.3901507,-0.18188623,-0.3644956,-0.4206295,-0.3107589,-0.47900328,-0.42561316,-0.34243983,-0.3433203,-0.4486068,-0.35460606,-0.35710156,-0.3972694,-0.33002323,-0.33122987,-0.3826208,-0.3775293,-0.436886,-0.36235425,-0.35035604,-0.33485636,-0.2932862,-0.38485888,-0.37055674,-0.22625408,-0.43474677,-0.28175044,-0.40603298,-0.42430508,-0.30802435,-0.40870738,-0.22470905,-0.37395495,-0.36844185,-0.27160585,-0.31857616,-0.29546076,-0.36009875,-0.2996465,-0.42137802,-0.3309328,-0.40536368,-0.3730623,-0.41288623,-0.34659562,-0.26412678,-0.3450117,-0.36048967,-0.374454,-0.4234638
1875,0.67161053,0.03550442,-0.35932174,-0.3807478,-0.43632424,-0.38412184,-0.2747907,-0.38616243,-0.29443648,-0.37748462,-0.2990273,-0.4340593,-0.49960655,-0.32796857,-0.41547456,-0.28061274,-0.3487698,-0.3168451,-0.29347464,-0.39771816,-0.3898721,-0.32322672,-0.39459583,-0.44937435,-0.41269448,-0.3675386,-0.3475312,-0.35768458,-0.4312145,-0.4324692,-0.40364745,-0.3994544,-0.35314873,-0.36124793,-0.29204246,-0.38813674,-0.3329423,-0.3703424,-0.4065296,-0.40353054,-0.28439283,-0.35673147,-0.3314346,-0.45699885,-0.4074722,-0.31516328,-0.50207615,-0.3090729,-0.40867752,-0.31692645,-0.48951524,-0.48928165,-0.3308946,-0.37968826,-0.4621015,-0.33117235,-0.4502159,-0.2952553,-0.35359934,-0.44764653,-0.41636738,-0.38312647,-0.4201403,-0.33758616,-0.38242543,-0.35222697,-0.33662733,-0.4580793,-0.34721664,-0.39713272,-0.27044374,-0.32597902,-0.35877782,-0.38014656,-0.33058795,-0.4516201,-0.4479283,-0.29196802,-0.46490493,-0.3642077,-0.40553993,-0.4102423,-0.37771627,-0.3500572,-0.42501983,-0.4465889,-0.4340616,-0.37074572,-0.42686626,-0.32471564,-0.3936905,-0.38356304,-0.3936698,-0.37977886,-0.29403472,-0.36191282,-0.3190577,-0.43312088,-0.38314807,-0.33727756,-0.3777166,-0.35527045,-0.36822435,-0.42786542,-0.42692167,-0.28612244,-0.3654185,-0.26711392,-0.42046487,-0.3549887,-0.39134997,-0.36972857,-0.36696386,-0.3426117,-0.23286276,-0.28872088,-0.40972948,-0.2923934,-0.32702473,-0.39894167,-0.4351085,-0.36402574,-0.3285057,-0.24386753,-0.29577515,-0.37947372,-0.36249167,-0.3883949,-0.21613038,-0.42211348,-0.29447198,-0.43425933,-0.43626195,-0.33907184,-0.3739379,-0.33202013,-0.35049054,-0.223575,-0.43793947,-0.34275544,-0.40901038,-0.38909966,-0.34464204,-0.4405448,-0.24855267,-0.33190003,-0.31720048,-0.36851206,-0.3230797,-0.3797599,-0.29137093,-0.38286307,-0.45407563,-0.16318358,-0.38549456,-0.34992182,-0.33020735,-0.41135123,-0.4190865,-0.34541625,-0.38939175,-0.46203968,-0.41091904,-0.39657515,-0.33850914,-0.37754408,-0.21114415,-0.38016593,-0.31676096,-0.43488076,-0.28704673,-0.31468174,-0.41423738,-0.34646487,-0.32466438,-0.49833775,-0.35048085,-0.4157608,-0.3087101,-0.36908412,-0.35175207,-0.37288108,-0.3972587,-0.25981796,-0.33627796,-0.3347375,-0.23949678,-0.36629772,-0.4197434,-0.33255318,-0.41383508,-0.37758765,-0.3722572,-0.35742462,-0.42689985,-0.4092898,-0.27890193,-0.22292681,-0.4215043,-0.31160343,-0.4187218,-0.41318178
1876,0.6518125,0.038439717,-0.41335344,-0.37318495,-0.37336773,-0.45041153,-0.35205975,-0.4936855,-0.42671052,-0.42727855,-0.38631275,-0.43868855,-0.3844869,-0.40404704,-0.40332907,-0.44288903,-0.4625733,-0.385192,-0.37890968,-0.49698696,-0.45398727,-0.3638596,-0.5303417,-0.4961453,-0.42081225,-0.57016176,-0.42222264,-0.44834286,-0.38995907,-0.48416427,-0.41713938,-0.41733086,-0.3373239,-0.45896554,-0.32606116,-0.38081208,-0.39920333,-0.45590883,-0.46328574,-0.42450985,-0.39144754,-0.39678225,-0.4721064,-0.46464467,-0.40626025,-0.3534123,-0.4360503,-0.33691242,-0.42041856,-0.35436997,-0.42867392,-0.5500507,-0.35301265,-0.47228265,-0.48289892,-0.46377298,-0.4003808,-0.42042568,-0.41857797,-0.40956157,-0.38413414,-0.34691808,-0.4297722,-0.4999723,-0.434738,-0.4432092,-0.43099242,-0.5297835,-0.41177413,-0.43986833,-0.41256166,-0.44269353,-0.34564638,-0.36437035,-0.35380384,-0.4994228,-0.5101472,-0.46886915,-0.41508877,-0.3888384,-0.33749956,-0.54567266,-0.3469024,-0.38601252,-0.4004472,-0.39130032,-0.3932489,-0.40062037,-0.45013508,-0.36639458,-0.4157898,-0.41629034,-0.38610432,-0.38962215,-0.42807353,-0.40090492,-0.34153154,-0.45002246,-0.42792076,-0.3004402,-0.39937487,-0.35891315,-0.37327322,-0.39521885,-0.4390165,-0.38390678,-0.37075013,-0.43618953,-0.5070318,-0.46033204,-0.38128847,-0.46483743,-0.39271918,-0.3660119,-0.31648886,-0.44333974,-0.41108668,-0.38636684,-0.3681257,-0.43897378,-0.34309715,-0.49658948,-0.29821023,-0.25802872,-0.41140577,-0.3168029,-0.45996186,-0.3467914,-0.30673403,-0.44230103,-0.45703644,-0.3706951,-0.43810153,-0.38226375,-0.3697526,-0.43685403,-0.41210878,-0.42372122,-0.44913328,-0.3964799,-0.42078057,-0.3608139,-0.40513682,-0.46412095,-0.3014791,-0.41143695,-0.43722013,-0.35453057,-0.30127785,-0.47057387,-0.4203008,-0.46550006,-0.4969037,-0.16916168,-0.41695008,-0.45425516,-0.3147639,-0.42752406,-0.44858462,-0.29920092,-0.3963003,-0.62239367,-0.36530444,-0.47069877,-0.46940005,-0.40287623,-0.40423286,-0.3408048,-0.41963813,-0.39273778,-0.37451166,-0.46393713,-0.5063343,-0.41203976,-0.4419265,-0.49987924,-0.32052153,-0.39354694,-0.40246105,-0.40689993,-0.39941394,-0.44793943,-0.43419105,-0.32840705,-0.36220363,-0.36729744,-0.27182004,-0.40799218,-0.42554325,-0.36185485,-0.4764154,-0.44660568,-0.37610617,-0.34725317,-0.47767577,-0.40519458,-0.40439564,-0.26901028,-0.49787787,-0.38272586,-0.46774042,-0.44174775
1877,0.65822405,0.03388979,-0.122176915,-0.097157024,-0.22532767,-0.10792014,-0.06853889,-0.14345084,-0.067585275,-0.13477728,-0.07347917,-0.07457792,-0.1583602,-0.050664473,-0.065109916,-0.13133514,-0.015031885,-0.138137,-0.0022429624,-0.106422946,-0.08463106,-0.05499803,-0.13469101,-0.16149879,-0.08895271,-0.15203261,-0.080060855,-0.06716628,-0.08028425,-0.094300225,-0.13067502,-0.06103604,-0.05463005,-0.11344329,-0.093297675,-0.048416067,-0.11651355,-0.19610836,-0.10703072,-0.08042656,-0.0478185,-0.14507776,-0.03087897,-0.09750804,-0.067996494,-0.066513754,-0.08584289,0.027258165,-0.030542195,-0.09106247,-0.14914201,-0.15920015,0.0040110447,-0.08741052,-0.1801276,-0.09289571,-0.029804902,-0.029863656,-0.052705634,-0.061705854,-0.07079189,-0.07736864,-0.05405773,0.015876515,-0.1170883,-0.08331922,0.022764046,-0.16852371,-0.03334668,-0.119172096,0.0068920166,0.025027703,-0.028874407,-0.16629319,-0.04568919,-0.13328652,-0.17276426,-0.08132413,-0.08299543,-0.049267583,-0.05254419,-0.14090848,-0.11097444,-0.08209908,-0.06676483,-0.1340495,-0.12987989,-0.1494283,-0.13012536,-0.038223535,-0.09978559,-0.055214357,-0.07101341,-0.10986187,-0.08498584,-0.036723077,-0.03420962,-0.09020329,-0.0759688,-0.08718118,-0.13055898,-0.041188434,-0.09806928,-0.073069096,-0.101817794,-0.038116217,-0.05174653,0.0037448457,-0.086802095,-0.117238246,-0.14183901,-0.18583837,-0.18134007,-0.07909379,0.0089783585,-0.10815195,0.020953935,-0.095495045,-0.021822939,-0.118526645,-0.09663866,-0.05363889,0.021912944,-0.07873442,-0.016117534,0.030037291,-0.10844156,-0.11443001,-0.008923683,-0.072882034,-0.15349792,-0.13094045,-0.21319458,-0.072479255,-0.048337486,-0.06441089,-0.085559174,-0.15810624,-0.1192358,-0.0003835086,-0.18227032,-0.16084711,-0.017001411,-0.1261588,-0.026191102,-0.079384215,-0.088616386,-0.07245756,0.052106578,-0.1585913,-0.09592211,-0.1030414,-0.11173337,0.107874885,-0.080934174,-0.20736118,-0.019464953,-0.10247905,-0.19247779,-0.07328475,-0.06596482,-0.15152535,-0.08441092,-0.07620642,-0.111433946,-0.0022130366,-0.025174834,-0.11284976,-0.04451901,-0.18311135,-0.060697224,-0.094172984,-0.14781849,-0.12056447,-0.011540933,-0.07027973,-0.04730211,-0.03192668,-0.03124078,-0.14701907,-0.084136635,-0.082571566,-0.045661956,0.03437934,-0.023781361,-0.057497334,-0.025060955,-0.035614125,-0.1155681,-0.08124267,-0.08268749,-0.04808298,-0.0736429,-0.048326463,-0.17616972,-0.12665674,-0.04398492,0.037677027,-0.08464293,-0.081417404,-0.12402157,-0.12584531
1878,0.6937636,0.033571642,0.031905122,-0.0018498976,-0.014850707,0.027321815,0.061427195,-0.0049014403,0.006833395,-0.046354048,0.030694885,-0.04733647,-0.0769259,-0.020721685,0.032491177,-0.047801185,-0.08435907,-0.06905878,0.13633776,-0.05955002,-0.05426074,0.009702714,-0.066956036,-0.016600255,0.09550036,-0.035713904,-0.0077507948,-0.010581595,0.0800967,-0.0022637406,-0.043146078,-0.0014842454,0.00018993832,-0.006370875,0.03280432,-0.016478123,0.071677,0.039118186,-0.045019664,-0.041153476,0.09969732,-0.052439954,-0.03177044,-0.08233696,0.0113606835,0.076232396,0.002530986,-0.053414937,0.045593105,-0.018006224,-0.0044750385,-0.03437708,0.055763893,0.03903955,-0.016736599,0.032371044,0.06273723,0.06569771,0.00058228406,0.0643256,-0.061545223,-0.06484173,0.018092323,-0.09365141,0.017305665,-0.04835773,0.073983654,-0.015996508,0.06542339,-0.029267287,0.062239364,0.08777892,0.03447116,0.036115594,0.1089685,-0.010762762,-0.026312465,0.043827903,0.005933045,0.025849907,0.09155971,-0.0016991674,0.11558027,0.030254966,0.005698585,0.03425524,0.012156396,-0.08133197,0.003031835,0.08340794,-0.0675225,-0.01980848,0.00031486244,0.077337414,0.094491415,-0.020231856,0.00042976203,-0.090807065,0.031550504,-0.030910581,0.059391223,-0.056170493,-0.07407458,0.05141704,0.0048511806,-0.056368187,0.05336091,-0.0361855,0.011906381,0.030485373,-0.045877438,0.001387565,0.0388377,0.04870493,0.018307831,0.02630985,0.0450241,0.00058107555,0.038604587,0.041287575,0.037274558,-0.008384337,0.12431873,0.117440596,-0.020483809,0.009721662,-0.048989847,0.0065358747,0.050817117,-0.025771653,0.09618401,-0.014691664,0.024659919,-0.0017520934,-0.0023244955,0.024863366,0.034511797,0.07606118,-0.025296902,0.03784936,-0.041624695,0.019957274,-0.006540958,-0.056356173,0.037318144,0.042724036,0.12574051,-0.004370388,0.1252099,0.0424151,0.06681948,-0.043214466,0.021926526,0.15603386,0.023826953,-0.0045706946,0.065730564,-0.008262929,-0.054590065,0.08105301,0.007863231,-0.08335283,-0.041876633,-0.048325125,-0.02380191,0.08504644,0.038169138,0.041980773,-0.047246985,-0.07296977,-0.044154406,0.020288453,-0.006294736,-0.08287041,-0.0127904,-0.092736274,0.07220726,0.026876967,0.07294817,-0.025822544,0.06087608,0.032293674,-0.056774754,0.074435085,0.15660374,-0.0064152344,0.12769388,0.026473137,0.020183126,-0.029930616,0.0060700467,-0.031532343,0.025561692,-0.0026253783,-0.01359523,0.024654336,0.05919074,0.029559929,-0.025606275,0.015509526,-0.013835445,-0.07667391
1879,0.7314613,0.032738835,-0.34370828,-0.33026114,-0.33627445,-0.27630082,-0.21877158,-0.3313173,-0.26812544,-0.37685424,-0.2234858,-0.28787926,-0.36747518,-0.20387113,-0.29342917,-0.29213324,-0.2929286,-0.19405611,-0.1980184,-0.29080683,-0.33070356,-0.22928183,-0.3612857,-0.29938808,-0.23090728,-0.410576,-0.2888007,-0.33915168,-0.3228996,-0.33462304,-0.32198814,-0.2860383,-0.2908972,-0.32907823,-0.15567493,-0.29879558,-0.3048545,-0.26201305,-0.33979228,-0.3482118,-0.26615804,-0.31480923,-0.2554782,-0.38538253,-0.2602475,-0.25926152,-0.28821227,-0.30333212,-0.26745132,-0.30273286,-0.35138866,-0.3488083,-0.30256227,-0.33984366,-0.3529682,-0.21240757,-0.28167087,-0.27608028,-0.27363572,-0.30725807,-0.38037196,-0.27396265,-0.21860602,-0.3497261,-0.37483,-0.22098877,-0.20802437,-0.31000215,-0.27117652,-0.4063023,-0.2694618,-0.24555139,-0.30771396,-0.30941814,-0.2516435,-0.40975198,-0.38865852,-0.26795945,-0.34159476,-0.26375058,-0.27575633,-0.3871752,-0.29381728,-0.2824651,-0.30878335,-0.24731672,-0.24402744,-0.2941818,-0.38777035,-0.16397744,-0.3189424,-0.31581002,-0.26655218,-0.32012835,-0.2694648,-0.2815543,-0.32469314,-0.26922533,-0.407394,-0.27029607,-0.24597536,-0.27691925,-0.31052494,-0.32959127,-0.269209,-0.24801959,-0.21570966,-0.18993174,-0.27030718,-0.27499628,-0.30578196,-0.3698397,-0.25355712,-0.19659118,-0.23341116,-0.29464805,-0.32636586,-0.26374102,-0.21520613,-0.31556743,-0.29515257,-0.36704376,-0.13614428,-0.16120249,-0.24925083,-0.17848928,-0.31419867,-0.33529982,-0.23263545,-0.23992428,-0.2690242,-0.29181394,-0.35114858,-0.2393204,-0.30075642,-0.334879,-0.29802486,-0.277036,-0.3202432,-0.30298147,-0.29679868,-0.3742007,-0.1697903,-0.40385702,-0.14203937,-0.28904638,-0.25829184,-0.2642441,-0.1975831,-0.29866686,-0.29643628,-0.31957114,-0.32088503,-0.11598678,-0.25753316,-0.31971234,-0.21010838,-0.23874642,-0.38005966,-0.18301417,-0.2480736,-0.44956258,-0.32071936,-0.30238003,-0.3603441,-0.2886749,-0.2560297,-0.31037584,-0.2948807,-0.33629248,-0.25695708,-0.29185855,-0.27979216,-0.3327854,-0.31891772,-0.30245137,-0.17062865,-0.35757896,-0.24871314,-0.33065718,-0.21830876,-0.3105003,-0.279933,-0.29824767,-0.32112843,-0.3264566,-0.16945831,-0.26945856,-0.19772571,-0.28324968,-0.21972255,-0.2752246,-0.2673046,-0.27140293,-0.40288785,-0.36683664,-0.21739021,-0.27906072,-0.3534811,-0.30066338,-0.35613757,-0.3086504
1880,0.7286522,0.03323681,-0.36726207,-0.33999678,-0.3427913,-0.34175727,-0.25876155,-0.27200058,-0.2951588,-0.37252644,-0.3330412,-0.34618744,-0.29336137,-0.2734407,-0.25115612,-0.26232252,-0.3153421,-0.27205834,-0.24913056,-0.42848718,-0.31776354,-0.30502415,-0.33151042,-0.34264934,-0.22561315,-0.29955208,-0.33846197,-0.26023346,-0.23922236,-0.35778102,-0.328238,-0.25264382,-0.30802226,-0.27755883,-0.23985954,-0.28864476,-0.32866144,-0.34482938,-0.37499496,-0.37754503,-0.24456726,-0.24816358,-0.22964688,-0.329997,-0.31523338,-0.2915899,-0.3216648,-0.26658008,-0.28780547,-0.37407324,-0.34218565,-0.27014425,-0.22593406,-0.359332,-0.40007284,-0.32786262,-0.34337443,-0.2392742,-0.3562542,-0.3281412,-0.32720053,-0.33156556,-0.3743622,-0.35094136,-0.3201027,-0.24937768,-0.22012714,-0.3452261,-0.3147916,-0.29543263,-0.2889436,-0.23375033,-0.29028347,-0.2789886,-0.30031505,-0.37295508,-0.41256005,-0.32139045,-0.26002753,-0.31040224,-0.32203445,-0.36325118,-0.29440594,-0.30843994,-0.31175953,-0.313643,-0.31882638,-0.3701284,-0.28947616,-0.25144985,-0.24698935,-0.36607233,-0.33753613,-0.29626808,-0.29203066,-0.285647,-0.2654392,-0.37540343,-0.31020162,-0.3422112,-0.26504987,-0.33767775,-0.3374288,-0.29068184,-0.36563048,-0.25725052,-0.32369912,-0.31462646,-0.28882107,-0.30744335,-0.31235293,-0.33347237,-0.2939451,-0.25108877,-0.250718,-0.2994381,-0.23759979,-0.2734739,-0.28522757,-0.2693192,-0.22956972,-0.34420738,-0.147292,-0.2630778,-0.32059526,-0.34549743,-0.34888107,-0.22287536,-0.2934637,-0.23942736,-0.31426737,-0.3074486,-0.43532646,-0.31190437,-0.25537995,-0.33909422,-0.38393605,-0.30242443,-0.33990428,-0.2584549,-0.25558335,-0.26319176,-0.32877868,-0.37893602,-0.22050945,-0.33627012,-0.27802628,-0.24069251,-0.25175685,-0.3163266,-0.32643002,-0.313081,-0.3549241,-0.07404866,-0.2724888,-0.37625876,-0.24244891,-0.3050481,-0.41979122,-0.23966853,-0.27299222,-0.40692407,-0.3381553,-0.31020236,-0.33982173,-0.2881643,-0.308465,-0.26726374,-0.4085288,-0.33172652,-0.29267806,-0.34678456,-0.34220615,-0.36214224,-0.27090135,-0.3170751,-0.26515436,-0.367706,-0.33616588,-0.34408516,-0.39739615,-0.2141959,-0.33406767,-0.14793089,-0.26105294,-0.34068075,-0.20853692,-0.26201436,-0.3196194,-0.25995174,-0.2231045,-0.24919085,-0.32909235,-0.25332904,-0.27569506,-0.38946947,-0.20761104,-0.24720378,-0.30572292,-0.2921905,-0.321552,-0.2702904
1881,0.7639967,0.03314624,-0.15982327,-0.12167785,-0.28274244,-0.20966455,-0.158886,-0.26753125,-0.20535558,-0.3463018,-0.21090706,-0.18610218,-0.19541411,-0.16624741,-0.21692275,-0.23732059,-0.17241044,-0.22252856,-0.15174855,-0.2686015,-0.13308379,-0.18103391,-0.29058206,-0.30398065,-0.26079082,-0.3451697,-0.27595985,-0.19286814,-0.18917176,-0.23748147,-0.19339071,-0.18079552,-0.1635056,-0.14326908,-0.0978951,-0.19212846,-0.11789997,-0.25157854,-0.21019223,-0.18173657,-0.12228165,-0.19586816,-0.23822895,-0.27316493,-0.19128324,-0.20753871,-0.2825694,-0.1918171,-0.16010843,-0.20444602,-0.28693315,-0.27382648,-0.21109699,-0.24917904,-0.2973297,-0.2357239,-0.2011047,-0.19047569,-0.22056612,-0.25335273,-0.26478264,-0.2322518,-0.22116746,-0.30709645,-0.28640628,-0.16769457,-0.1657485,-0.25086853,-0.1598384,-0.20775206,-0.1669161,-0.17525427,-0.14816025,-0.19286329,-0.17291074,-0.2558681,-0.19925368,-0.25051278,-0.23332533,-0.25158927,-0.22819933,-0.33062363,-0.2361535,-0.19598219,-0.2377986,-0.20840502,-0.2417325,-0.27392802,-0.30508932,-0.19859698,-0.25734773,-0.31111887,-0.20765883,-0.23378539,-0.17403828,-0.13671567,-0.1852627,-0.28341678,-0.23218055,-0.1781681,-0.1234598,-0.26550066,-0.25542378,-0.22894484,-0.23703082,-0.18376267,-0.2431855,-0.12550431,-0.26250303,-0.21961915,-0.21491207,-0.19516185,-0.1649921,-0.16974108,-0.23244536,-0.19027121,-0.1884668,-0.12522916,-0.12384596,-0.20521405,-0.26739264,-0.17197804,-0.19944364,-0.16434947,-0.18579563,-0.25728288,-0.31036314,-0.13668412,-0.1330684,-0.1419948,-0.18678775,-0.254635,-0.31733313,-0.1951532,-0.18156208,-0.17626517,-0.19262032,-0.14760998,-0.24847688,-0.23611858,-0.23015659,-0.20619382,-0.21018782,-0.3406464,-0.06939106,-0.24394941,-0.13286944,-0.19973123,-0.14453371,-0.25514758,-0.27180782,-0.21870008,-0.26125485,-0.097084545,-0.19908012,-0.3312855,-0.22593474,-0.1721407,-0.31188026,-0.14576325,-0.21206632,-0.27694544,-0.21376169,-0.2703596,-0.29155558,-0.15576704,-0.17105559,-0.13008328,-0.19200467,-0.2724227,-0.2142804,-0.16047093,-0.26889965,-0.22475721,-0.23596492,-0.21087931,-0.20668045,-0.16107503,-0.12435106,-0.23648663,-0.20097788,-0.2062863,-0.26949355,-0.18961796,-0.09585067,-0.21876542,-0.15202722,-0.12636183,-0.19230208,-0.17374937,-0.23473816,-0.24679397,-0.18237653,-0.23535767,-0.29934245,-0.29602385,-0.14555433,-0.19285014,-0.27627707,-0.19830607,-0.23639631,-0.29901853
1882,0.79296464,0.029363018,-0.27164704,-0.23273253,-0.33635858,-0.28662544,-0.20909867,-0.3708794,-0.23168303,-0.34101766,-0.27818823,-0.35574114,-0.30879653,-0.176486,-0.22280893,-0.29326853,-0.3198873,-0.28493,-0.13266821,-0.31427497,-0.31726786,-0.24745817,-0.31063104,-0.36245474,-0.22679105,-0.39242604,-0.21687244,-0.3231787,-0.30392915,-0.27167276,-0.3819695,-0.32253394,-0.24888399,-0.31028756,-0.29386798,-0.25796887,-0.20949091,-0.31638202,-0.3432769,-0.26653636,-0.2563787,-0.2776287,-0.25043443,-0.35439056,-0.32776126,-0.23100945,-0.30683032,-0.24743208,-0.28160977,-0.28224602,-0.33970797,-0.34143212,-0.1439257,-0.28858772,-0.3232379,-0.35237285,-0.20680183,-0.25921845,-0.23929638,-0.32496703,-0.24418744,-0.31825918,-0.26066625,-0.29215708,-0.33236435,-0.23825397,-0.24040847,-0.37099615,-0.28316635,-0.22940475,-0.2483399,-0.2110774,-0.23125422,-0.27086118,-0.25996205,-0.32609266,-0.31627962,-0.28119275,-0.31490266,-0.31187308,-0.22377576,-0.37679365,-0.18318085,-0.22920215,-0.27384827,-0.2808188,-0.22926085,-0.3674833,-0.28809035,-0.26849338,-0.34253794,-0.34769824,-0.29005423,-0.2781907,-0.1944017,-0.2988833,-0.331712,-0.27290773,-0.31573913,-0.21208088,-0.31305933,-0.29795653,-0.22564851,-0.28859267,-0.30995375,-0.14211957,-0.26786822,-0.22832863,-0.31448165,-0.28658885,-0.32953748,-0.2889774,-0.2653528,-0.20375776,-0.14416035,-0.28894833,-0.19091684,-0.22880055,-0.2640406,-0.34883004,-0.30868593,-0.30950093,-0.22401315,-0.16231234,-0.23764755,-0.2757664,-0.2585245,-0.2677153,-0.17670818,-0.21914561,-0.2439206,-0.2409316,-0.40362555,-0.21287796,-0.2939925,-0.28046086,-0.26093858,-0.27175876,-0.33771777,-0.24088636,-0.23922962,-0.22876814,-0.124156915,-0.24263354,-0.16406956,-0.21584971,-0.21294706,-0.27378127,-0.14140545,-0.24603559,-0.30416486,-0.2878562,-0.3260731,-0.19292957,-0.26922768,-0.32851171,-0.31053674,-0.28037515,-0.3993197,-0.16484953,-0.2184045,-0.39266777,-0.22043361,-0.28056777,-0.2784908,-0.27061266,-0.2600817,-0.26719823,-0.35094318,-0.30461487,-0.27510968,-0.28841954,-0.2799725,-0.32334256,-0.14124705,-0.31520036,-0.33474845,-0.24545981,-0.26335254,-0.24364704,-0.3139136,-0.2672704,-0.2687011,-0.12290413,-0.20631799,-0.2834565,-0.18286891,-0.19478713,-0.36103797,-0.25087386,-0.30341026,-0.25792047,-0.27711478,-0.26585847,-0.26441962,-0.2842906,-0.23017095,-0.24165894,-0.30682775,-0.20735222,-0.34308544,-0.3119545
1883,0.8143803,0.02764862,-0.3114191,-0.37616736,-0.3782729,-0.30971286,-0.32488176,-0.35278878,-0.28212005,-0.3755154,-0.39564487,-0.3909769,-0.33438152,-0.33529204,-0.4085968,-0.25315988,-0.3866444,-0.39976633,-0.2331752,-0.30518502,-0.31832877,-0.25845537,-0.43970862,-0.40956196,-0.32150492,-0.37150365,-0.3975681,-0.29864097,-0.36000812,-0.3708575,-0.32295102,-0.31223375,-0.27120435,-0.3789144,-0.2599747,-0.2943594,-0.31139722,-0.37709525,-0.43385014,-0.30249038,-0.30232453,-0.30680218,-0.28384602,-0.38795838,-0.32406658,-0.3020663,-0.3893348,-0.23393025,-0.27702153,-0.3922686,-0.41841444,-0.41805062,-0.34240615,-0.3341915,-0.3202173,-0.38140985,-0.37004122,-0.29300866,-0.330618,-0.3368353,-0.30273414,-0.33601913,-0.32816312,-0.36318156,-0.3421773,-0.28070748,-0.31379062,-0.36220464,-0.33431754,-0.31304628,-0.34874374,-0.23430261,-0.2857649,-0.33807147,-0.34005645,-0.40140933,-0.40318638,-0.3184078,-0.30734447,-0.32388034,-0.31967887,-0.36113262,-0.33287486,-0.3248847,-0.39299577,-0.31641272,-0.29290885,-0.4058039,-0.32851616,-0.21693486,-0.34197745,-0.37984452,-0.32634762,-0.3162096,-0.30778536,-0.34213504,-0.3113828,-0.32281616,-0.39815682,-0.3284047,-0.3432061,-0.3808422,-0.3782444,-0.31496456,-0.3371203,-0.3316248,-0.26569647,-0.28045246,-0.41511986,-0.35270575,-0.39146984,-0.38499397,-0.36294845,-0.23243193,-0.24770899,-0.30604717,-0.31064272,-0.32909232,-0.314494,-0.34636718,-0.2914137,-0.28623906,-0.188938,-0.31256944,-0.37469092,-0.3152534,-0.36706054,-0.36314332,-0.29323605,-0.34997195,-0.34653926,-0.36125675,-0.4167404,-0.29672563,-0.27485234,-0.2774303,-0.36517897,-0.2869995,-0.34248072,-0.37822703,-0.32027593,-0.33588764,-0.2909559,-0.395469,-0.17980598,-0.34637126,-0.19649431,-0.31177452,-0.22185582,-0.32845914,-0.26891223,-0.3196401,-0.38049722,-0.27444306,-0.34711525,-0.3163364,-0.25431705,-0.34569526,-0.3300131,-0.2750914,-0.3131003,-0.3709526,-0.27066597,-0.34751466,-0.36938933,-0.3185517,-0.30380112,-0.37488008,-0.31244177,-0.31309208,-0.2998204,-0.36626706,-0.34977305,-0.32785064,-0.32248595,-0.37827525,-0.2632629,-0.3663631,-0.25008336,-0.35688165,-0.32944,-0.35962015,-0.25177607,-0.23494336,-0.30015704,-0.27410352,-0.28494096,-0.25990513,-0.29734364,-0.32858056,-0.37379193,-0.27394685,-0.26397166,-0.323449,-0.38536957,-0.3464427,-0.26499104,-0.23168772,-0.35415897,-0.2911818,-0.45347062,-0.3443294
1884,0.8349764,0.028481731,-0.42828134,-0.43660694,-0.4455786,-0.43930328,-0.45065016,-0.5222804,-0.37980458,-0.4639253,-0.416066,-0.46179143,-0.46088865,-0.4779892,-0.54462224,-0.4411427,-0.51066655,-0.48272675,-0.34521452,-0.5526206,-0.4491746,-0.40428898,-0.49556383,-0.53225464,-0.46068797,-0.60602343,-0.5260515,-0.46883297,-0.4551599,-0.46255663,-0.47801176,-0.5317561,-0.4829857,-0.49608037,-0.47249696,-0.500204,-0.40290022,-0.4481342,-0.48863167,-0.49755374,-0.3497943,-0.41061708,-0.50051975,-0.5135303,-0.39606094,-0.38887084,-0.53784937,-0.475422,-0.44623867,-0.5312013,-0.50138444,-0.44818935,-0.43271357,-0.5316819,-0.5718508,-0.48673907,-0.4985225,-0.47875234,-0.55058163,-0.4969809,-0.4458886,-0.46407217,-0.4602414,-0.54081494,-0.46167293,-0.45637786,-0.40911508,-0.5191582,-0.43293944,-0.51387763,-0.464367,-0.45069677,-0.47607708,-0.4573974,-0.45398697,-0.5209611,-0.45117584,-0.5068874,-0.5022562,-0.44321698,-0.483804,-0.53424007,-0.45646387,-0.45540765,-0.47889328,-0.46444228,-0.49359322,-0.5511825,-0.47583747,-0.41442114,-0.47650746,-0.46644002,-0.5311977,-0.5375849,-0.4703786,-0.51317364,-0.4142567,-0.47314894,-0.50372005,-0.56674635,-0.5205935,-0.4987877,-0.44185293,-0.46608797,-0.52051497,-0.45237294,-0.46627834,-0.38343096,-0.5047671,-0.50420445,-0.43637642,-0.57512814,-0.4600763,-0.42544824,-0.41039303,-0.50614357,-0.46774033,-0.42369962,-0.41074368,-0.43514612,-0.47151488,-0.48756465,-0.38705617,-0.42204154,-0.46626636,-0.5036553,-0.59502697,-0.43806416,-0.39150155,-0.4735125,-0.49862635,-0.49805883,-0.49989015,-0.41214535,-0.48432747,-0.39762402,-0.48878708,-0.4699374,-0.5197367,-0.49812973,-0.4816812,-0.46696562,-0.44593266,-0.54398423,-0.36536926,-0.4992657,-0.4383845,-0.50095797,-0.3699344,-0.53063387,-0.45317477,-0.4767987,-0.48857808,-0.3725888,-0.4626299,-0.54800934,-0.49157107,-0.5561072,-0.49943084,-0.44782013,-0.39686498,-0.52288014,-0.49317446,-0.4699382,-0.5775229,-0.48989198,-0.45503718,-0.5267687,-0.47436756,-0.49718237,-0.4912158,-0.48398665,-0.46296012,-0.55158776,-0.47872934,-0.55210406,-0.41344774,-0.49367058,-0.38823366,-0.50597,-0.5178715,-0.47038978,-0.50786906,-0.4295534,-0.41601261,-0.5177888,-0.42777622,-0.48951748,-0.528069,-0.49397174,-0.45622432,-0.45730025,-0.39833298,-0.47407043,-0.42942083,-0.53555053,-0.4092022,-0.4559103,-0.50306386,-0.43280664,-0.5065145,-0.4943757
1885,0.8513186,0.02755062,-0.4363084,-0.41254723,-0.4254214,-0.4018694,-0.39619303,-0.4546164,-0.40539336,-0.47372967,-0.38922805,-0.44408628,-0.5393962,-0.33792692,-0.47075754,-0.43513113,-0.46405545,-0.46347177,-0.40266332,-0.557517,-0.4240218,-0.43074083,-0.44114769,-0.51410246,-0.42443717,-0.49213085,-0.49976388,-0.40029165,-0.47392786,-0.44812962,-0.49562374,-0.4340098,-0.4462793,-0.4669335,-0.47376326,-0.44099388,-0.41902506,-0.4309703,-0.50850147,-0.5048049,-0.41830474,-0.44411346,-0.4673764,-0.53164244,-0.43585262,-0.39471668,-0.55784756,-0.4959666,-0.4120258,-0.4621136,-0.5058374,-0.44517788,-0.43968704,-0.44768184,-0.5726076,-0.517856,-0.5141049,-0.48335835,-0.49439868,-0.4632024,-0.49511927,-0.49877223,-0.44906858,-0.4845233,-0.47605684,-0.38450348,-0.40877932,-0.5277467,-0.4736291,-0.4773172,-0.48798162,-0.47025964,-0.418384,-0.4401772,-0.41696063,-0.54366755,-0.50034434,-0.49305648,-0.48300934,-0.4598276,-0.39557403,-0.5916089,-0.44122103,-0.4256258,-0.52832663,-0.41439733,-0.49313247,-0.5175809,-0.43225217,-0.40227625,-0.40108123,-0.5033124,-0.4780061,-0.4481152,-0.45970613,-0.49474403,-0.5031859,-0.43995795,-0.50736344,-0.47023198,-0.4904478,-0.5013087,-0.48563507,-0.47371903,-0.42501754,-0.43994904,-0.44736505,-0.47731254,-0.49010986,-0.5214914,-0.45486602,-0.51435107,-0.45449352,-0.3778314,-0.36296108,-0.43234903,-0.44037774,-0.4312437,-0.44978288,-0.38733742,-0.38298258,-0.4344711,-0.38557607,-0.38908604,-0.40965042,-0.4981184,-0.5009315,-0.48170874,-0.37286147,-0.45455793,-0.48707977,-0.5583128,-0.4975829,-0.44406626,-0.42318857,-0.48954186,-0.4997233,-0.4075429,-0.3604173,-0.43030706,-0.46466714,-0.34815884,-0.42896014,-0.48324662,-0.3267202,-0.48550537,-0.37432954,-0.42419657,-0.30983064,-0.42399332,-0.44257027,-0.4485046,-0.4538249,-0.39348373,-0.4537966,-0.53621286,-0.42082193,-0.44779408,-0.5387662,-0.42691407,-0.49515495,-0.54652923,-0.42540523,-0.4730159,-0.48961732,-0.49788973,-0.46743852,-0.43109885,-0.4480943,-0.46518254,-0.47118554,-0.4856111,-0.5356587,-0.5837856,-0.41141462,-0.5041854,-0.4447277,-0.49442816,-0.438785,-0.5116759,-0.40919593,-0.44200575,-0.5024741,-0.44548482,-0.43413562,-0.4871519,-0.3475664,-0.5148655,-0.45599037,-0.4448714,-0.44138545,-0.4015614,-0.48369935,-0.46661618,-0.50151074,-0.46455568,-0.44152308,-0.42689866,-0.49628586,-0.4796214,-0.49407068,-0.50549066
1886,0.86607903,0.026229545,-0.44029158,-0.4185926,-0.38088295,-0.3789383,-0.39173195,-0.404353,-0.37532493,-0.4385376,-0.43344086,-0.48514882,-0.4800468,-0.4077751,-0.4231773,-0.44612077,-0.4055935,-0.39139324,-0.342215,-0.39442122,-0.38831422,-0.42036954,-0.4109034,-0.4247754,-0.44942883,-0.4456493,-0.3953021,-0.34130466,-0.43929017,-0.40071237,-0.4160571,-0.36111692,-0.39245087,-0.4159416,-0.3793264,-0.377801,-0.41428578,-0.4495944,-0.50362366,-0.42276594,-0.42146376,-0.37098965,-0.3505287,-0.4817417,-0.49917474,-0.3492944,-0.4785172,-0.4299065,-0.3855965,-0.43426076,-0.52042466,-0.4185318,-0.35947305,-0.45791915,-0.4779651,-0.41855782,-0.40538573,-0.42845762,-0.45088127,-0.447827,-0.42921722,-0.3943504,-0.37798598,-0.48089388,-0.36694402,-0.31002194,-0.3411366,-0.46772024,-0.4478389,-0.41810676,-0.348292,-0.35512197,-0.39701533,-0.4009024,-0.35946557,-0.49844775,-0.3795892,-0.46536663,-0.42858088,-0.42306376,-0.3521762,-0.50542814,-0.36557445,-0.3563561,-0.41739723,-0.39752,-0.43238208,-0.48587298,-0.50945103,-0.35134077,-0.451714,-0.39781138,-0.4355392,-0.3803776,-0.4440729,-0.41177022,-0.43014446,-0.4979925,-0.49205774,-0.44011357,-0.39922562,-0.423704,-0.37222227,-0.37631723,-0.43057212,-0.34655514,-0.34217808,-0.400054,-0.46812364,-0.4219862,-0.35034025,-0.44770718,-0.38449076,-0.30928338,-0.30112228,-0.39719665,-0.29069653,-0.33531162,-0.40954295,-0.36117926,-0.3929594,-0.36814922,-0.33757544,-0.36101812,-0.42424634,-0.36486235,-0.41369757,-0.3739187,-0.34749705,-0.37753916,-0.4167382,-0.40591854,-0.44089028,-0.4076994,-0.36355618,-0.375173,-0.38842174,-0.34253103,-0.36857483,-0.39596212,-0.46802622,-0.3944108,-0.4253803,-0.42361382,-0.3028287,-0.3452915,-0.40038148,-0.44103774,-0.33449632,-0.4291801,-0.38644007,-0.40551984,-0.43550083,-0.3296913,-0.34633625,-0.4633144,-0.3869855,-0.4331067,-0.4817165,-0.3915419,-0.4166384,-0.5387346,-0.36396036,-0.4305106,-0.46993405,-0.40691566,-0.36833712,-0.39521435,-0.41274017,-0.41985133,-0.3783455,-0.42332262,-0.43674982,-0.4713413,-0.4196811,-0.4600955,-0.39216745,-0.49306804,-0.4151494,-0.44514978,-0.4197195,-0.41937461,-0.44317132,-0.3199765,-0.37867227,-0.41721243,-0.3291888,-0.39413077,-0.45738184,-0.38919064,-0.39059076,-0.43141204,-0.3458362,-0.40249392,-0.44505933,-0.4854037,-0.37420598,-0.39695966,-0.40520033,-0.3689845,-0.45673215,-0.42734694
1887,0.85501605,0.026576309,-0.5187922,-0.5082736,-0.48642644,-0.45309216,-0.42844877,-0.53162754,-0.48510173,-0.5299675,-0.50949633,-0.52462447,-0.55068904,-0.40244544,-0.4973484,-0.45392272,-0.51089877,-0.46989262,-0.4493836,-0.5443964,-0.5036972,-0.44592506,-0.45456338,-0.6094591,-0.48847887,-0.51534384,-0.5191826,-0.48425278,-0.5615277,-0.44752905,-0.47983152,-0.446824,-0.43847036,-0.51212084,-0.46213892,-0.4460851,-0.44392806,-0.45527253,-0.62904143,-0.5426252,-0.39054778,-0.46810025,-0.44535613,-0.509388,-0.5391227,-0.39224833,-0.5441887,-0.42288375,-0.44409612,-0.45548868,-0.5057218,-0.5186722,-0.4567419,-0.5056484,-0.53439367,-0.49407062,-0.49625343,-0.4753437,-0.53142357,-0.51174265,-0.45892787,-0.54214764,-0.43556035,-0.54686636,-0.5494548,-0.47195792,-0.43067977,-0.5796328,-0.4972693,-0.4929333,-0.48749238,-0.4531424,-0.4403987,-0.49590644,-0.4013399,-0.45788044,-0.5952014,-0.49357453,-0.45954028,-0.55264324,-0.46290132,-0.5863002,-0.4100138,-0.42702746,-0.5117764,-0.5278428,-0.5019187,-0.5719152,-0.5048865,-0.40400758,-0.46782595,-0.52554744,-0.51228946,-0.45481274,-0.5617755,-0.517112,-0.45782694,-0.4946523,-0.542832,-0.48610467,-0.5043773,-0.473455,-0.49947947,-0.4792897,-0.5362649,-0.4613449,-0.45473945,-0.4178936,-0.46373144,-0.4731018,-0.4592515,-0.53158873,-0.46693596,-0.35986906,-0.41110256,-0.48997626,-0.46151972,-0.47617975,-0.45893016,-0.4415957,-0.5098527,-0.47627422,-0.41192618,-0.45295218,-0.4191507,-0.47011587,-0.5563527,-0.4885292,-0.4761027,-0.47212836,-0.50178665,-0.601601,-0.56934065,-0.47553116,-0.43721578,-0.43161762,-0.49016312,-0.3712113,-0.45768645,-0.49650836,-0.47013706,-0.45666328,-0.5145176,-0.4910352,-0.38956732,-0.50712687,-0.41750392,-0.46245965,-0.41654855,-0.5350442,-0.51252323,-0.5082147,-0.54703593,-0.38735336,-0.50515485,-0.5401,-0.43916872,-0.47588956,-0.5432061,-0.48268086,-0.4259923,-0.6199658,-0.4450527,-0.58354187,-0.59880745,-0.5254955,-0.43170804,-0.46431327,-0.584972,-0.531059,-0.52476066,-0.5263757,-0.5127855,-0.5736967,-0.42201966,-0.6196878,-0.4622332,-0.51747334,-0.47922117,-0.5507243,-0.5020928,-0.42176443,-0.5164106,-0.4035603,-0.46861985,-0.5698374,-0.4465607,-0.46573085,-0.53778136,-0.45975322,-0.4757652,-0.5062817,-0.377616,-0.46723518,-0.5300737,-0.4857983,-0.44035417,-0.42074856,-0.5405514,-0.47296163,-0.56616104,-0.54968566
1888,0.8322591,0.02892162,-0.42365783,-0.38383797,-0.41277757,-0.33707586,-0.27345318,-0.3738758,-0.38366598,-0.40008903,-0.33610103,-0.3670395,-0.40560928,-0.3478862,-0.36954772,-0.3700608,-0.34373057,-0.35289478,-0.31441757,-0.42667228,-0.34014252,-0.36009654,-0.40347815,-0.43709874,-0.31795698,-0.43655947,-0.4146805,-0.38020572,-0.38723424,-0.38243976,-0.39494193,-0.37329862,-0.3606596,-0.33164755,-0.3156199,-0.36514476,-0.27358237,-0.43185434,-0.41207346,-0.39377984,-0.27388608,-0.42183083,-0.34180972,-0.3645372,-0.4088849,-0.34859878,-0.39124587,-0.3404993,-0.34180593,-0.44363558,-0.42867455,-0.38328782,-0.364727,-0.41495916,-0.46147898,-0.3581627,-0.45973808,-0.40701488,-0.41156226,-0.38854396,-0.36916906,-0.36383322,-0.375482,-0.44138443,-0.35873607,-0.31275335,-0.32211578,-0.45141184,-0.40577498,-0.41370308,-0.3538568,-0.3185972,-0.38941458,-0.41556206,-0.28119466,-0.43683526,-0.4136235,-0.34746116,-0.41440216,-0.42339608,-0.37053543,-0.4181631,-0.31481475,-0.340753,-0.42919758,-0.3879229,-0.39905253,-0.48906738,-0.48166803,-0.3528063,-0.36010444,-0.3764287,-0.42223307,-0.3899319,-0.38423026,-0.4336141,-0.36345655,-0.39242306,-0.47029364,-0.4539791,-0.3499133,-0.3682675,-0.44610235,-0.42166084,-0.39334002,-0.28569567,-0.33799177,-0.24881567,-0.41558048,-0.4076937,-0.3758269,-0.4929543,-0.3919719,-0.32555428,-0.2796534,-0.33797207,-0.2903882,-0.35750473,-0.31158996,-0.3685773,-0.3509209,-0.24375787,-0.29864576,-0.31198382,-0.41895756,-0.35596272,-0.350082,-0.35667863,-0.33979148,-0.31961703,-0.36382166,-0.40805835,-0.44229057,-0.33358577,-0.38575518,-0.31157577,-0.32772946,-0.3809792,-0.34634703,-0.39336795,-0.38325164,-0.35523602,-0.29292148,-0.42414448,-0.2339617,-0.39963794,-0.28771538,-0.41824356,-0.29678008,-0.34828705,-0.3088682,-0.32790765,-0.43103504,-0.2210541,-0.4577813,-0.39349452,-0.36871576,-0.42834508,-0.35229266,-0.32111013,-0.3777276,-0.43069407,-0.3757435,-0.4233521,-0.43831077,-0.4331764,-0.362532,-0.29257968,-0.43960047,-0.38066792,-0.33386132,-0.44126728,-0.44537842,-0.45805624,-0.35785854,-0.4591085,-0.37252513,-0.45814037,-0.30102253,-0.4696122,-0.30841193,-0.33321983,-0.35100868,-0.32550788,-0.2818078,-0.34850812,-0.26155436,-0.33631796,-0.39144763,-0.4071179,-0.34018013,-0.33685645,-0.329495,-0.35257435,-0.3785263,-0.4303326,-0.34868866,-0.31608468,-0.40645614,-0.35461482,-0.32263193,-0.37797815
1889,0.80254215,0.02987826,-0.2747555,-0.24609973,-0.30608106,-0.20177495,-0.17543063,-0.27453497,-0.2049269,-0.27921307,-0.246217,-0.30216825,-0.29258597,-0.2438058,-0.2515236,-0.26202053,-0.24123798,-0.22329739,-0.17376453,-0.2991763,-0.26959577,-0.24796394,-0.3397741,-0.30275908,-0.24196483,-0.39758855,-0.25879055,-0.23276083,-0.29398373,-0.2809873,-0.2675813,-0.17491525,-0.25656673,-0.27307132,-0.17336288,-0.25033087,-0.22074394,-0.26588202,-0.29087314,-0.22189622,-0.17034467,-0.19688016,-0.22314891,-0.2564446,-0.25690302,-0.18479921,-0.2570496,-0.14834154,-0.2242815,-0.26087463,-0.3009242,-0.31017038,-0.24067111,-0.24233611,-0.291962,-0.33276224,-0.2755602,-0.27849123,-0.22200336,-0.22628564,-0.2888271,-0.26734462,-0.21505964,-0.3472453,-0.2820135,-0.1542636,-0.26487046,-0.34832892,-0.21152605,-0.2914578,-0.2760753,-0.20941107,-0.21366215,-0.23513609,-0.16684388,-0.34581366,-0.36943963,-0.24880394,-0.2982769,-0.23868318,-0.26898947,-0.2575527,-0.25845802,-0.18125628,-0.23197347,-0.23275648,-0.24063012,-0.43722442,-0.33261293,-0.2344144,-0.31061873,-0.34187394,-0.31303146,-0.27414298,-0.25314257,-0.36287832,-0.20558353,-0.24436615,-0.26445982,-0.29589927,-0.24948046,-0.27444077,-0.2534866,-0.23599444,-0.24174757,-0.17195168,-0.22404519,-0.24000354,-0.27025983,-0.2067618,-0.26327556,-0.25259626,-0.2721673,-0.17359537,-0.19516818,-0.29148462,-0.24179812,-0.23321621,-0.26514,-0.16505589,-0.24760063,-0.2572367,-0.13077085,-0.17019594,-0.17498673,-0.23683956,-0.31158373,-0.21539529,-0.21447575,-0.22776274,-0.23969086,-0.29901314,-0.3594923,-0.26765904,-0.26478586,-0.12093231,-0.14533262,-0.24247624,-0.21579678,-0.20706293,-0.20616828,-0.20284738,-0.2842164,-0.2686162,-0.12571344,-0.22905895,-0.23467945,-0.20251025,-0.21037155,-0.24562351,-0.22744098,-0.27510035,-0.31458378,-0.068360254,-0.28006527,-0.34055987,-0.22720817,-0.2576366,-0.3700211,-0.211628,-0.22833909,-0.3431825,-0.21669208,-0.31363937,-0.3024371,-0.3001212,-0.16155517,-0.21329808,-0.22606623,-0.2504611,-0.24354692,-0.28395832,-0.328776,-0.32682875,-0.22642829,-0.31719962,-0.19522153,-0.22361131,-0.28126702,-0.26395825,-0.28204876,-0.20779335,-0.25217232,-0.19891775,-0.2550107,-0.20871934,-0.047243692,-0.20095891,-0.2768484,-0.23108542,-0.3410246,-0.2748351,-0.23240675,-0.24449526,-0.25602216,-0.21780986,-0.15821901,-0.2114416,-0.28054836,-0.3081436,-0.27508798,-0.34462124
1890,0.7894402,0.030913815,-0.58999956,-0.52487624,-0.5092746,-0.49584448,-0.4464596,-0.5696896,-0.49450305,-0.5463483,-0.5314458,-0.43256214,-0.5085533,-0.45379877,-0.5152349,-0.442761,-0.46412307,-0.43742445,-0.41552037,-0.54780024,-0.521654,-0.43830597,-0.5343329,-0.5975845,-0.44927487,-0.6334093,-0.52302396,-0.50280845,-0.50331706,-0.4840339,-0.55852735,-0.5412863,-0.4630647,-0.50285846,-0.47204268,-0.5155674,-0.43083206,-0.5687187,-0.5708276,-0.5067391,-0.4622509,-0.46259177,-0.52714574,-0.58374995,-0.52443695,-0.4677183,-0.57530046,-0.513646,-0.43129215,-0.537102,-0.53256774,-0.49100545,-0.43547565,-0.47316402,-0.595437,-0.50379,-0.4883046,-0.52871513,-0.5229786,-0.5416978,-0.53750265,-0.44965214,-0.47331074,-0.5588603,-0.5456839,-0.44497228,-0.40820602,-0.56909895,-0.5382456,-0.5363614,-0.43827465,-0.45490503,-0.4976698,-0.48253012,-0.44256595,-0.5541319,-0.50890636,-0.52639073,-0.46104634,-0.49492314,-0.45102307,-0.60851437,-0.48263586,-0.47205123,-0.51550645,-0.46989408,-0.47204176,-0.54744166,-0.58067036,-0.4402754,-0.5449015,-0.512641,-0.5568406,-0.45178586,-0.4360963,-0.52061594,-0.4867543,-0.41565478,-0.5418345,-0.61430144,-0.49218208,-0.61173034,-0.52148634,-0.459257,-0.48103452,-0.46143124,-0.4547297,-0.46905792,-0.52169,-0.51029736,-0.4599874,-0.52905333,-0.54074466,-0.38503885,-0.45113996,-0.49821925,-0.39906105,-0.4579542,-0.41207078,-0.49049032,-0.51477414,-0.5073093,-0.3678309,-0.40103397,-0.49900857,-0.50752294,-0.5138205,-0.5293986,-0.38205013,-0.47075978,-0.48770493,-0.5274575,-0.55576634,-0.50078607,-0.422779,-0.44872588,-0.46558324,-0.48614657,-0.49884173,-0.5216796,-0.4907703,-0.56455827,-0.4178154,-0.47971907,-0.3428312,-0.53602844,-0.4706037,-0.4444868,-0.4247281,-0.5951756,-0.5222746,-0.53331643,-0.5968129,-0.3689316,-0.45496085,-0.5642487,-0.48269048,-0.5711399,-0.6001442,-0.5049395,-0.45904174,-0.65489835,-0.45757023,-0.54134667,-0.5563464,-0.5192935,-0.48772603,-0.5266902,-0.5246268,-0.5275125,-0.42651138,-0.55979264,-0.5333677,-0.589229,-0.47068277,-0.5785276,-0.46918175,-0.56182134,-0.4464195,-0.6024752,-0.4764369,-0.46008536,-0.4813608,-0.42568877,-0.42540708,-0.5388989,-0.45937455,-0.42667452,-0.45578825,-0.5011372,-0.5590783,-0.517514,-0.5298956,-0.47172877,-0.53442216,-0.4755263,-0.43175286,-0.45455578,-0.53392035,-0.5357819,-0.5839123,-0.60868365
1891,0.77844507,0.03271488,-0.4699872,-0.39299935,-0.46243325,-0.40897226,-0.35686076,-0.48266762,-0.3134864,-0.4340715,-0.3949586,-0.47653347,-0.3710478,-0.3600639,-0.4245801,-0.35073158,-0.36860424,-0.395522,-0.30551365,-0.41700235,-0.47570032,-0.34918296,-0.44427365,-0.5270455,-0.42533484,-0.42748925,-0.41506293,-0.37755802,-0.3829997,-0.40808657,-0.42685133,-0.36467868,-0.42238995,-0.39104265,-0.28176662,-0.3968739,-0.2890897,-0.48435152,-0.43088794,-0.4190878,-0.30512077,-0.38876998,-0.407089,-0.397575,-0.3828461,-0.3669657,-0.44122052,-0.43481225,-0.352177,-0.38968202,-0.49360076,-0.35676703,-0.34756655,-0.42850623,-0.48968443,-0.41090864,-0.36908537,-0.4174204,-0.31736708,-0.41984844,-0.45740268,-0.36882353,-0.3747811,-0.4677497,-0.44933355,-0.34056714,-0.3797118,-0.47690135,-0.3594329,-0.36545834,-0.41478556,-0.37248203,-0.4244603,-0.3308414,-0.27302065,-0.46881366,-0.4308293,-0.39119247,-0.5066608,-0.41680378,-0.32701784,-0.46578804,-0.35962066,-0.35662264,-0.43311295,-0.41626772,-0.39781502,-0.5257271,-0.5226196,-0.31222934,-0.42980373,-0.4420721,-0.42329323,-0.36162183,-0.32011148,-0.44088826,-0.39357445,-0.34809905,-0.46872434,-0.46248138,-0.39724952,-0.45810324,-0.43624634,-0.33849692,-0.43417507,-0.36539504,-0.35560888,-0.35320413,-0.42547318,-0.399878,-0.32787654,-0.4736759,-0.48124775,-0.26916668,-0.25811478,-0.31216067,-0.29892778,-0.37346506,-0.31931794,-0.36102292,-0.3809,-0.42531708,-0.2762653,-0.30636913,-0.44660452,-0.41032732,-0.44849065,-0.41110826,-0.40650672,-0.29860175,-0.39713305,-0.47930795,-0.41642678,-0.4186421,-0.3062404,-0.33795327,-0.4063998,-0.3432361,-0.38587004,-0.36172295,-0.40869603,-0.39295706,-0.3079991,-0.50762284,-0.22660662,-0.40047106,-0.36410144,-0.37966388,-0.31032217,-0.40823886,-0.3825975,-0.3699526,-0.38061407,-0.29211637,-0.38634214,-0.54746455,-0.36166096,-0.3578201,-0.44779807,-0.36136544,-0.36524352,-0.61835766,-0.37863562,-0.4138065,-0.42789283,-0.3889527,-0.35490072,-0.37164667,-0.49643254,-0.44838274,-0.34944004,-0.49930587,-0.52913636,-0.47207633,-0.42749155,-0.44112712,-0.34536397,-0.47160667,-0.3244241,-0.4702035,-0.4326214,-0.3774717,-0.40003103,-0.33855015,-0.3257512,-0.4832531,-0.26584503,-0.3308677,-0.40330485,-0.36032587,-0.4142136,-0.38160887,-0.37203494,-0.39421713,-0.45656502,-0.41754523,-0.3119766,-0.40532902,-0.4377194,-0.45417562,-0.44871697,-0.4831416
1892,0.78026116,0.034156412,-0.5353417,-0.46211714,-0.60839534,-0.51790446,-0.4685667,-0.47488767,-0.48561725,-0.5466781,-0.43951166,-0.4764122,-0.47036818,-0.47996655,-0.5130709,-0.560662,-0.54497033,-0.4459885,-0.4525319,-0.5185139,-0.53458536,-0.5485669,-0.5536394,-0.5963785,-0.47701153,-0.5902054,-0.5504447,-0.46517697,-0.51454294,-0.5453804,-0.5198243,-0.50675124,-0.44926116,-0.5226632,-0.41006836,-0.5557573,-0.41942775,-0.58571386,-0.51542217,-0.52969027,-0.51496804,-0.42964834,-0.4615455,-0.54096186,-0.46395174,-0.40897572,-0.5853994,-0.50712967,-0.4946247,-0.5465482,-0.5453329,-0.4951717,-0.4899934,-0.42650366,-0.5527779,-0.52483386,-0.5043346,-0.49290633,-0.53076196,-0.5522688,-0.45748156,-0.43948114,-0.50926065,-0.5791394,-0.53385687,-0.41636068,-0.43060058,-0.5967726,-0.4963511,-0.5017123,-0.46963617,-0.40055054,-0.49522004,-0.5442889,-0.48214072,-0.55027926,-0.61615884,-0.59197956,-0.53073794,-0.4809681,-0.4640397,-0.5820725,-0.5372866,-0.46447113,-0.5400397,-0.41225874,-0.5018834,-0.566036,-0.61296993,-0.46633944,-0.56647354,-0.63278913,-0.5667848,-0.49099627,-0.4626579,-0.5829113,-0.54702157,-0.5468437,-0.5387683,-0.51133746,-0.5510671,-0.49773544,-0.5347435,-0.5025615,-0.52240306,-0.4534458,-0.4358008,-0.4704998,-0.5432715,-0.54098195,-0.48225933,-0.55838627,-0.505173,-0.45000136,-0.3959587,-0.53617525,-0.4581894,-0.49470764,-0.4741212,-0.46836486,-0.5012904,-0.46227005,-0.38459346,-0.4584862,-0.48481888,-0.5242481,-0.47285557,-0.5579721,-0.44643718,-0.5255172,-0.5111418,-0.6455356,-0.5986387,-0.4805397,-0.5421405,-0.4059642,-0.4573793,-0.36771166,-0.51290804,-0.50295156,-0.5454033,-0.4649872,-0.40952402,-0.6287006,-0.31287065,-0.53794676,-0.3837997,-0.51063913,-0.37104538,-0.54899305,-0.44989643,-0.51842034,-0.63842046,-0.31237817,-0.5400653,-0.6359297,-0.48257646,-0.56026524,-0.5750257,-0.45446044,-0.5489352,-0.6137204,-0.4488046,-0.6299695,-0.5369163,-0.47816673,-0.56129813,-0.45289454,-0.47626966,-0.5372209,-0.5117972,-0.5743803,-0.5108825,-0.63585883,-0.49905393,-0.5404333,-0.4074086,-0.526628,-0.48709926,-0.5089166,-0.5317661,-0.44172338,-0.5780599,-0.41216603,-0.44231594,-0.5227418,-0.4357476,-0.3518431,-0.5131768,-0.45852488,-0.58251995,-0.5409674,-0.49680862,-0.5246594,-0.6199012,-0.4615116,-0.49696556,-0.48509923,-0.5447663,-0.49391052,-0.5716702,-0.5418914
1893,0.78963417,0.031815726,-0.59557927,-0.43788302,-0.5511273,-0.49265736,-0.4356289,-0.5520208,-0.47128162,-0.52083015,-0.4328142,-0.5629876,-0.43965834,-0.39370438,-0.4626834,-0.49742198,-0.44409415,-0.41082323,-0.38118356,-0.5018458,-0.60423785,-0.46703613,-0.54020697,-0.6403199,-0.5081205,-0.5977375,-0.42392942,-0.5246792,-0.49331138,-0.5451306,-0.48586205,-0.5596394,-0.49640533,-0.47403845,-0.34545442,-0.47946462,-0.50102913,-0.5631752,-0.54534584,-0.5667132,-0.5274371,-0.46871644,-0.5043677,-0.5881923,-0.52380985,-0.45165983,-0.58627284,-0.44428444,-0.45164952,-0.5626972,-0.5741624,-0.51367027,-0.47530457,-0.5334451,-0.5323441,-0.5100694,-0.5292321,-0.5155861,-0.4404368,-0.47480655,-0.54094243,-0.41449064,-0.4423158,-0.5736833,-0.51494515,-0.44413507,-0.45637426,-0.62352073,-0.4789419,-0.516006,-0.4576201,-0.4741243,-0.4213811,-0.5464621,-0.4352746,-0.5693202,-0.5641829,-0.48863432,-0.5400745,-0.5219399,-0.45662674,-0.6024325,-0.49471042,-0.4265611,-0.5557362,-0.47478205,-0.49450353,-0.5863343,-0.50285095,-0.46012238,-0.5378975,-0.5918676,-0.5857115,-0.47055134,-0.46785098,-0.6093123,-0.45282194,-0.46281916,-0.56533843,-0.51956934,-0.518883,-0.47860312,-0.47231525,-0.5265361,-0.51527834,-0.42234188,-0.47676042,-0.51124203,-0.5839916,-0.48804668,-0.49240518,-0.5483892,-0.51640445,-0.43150145,-0.35584724,-0.49805284,-0.44775632,-0.42772576,-0.4950353,-0.46822,-0.47508886,-0.49058735,-0.45101717,-0.364186,-0.50133127,-0.5419074,-0.55580634,-0.6008512,-0.4331697,-0.46193153,-0.4400542,-0.58682406,-0.54394364,-0.44081488,-0.47572035,-0.44634652,-0.48224768,-0.46038264,-0.53639793,-0.480757,-0.4382429,-0.43597275,-0.4090537,-0.52929485,-0.3182794,-0.5093282,-0.40952328,-0.4769306,-0.38207415,-0.5921109,-0.46859878,-0.51185703,-0.6129309,-0.37586462,-0.4167079,-0.6118918,-0.5178244,-0.46495092,-0.5273721,-0.4479421,-0.43849114,-0.5595553,-0.47010794,-0.5520765,-0.5310593,-0.5488931,-0.509146,-0.5220683,-0.5524837,-0.43736035,-0.40798128,-0.5767824,-0.5156586,-0.5390947,-0.44100836,-0.60094225,-0.45281118,-0.43745372,-0.40071407,-0.5290766,-0.52761275,-0.43093517,-0.4790102,-0.3743957,-0.3833547,-0.49157736,-0.37613258,-0.4062905,-0.5201411,-0.42377806,-0.4806097,-0.49128854,-0.45713875,-0.5062572,-0.50444126,-0.5394757,-0.5289909,-0.5453623,-0.56251264,-0.5142333,-0.5648362,-0.45966008
1894,0.7819785,0.034201648,-0.55863094,-0.45859474,-0.53085846,-0.42010394,-0.439504,-0.49884793,-0.47416416,-0.52688706,-0.4243704,-0.5612992,-0.47286895,-0.43525225,-0.45867732,-0.45945713,-0.4341767,-0.46780208,-0.3647624,-0.50740844,-0.5257457,-0.49165642,-0.4437572,-0.5605648,-0.4232732,-0.610195,-0.42146096,-0.40408018,-0.44523114,-0.49908048,-0.5939647,-0.4532043,-0.4353611,-0.5189903,-0.4005574,-0.46801707,-0.4068724,-0.4692158,-0.4783006,-0.51958144,-0.49702248,-0.43384284,-0.46466377,-0.5481154,-0.49851853,-0.392588,-0.52329457,-0.43704256,-0.41502488,-0.45437047,-0.41890168,-0.52261686,-0.48293892,-0.47891262,-0.5361322,-0.5587141,-0.5328211,-0.47170287,-0.51912886,-0.50456214,-0.4589628,-0.5578135,-0.51017237,-0.5744649,-0.48422226,-0.38802877,-0.41326544,-0.62222725,-0.451053,-0.47060397,-0.5149149,-0.47246578,-0.43621954,-0.4948439,-0.40128565,-0.5876588,-0.5031347,-0.4422994,-0.4943951,-0.49005422,-0.4099979,-0.65261465,-0.48357195,-0.4712365,-0.48653853,-0.47333762,-0.5175508,-0.6013918,-0.5575576,-0.3939431,-0.47195265,-0.6081035,-0.51719433,-0.45611027,-0.47644666,-0.5463673,-0.4784234,-0.4363938,-0.5585106,-0.48658687,-0.43599564,-0.49494627,-0.550352,-0.53675586,-0.4696389,-0.371533,-0.37668082,-0.44309413,-0.57393026,-0.5280874,-0.43501493,-0.5748774,-0.54382384,-0.36030787,-0.3589813,-0.47403505,-0.4737003,-0.42343476,-0.3641252,-0.50305325,-0.45737252,-0.40212628,-0.3532573,-0.37048447,-0.4840817,-0.47750062,-0.549348,-0.4714544,-0.35239857,-0.4657737,-0.46289313,-0.5705964,-0.57873553,-0.49361068,-0.49237347,-0.41680324,-0.4432933,-0.39474142,-0.441981,-0.5048407,-0.44667634,-0.36334512,-0.445943,-0.50790113,-0.299456,-0.46903414,-0.29732436,-0.46458066,-0.3781908,-0.5268636,-0.555549,-0.50074416,-0.53763014,-0.31665513,-0.4372367,-0.6468047,-0.41443175,-0.4732066,-0.52395445,-0.4390496,-0.39416,-0.5961725,-0.50324494,-0.53772575,-0.5309694,-0.55994624,-0.44040394,-0.49504,-0.5184808,-0.5674383,-0.56183386,-0.5428783,-0.56543857,-0.5360629,-0.45548815,-0.49892193,-0.39542025,-0.4687067,-0.3743543,-0.54087394,-0.48891187,-0.3992516,-0.51961625,-0.37865663,-0.45627278,-0.46292767,-0.40382546,-0.45475498,-0.51075155,-0.5065353,-0.45069718,-0.4982313,-0.4237404,-0.46633345,-0.48297125,-0.50855875,-0.53231335,-0.48853987,-0.54054606,-0.47541568,-0.5387935,-0.55181324
1895,0.7781589,0.03579512,-0.50472313,-0.43239483,-0.48561805,-0.37969688,-0.3604452,-0.5040304,-0.41900486,-0.47947592,-0.42121673,-0.49959078,-0.46854794,-0.4154885,-0.4952435,-0.4769068,-0.35197765,-0.38646013,-0.2983052,-0.4743504,-0.45795864,-0.4051786,-0.4548432,-0.4725189,-0.41092935,-0.5194074,-0.473557,-0.47805536,-0.42302176,-0.560201,-0.5727968,-0.4290467,-0.3881258,-0.45072508,-0.3682786,-0.41464442,-0.33349428,-0.46834195,-0.50725985,-0.46839538,-0.414394,-0.39872158,-0.4394759,-0.5966884,-0.4004506,-0.35765395,-0.52824634,-0.39845437,-0.3397754,-0.45598254,-0.5466291,-0.43051308,-0.40825218,-0.5045958,-0.48441613,-0.54627347,-0.44336882,-0.45596385,-0.49395266,-0.5258195,-0.50925344,-0.5168727,-0.45629045,-0.5503461,-0.42839852,-0.4235688,-0.37528032,-0.53033304,-0.4546115,-0.45373452,-0.44864282,-0.43501872,-0.4020734,-0.45214093,-0.39119986,-0.49131423,-0.4878666,-0.5249159,-0.51360196,-0.3754067,-0.40248483,-0.5190398,-0.47176808,-0.42277038,-0.4107721,-0.46078724,-0.43676573,-0.51781666,-0.5065462,-0.29917496,-0.5170787,-0.51832426,-0.40435553,-0.4750121,-0.38559714,-0.51185143,-0.3842376,-0.54560745,-0.45874655,-0.47658876,-0.41593817,-0.5079481,-0.4941875,-0.43108758,-0.53892004,-0.38725153,-0.39000797,-0.3887771,-0.5211734,-0.4116349,-0.44184366,-0.46917248,-0.4207026,-0.3625155,-0.36922604,-0.3499048,-0.43979412,-0.39405906,-0.3884471,-0.43203497,-0.4123121,-0.36403838,-0.29673833,-0.34859723,-0.42386553,-0.40088677,-0.47575554,-0.47038957,-0.42034706,-0.35324106,-0.44103703,-0.49111405,-0.5687827,-0.40281582,-0.38857695,-0.32708734,-0.43450338,-0.36389485,-0.44707716,-0.4384069,-0.4518013,-0.44413954,-0.34106886,-0.5069519,-0.25628528,-0.37365124,-0.34950843,-0.4257559,-0.3251483,-0.53063035,-0.3865658,-0.5098511,-0.438016,-0.35512576,-0.41611376,-0.5541495,-0.404234,-0.4397531,-0.46195006,-0.31788704,-0.43107474,-0.53909165,-0.43893918,-0.47182518,-0.44600213,-0.4490783,-0.4822342,-0.42013285,-0.4489062,-0.47450647,-0.37923548,-0.48789462,-0.47749403,-0.55629855,-0.41973695,-0.5155345,-0.38285014,-0.49962866,-0.39043498,-0.4870257,-0.38777393,-0.38830382,-0.4548312,-0.3397602,-0.41242808,-0.4711942,-0.36122316,-0.3785646,-0.44271174,-0.4272144,-0.46816954,-0.4543802,-0.4537114,-0.43336487,-0.49189705,-0.51757264,-0.42978734,-0.4405065,-0.4732136,-0.40419146,-0.49688432,-0.5029152
1896,0.79785776,0.033875786,-0.3253102,-0.2602357,-0.349947,-0.17959553,-0.21339327,-0.2858173,-0.32438192,-0.28954488,-0.27574933,-0.344374,-0.25199404,-0.28533107,-0.25883365,-0.24755457,-0.2548477,-0.15902196,-0.16142337,-0.29334,-0.36815003,-0.2854662,-0.26672027,-0.3567596,-0.22220235,-0.3288197,-0.33088458,-0.2566437,-0.30373383,-0.32180867,-0.3529427,-0.24880669,-0.20713547,-0.23078096,-0.20698701,-0.26155892,-0.24356657,-0.33700562,-0.337951,-0.31399766,-0.29977584,-0.1979981,-0.2710106,-0.39753538,-0.27480748,-0.19667047,-0.27685273,-0.21986836,-0.23421393,-0.32142317,-0.3320309,-0.26154578,-0.22794645,-0.28287408,-0.36649567,-0.34096742,-0.2960503,-0.31025407,-0.30537993,-0.29684916,-0.31797293,-0.24417771,-0.34278867,-0.34174216,-0.3377573,-0.24095844,-0.2690515,-0.37820187,-0.2697702,-0.2674937,-0.23660798,-0.28299156,-0.2492341,-0.29606977,-0.20469996,-0.41293773,-0.32403523,-0.27614135,-0.29106763,-0.26445976,-0.20905013,-0.3073207,-0.2170984,-0.25555667,-0.2575,-0.18278913,-0.2932657,-0.33721262,-0.3857413,-0.22555502,-0.28516483,-0.37526542,-0.27601925,-0.32831824,-0.23252425,-0.34231365,-0.25316575,-0.2768427,-0.3880612,-0.31586486,-0.2872951,-0.29672894,-0.33286962,-0.26185665,-0.25912818,-0.1821211,-0.2577044,-0.23091917,-0.31987223,-0.26899368,-0.31951213,-0.283544,-0.27458873,-0.19638588,-0.14079982,-0.27822483,-0.24315964,-0.23500139,-0.24341087,-0.2583428,-0.2126776,-0.28861883,-0.1817371,-0.24629247,-0.22302611,-0.28233293,-0.30354172,-0.32113925,-0.14897324,-0.27352074,-0.277575,-0.28998816,-0.42291176,-0.28039923,-0.25687137,-0.20852914,-0.28197557,-0.26178488,-0.31491423,-0.29870397,-0.21717468,-0.26846474,-0.21582799,-0.31312776,-0.12766421,-0.26233566,-0.21219131,-0.2534754,-0.13320497,-0.29002443,-0.23918046,-0.31189632,-0.35465473,-0.15062864,-0.33198246,-0.33583423,-0.19114149,-0.31144315,-0.35133782,-0.2194484,-0.30324388,-0.44051346,-0.27489847,-0.3326283,-0.3376583,-0.298717,-0.29744217,-0.29890364,-0.294602,-0.29692307,-0.29754248,-0.31412053,-0.3367935,-0.40209135,-0.19451624,-0.35214552,-0.27359784,-0.29429746,-0.2889657,-0.392816,-0.3394448,-0.19992667,-0.20969415,-0.19421165,-0.23625012,-0.21319795,-0.16540699,-0.22712828,-0.32318586,-0.27169362,-0.2537309,-0.3069446,-0.25543025,-0.2237479,-0.28774676,-0.3250716,-0.24194214,-0.2972645,-0.30174416,-0.28117722,-0.3781315,-0.38043088
1897,0.80806017,0.033589628,-0.31000298,-0.21003322,-0.3095238,-0.2519052,-0.24324027,-0.28343213,-0.26726487,-0.30856806,-0.16378717,-0.28030154,-0.2832964,-0.17330028,-0.29476076,-0.228567,-0.20024498,-0.24612562,-0.09896622,-0.27402917,-0.3174862,-0.20070523,-0.22050409,-0.29510048,-0.244238,-0.32379904,-0.22906953,-0.26399708,-0.35669392,-0.25538468,-0.33753532,-0.21524206,-0.16833386,-0.22655483,-0.14090006,-0.23938085,-0.19810729,-0.2291695,-0.27622038,-0.23675366,-0.24222885,-0.15691666,-0.15666229,-0.28929803,-0.3315558,-0.17295167,-0.32541788,-0.23070595,-0.22476256,-0.24636656,-0.29507092,-0.34667218,-0.22661886,-0.27554375,-0.31275287,-0.31278118,-0.25943556,-0.32122925,-0.28557292,-0.26399252,-0.20158231,-0.23812783,-0.35502356,-0.30925256,-0.2820433,-0.22315912,-0.18785402,-0.33264586,-0.27608603,-0.20298576,-0.22144446,-0.268233,-0.18783087,-0.23315386,-0.18989761,-0.36831373,-0.40937275,-0.20807847,-0.30246267,-0.2520722,-0.17635502,-0.35345304,-0.2637431,-0.1953946,-0.27512765,-0.19205669,-0.27579415,-0.36987302,-0.37890548,-0.20491286,-0.35315618,-0.32709268,-0.21710947,-0.22892554,-0.18060689,-0.324098,-0.23295699,-0.3080885,-0.39274988,-0.34736493,-0.28970173,-0.23882204,-0.24447936,-0.24471526,-0.30690843,-0.21618037,-0.20621088,-0.2338957,-0.3071484,-0.3086639,-0.2663963,-0.35139924,-0.2640315,-0.1890476,-0.103514664,-0.21814275,-0.17745918,-0.22420298,-0.20063609,-0.21677281,-0.22963414,-0.1662393,-0.10609413,-0.1189552,-0.23988762,-0.24715896,-0.3362044,-0.24693915,-0.16892385,-0.23463908,-0.29676828,-0.3076714,-0.29550338,-0.22202896,-0.19777277,-0.18685365,-0.19630924,-0.21840256,-0.2517617,-0.32225692,-0.25462762,-0.26290897,-0.20899758,-0.32327685,-0.13558432,-0.3297178,-0.18003908,-0.22659881,-0.1548161,-0.3300961,-0.23671375,-0.2591329,-0.30705717,-0.15165435,-0.19259392,-0.3501377,-0.1997238,-0.24512565,-0.3514078,-0.21675494,-0.23431222,-0.36942807,-0.23595187,-0.36136737,-0.2758922,-0.21129213,-0.226463,-0.29419905,-0.31397069,-0.29503313,-0.23737644,-0.3466663,-0.33849186,-0.34665695,-0.23067546,-0.26995572,-0.19785513,-0.29510292,-0.22085494,-0.28864822,-0.2521378,-0.15888216,-0.27529323,-0.17030843,-0.18625255,-0.2232061,-0.18189235,-0.27011803,-0.33061817,-0.21899223,-0.25026783,-0.283247,-0.31827724,-0.27850625,-0.26037672,-0.30323747,-0.1859163,-0.14589868,-0.3005971,-0.2541853,-0.36775172,-0.28222635
1898,0.8321284,0.030488873,-0.5297132,-0.4168337,-0.53055567,-0.42578197,-0.33872786,-0.5194547,-0.48533553,-0.5148254,-0.40823,-0.5125633,-0.4619082,-0.41184965,-0.49441984,-0.42056832,-0.4494677,-0.41746944,-0.34196258,-0.5589024,-0.5627469,-0.4495388,-0.49166894,-0.5028836,-0.4583705,-0.4938714,-0.45026848,-0.4222977,-0.45797026,-0.5477349,-0.5338763,-0.36170667,-0.40622735,-0.4552179,-0.3917982,-0.42457244,-0.35078773,-0.50126314,-0.51655596,-0.50962096,-0.46659228,-0.41607374,-0.38939133,-0.5386551,-0.5195733,-0.40162116,-0.51489604,-0.38185316,-0.48684907,-0.51089525,-0.46500304,-0.52909976,-0.46154323,-0.5105504,-0.5649135,-0.5927969,-0.53931636,-0.53051,-0.4776454,-0.4189991,-0.49753916,-0.46419477,-0.5585536,-0.538061,-0.5285171,-0.46283752,-0.3740811,-0.5705832,-0.4575605,-0.45886976,-0.47741458,-0.43175063,-0.4984311,-0.509362,-0.41697633,-0.5965115,-0.57824534,-0.42625204,-0.4739779,-0.48878282,-0.47599894,-0.56818235,-0.43739104,-0.47513595,-0.5085521,-0.43529814,-0.55548316,-0.57614785,-0.5388025,-0.3480916,-0.5032757,-0.6117766,-0.52357644,-0.5757175,-0.44423142,-0.5041541,-0.4842723,-0.4399271,-0.5163315,-0.4505043,-0.4765129,-0.5165009,-0.53728074,-0.4743171,-0.46654764,-0.42255706,-0.4343977,-0.42512426,-0.578297,-0.46117958,-0.41917613,-0.5458131,-0.4638664,-0.38833022,-0.35530397,-0.43406633,-0.4444193,-0.46250808,-0.4543391,-0.5087051,-0.5326902,-0.44232526,-0.3641206,-0.37097082,-0.40941107,-0.48369402,-0.56554174,-0.443363,-0.4025287,-0.40518764,-0.5227999,-0.5608413,-0.523208,-0.4385166,-0.4072754,-0.42536426,-0.40769023,-0.36787662,-0.4404499,-0.43806303,-0.47822076,-0.40064833,-0.41382718,-0.58544207,-0.3295241,-0.48170742,-0.42751393,-0.4880796,-0.35907423,-0.5060069,-0.45561063,-0.42508665,-0.56500894,-0.35410553,-0.4400704,-0.5501169,-0.49381286,-0.4954403,-0.62552565,-0.47875535,-0.39718258,-0.5698253,-0.49154535,-0.53213674,-0.5191887,-0.4854837,-0.4705064,-0.5093299,-0.48812038,-0.48856208,-0.46003246,-0.59477246,-0.47630346,-0.57592005,-0.4546597,-0.5336937,-0.33435827,-0.55790156,-0.40419856,-0.44980565,-0.48566368,-0.42985606,-0.4940639,-0.4059638,-0.51859295,-0.5232618,-0.36702937,-0.42731985,-0.454934,-0.46085462,-0.49211735,-0.48558486,-0.5059131,-0.4248456,-0.506638,-0.49753454,-0.42001405,-0.4397057,-0.5317607,-0.4808155,-0.54040533,-0.5215049
1899,0.8524524,0.026528392,-0.41574767,-0.2917131,-0.38099518,-0.34309545,-0.24833325,-0.42230093,-0.35468152,-0.41248733,-0.29090828,-0.34333944,-0.31565472,-0.272843,-0.29830727,-0.32807365,-0.31513867,-0.29878077,-0.24085698,-0.37393153,-0.37212005,-0.3392027,-0.35582364,-0.45304725,-0.32608542,-0.4990187,-0.29404446,-0.2737851,-0.32136068,-0.41502255,-0.40093637,-0.30624154,-0.25451276,-0.35771886,-0.24612305,-0.30346057,-0.20881858,-0.39992416,-0.38199192,-0.34564894,-0.2927455,-0.2688752,-0.2850985,-0.38216573,-0.33020893,-0.24169227,-0.43675622,-0.37402824,-0.32183647,-0.34242722,-0.40758786,-0.39477205,-0.3091802,-0.4084619,-0.394349,-0.37431556,-0.30926594,-0.39494097,-0.39678326,-0.4092277,-0.32838506,-0.35547614,-0.36037204,-0.44947836,-0.30844742,-0.3023975,-0.26765147,-0.44338438,-0.33302566,-0.36188832,-0.38391873,-0.22683723,-0.3345016,-0.3240859,-0.25736573,-0.41026706,-0.4053859,-0.4013653,-0.41722476,-0.41266572,-0.28016388,-0.4133139,-0.29870188,-0.38836262,-0.36066318,-0.3509905,-0.3987255,-0.4362022,-0.3954639,-0.20761763,-0.39306182,-0.42399582,-0.39487505,-0.4092014,-0.30193457,-0.28386423,-0.37551773,-0.32723802,-0.42786747,-0.37427136,-0.40784636,-0.31812957,-0.34872666,-0.37021473,-0.32299393,-0.2818699,-0.23005687,-0.20946322,-0.31700012,-0.32674125,-0.36575943,-0.3676406,-0.3620382,-0.34273076,-0.20786566,-0.28592524,-0.36319464,-0.28315198,-0.33129767,-0.33124357,-0.3837492,-0.31978163,-0.23352386,-0.23755309,-0.30731845,-0.36902186,-0.38389078,-0.3397984,-0.30117804,-0.30793643,-0.39121652,-0.43123958,-0.4138177,-0.30747426,-0.3224104,-0.23437697,-0.3887654,-0.26517874,-0.3703781,-0.33447298,-0.32250962,-0.35175464,-0.29258898,-0.39543265,-0.16061328,-0.37906018,-0.28255653,-0.392441,-0.2702109,-0.43598747,-0.28627288,-0.44936737,-0.37615535,-0.22889149,-0.37925288,-0.46114367,-0.2914198,-0.36259302,-0.39312416,-0.3767223,-0.31454408,-0.5063503,-0.35492206,-0.35311612,-0.3843671,-0.3687683,-0.3298631,-0.37723044,-0.41864038,-0.4099827,-0.37937668,-0.4232155,-0.40436333,-0.42572343,-0.33500987,-0.4066888,-0.28732195,-0.34719902,-0.28642195,-0.35370255,-0.28978488,-0.27003458,-0.36891827,-0.27880237,-0.34308296,-0.29249647,-0.2458808,-0.31976026,-0.33240858,-0.29386708,-0.37210444,-0.39042932,-0.29480058,-0.36617643,-0.39322236,-0.35170466,-0.296185,-0.26283044,-0.34948495,-0.34145623,-0.41418368,-0.4189378
1900,0.8292658,0.028253376,-0.27099946,-0.19642887,-0.33237457,-0.20760933,-0.20881894,-0.29664233,-0.1964807,-0.28302455,-0.1670277,-0.30066037,-0.22279873,-0.17384955,-0.20797509,-0.2444974,-0.23233737,-0.13148783,-0.09632805,-0.31424838,-0.25186473,-0.19536793,-0.19833094,-0.28151074,-0.20927751,-0.2399278,-0.21942255,-0.2590505,-0.20777582,-0.3117254,-0.25229046,-0.2607074,-0.2622468,-0.2524829,-0.12823223,-0.1722629,-0.15791489,-0.23992795,-0.31275094,-0.25364566,-0.14366056,-0.16324717,-0.24074763,-0.26205683,-0.23513138,-0.26992753,-0.21218412,-0.1832172,-0.18870501,-0.21232551,-0.32821208,-0.26661012,-0.21527934,-0.23845708,-0.29132527,-0.21886396,-0.2570889,-0.19801554,-0.22765012,-0.27250794,-0.24612167,-0.22210121,-0.27670616,-0.27588505,-0.25183895,-0.21163544,-0.15983365,-0.30628428,-0.22874601,-0.19995406,-0.20083871,-0.15805694,-0.18226282,-0.29617724,-0.23872076,-0.26645058,-0.3648575,-0.2666312,-0.20907888,-0.27446976,-0.21800154,-0.39165434,-0.24319533,-0.23320311,-0.28263354,-0.20063867,-0.30884948,-0.29442123,-0.39450213,-0.10833988,-0.18294226,-0.24997948,-0.27192762,-0.22581424,-0.15692037,-0.2808172,-0.27877843,-0.2004876,-0.36742797,-0.34494615,-0.25641146,-0.24482524,-0.24138097,-0.20170121,-0.20376801,-0.16899712,-0.14383806,-0.18148483,-0.24322273,-0.2753203,-0.22528332,-0.3088738,-0.22015943,-0.1758429,-0.17910464,-0.21712108,-0.1836046,-0.25247598,-0.22240049,-0.19370694,-0.15345837,-0.19935946,-0.11370272,-0.10368795,-0.20174357,-0.20403075,-0.26139376,-0.22881652,-0.158446,-0.2087742,-0.21212572,-0.27501604,-0.20938107,-0.226239,-0.15115653,-0.08678795,-0.24518934,-0.20538843,-0.18425053,-0.27259383,-0.22731245,-0.17769013,-0.15002859,-0.28797466,-0.07359538,-0.2123884,-0.13812093,-0.18174504,-0.06004968,-0.2838919,-0.14095265,-0.21324413,-0.297518,-0.10665348,-0.22036937,-0.36507502,-0.22473472,-0.26434213,-0.33750322,-0.15180416,-0.2329709,-0.33547503,-0.15899019,-0.28947306,-0.36231303,-0.34357244,-0.2295278,-0.22778286,-0.35567042,-0.24864052,-0.27096632,-0.37694016,-0.22278774,-0.2932211,-0.20317087,-0.32831272,-0.20659195,-0.17583382,-0.16984305,-0.19985981,-0.32210094,-0.16966757,-0.18351361,-0.20128173,-0.19150104,-0.24779466,-0.16751482,-0.1685837,-0.20358364,-0.20346981,-0.1782737,-0.26180893,-0.20775989,-0.20695315,-0.30899435,-0.27669814,-0.17183289,-0.19953649,-0.2957708,-0.24364485,-0.2445112,-0.3416528
1901,0.8701285,0.029074468,-0.30357227,-0.24683274,-0.33580565,-0.23341836,-0.18479794,-0.2987834,-0.2829734,-0.34330326,-0.23660702,-0.24351636,-0.35632035,-0.19666018,-0.3238715,-0.23439181,-0.24884123,-0.28114906,-0.19952397,-0.2636936,-0.25882256,-0.28067684,-0.24678206,-0.35299385,-0.27332613,-0.3906247,-0.28128785,-0.2646238,-0.29810673,-0.29444855,-0.3782547,-0.2153199,-0.19567321,-0.2721912,-0.18798617,-0.24265315,-0.30741137,-0.31397069,-0.35242757,-0.2964424,-0.15625271,-0.23204215,-0.2546701,-0.2866291,-0.30362856,-0.228344,-0.30327186,-0.29325476,-0.23395512,-0.26468566,-0.28449216,-0.2795439,-0.26133978,-0.29088715,-0.36550072,-0.3535009,-0.36450216,-0.30289173,-0.25227702,-0.32406303,-0.3104268,-0.2614269,-0.36563283,-0.32488465,-0.2971318,-0.21592797,-0.27332804,-0.3631182,-0.29098544,-0.26852682,-0.2664108,-0.24515916,-0.34621626,-0.27235818,-0.21885109,-0.42856365,-0.314692,-0.3019896,-0.28788048,-0.3289224,-0.2206846,-0.3399834,-0.2685401,-0.3217571,-0.37736145,-0.31007755,-0.34118816,-0.3674431,-0.36638546,-0.24120761,-0.32113168,-0.3573389,-0.34683448,-0.326223,-0.31750417,-0.32310694,-0.27372336,-0.23548111,-0.3244634,-0.30520445,-0.2834781,-0.3914122,-0.4036621,-0.24546114,-0.32146034,-0.17722297,-0.33110213,-0.21101198,-0.391263,-0.2659677,-0.3087521,-0.30704507,-0.31072837,-0.25232366,-0.098245814,-0.22106442,-0.25212285,-0.30004045,-0.161983,-0.21719003,-0.33955804,-0.27258795,-0.19638,-0.18780738,-0.24167408,-0.3046773,-0.30617142,-0.2548181,-0.1667455,-0.26925784,-0.24403617,-0.29475683,-0.3787423,-0.27309656,-0.27872342,-0.1395652,-0.25977314,-0.23969896,-0.26715267,-0.31108594,-0.35632735,-0.3079021,-0.22414094,-0.32239234,-0.21186426,-0.20977673,-0.22173186,-0.30098867,-0.19827202,-0.34094024,-0.2465312,-0.33840498,-0.36404148,-0.08356386,-0.31840765,-0.38188973,-0.2750526,-0.34660742,-0.35643142,-0.23224416,-0.27569076,-0.4201516,-0.26289648,-0.37637296,-0.30597904,-0.31178367,-0.28943735,-0.34239385,-0.29001468,-0.2835405,-0.27654317,-0.31796384,-0.3516458,-0.4274714,-0.20706142,-0.37080994,-0.2908673,-0.27584657,-0.26123008,-0.34353942,-0.32976708,-0.24326386,-0.3605891,-0.18774995,-0.17140318,-0.30164623,-0.18125938,-0.30728763,-0.3057288,-0.289395,-0.26827726,-0.35742077,-0.25391367,-0.3182877,-0.37754777,-0.37102318,-0.24329868,-0.19592871,-0.31523198,-0.29151937,-0.3755522,-0.3659938
1902,0.8803591,0.028087439,-0.46973732,-0.37338436,-0.5228447,-0.4061346,-0.31348914,-0.42738572,-0.42845687,-0.47470832,-0.38760182,-0.4057712,-0.4309769,-0.3690173,-0.4270456,-0.34585276,-0.39843285,-0.359166,-0.40553063,-0.49365035,-0.4784575,-0.439614,-0.38810912,-0.5042339,-0.4050187,-0.48571736,-0.45943975,-0.39354438,-0.4297548,-0.45927122,-0.4916645,-0.405972,-0.43136027,-0.44614556,-0.3160732,-0.38553572,-0.32625455,-0.38574776,-0.45662737,-0.45164144,-0.35373443,-0.47638348,-0.40523174,-0.4702267,-0.3967477,-0.3676317,-0.47303486,-0.3456874,-0.4695806,-0.42830598,-0.45246527,-0.42209545,-0.37233981,-0.38314196,-0.45576113,-0.4835365,-0.47693136,-0.5458505,-0.46505836,-0.48019698,-0.4878481,-0.40196818,-0.5120013,-0.50836813,-0.41883668,-0.38409156,-0.39009917,-0.52341163,-0.41056418,-0.41766602,-0.3370316,-0.3897199,-0.3913145,-0.45927957,-0.3893099,-0.44541362,-0.5238533,-0.41185045,-0.50182676,-0.43763784,-0.3772588,-0.5000386,-0.41378704,-0.46062922,-0.5058363,-0.39056486,-0.52769876,-0.56395316,-0.45654398,-0.39953122,-0.3998751,-0.5131948,-0.3720603,-0.55068815,-0.47174242,-0.5165989,-0.52446574,-0.5413333,-0.4864723,-0.45409572,-0.42686388,-0.43904054,-0.46339926,-0.37054816,-0.41976884,-0.38018337,-0.35278863,-0.38720894,-0.5048205,-0.49115378,-0.43455166,-0.45904717,-0.4559862,-0.38576645,-0.21104935,-0.40610135,-0.35618028,-0.47154135,-0.3797351,-0.45133093,-0.444539,-0.40959454,-0.3687647,-0.38889456,-0.39183706,-0.5005793,-0.43176353,-0.44920325,-0.42384946,-0.35815766,-0.47590137,-0.43809503,-0.52849716,-0.46584177,-0.44846505,-0.36790425,-0.40580276,-0.34219468,-0.4962317,-0.39168024,-0.48172933,-0.42773196,-0.4098258,-0.51557857,-0.2754287,-0.4837556,-0.4165274,-0.40655434,-0.37404773,-0.484825,-0.3988706,-0.44270274,-0.50520635,-0.31594008,-0.48502484,-0.5441859,-0.40331653,-0.4928231,-0.50198954,-0.39642534,-0.4061907,-0.6640878,-0.40904394,-0.45058948,-0.4808404,-0.4138294,-0.43233916,-0.48062515,-0.48732716,-0.47840065,-0.46492392,-0.5242179,-0.55235213,-0.5213349,-0.45510635,-0.5101666,-0.38025346,-0.4537084,-0.3296253,-0.5129999,-0.48509854,-0.4480317,-0.44672155,-0.35422513,-0.35448176,-0.45883644,-0.37595406,-0.45150468,-0.42634043,-0.41776648,-0.5094678,-0.54474676,-0.43224543,-0.41282925,-0.5097318,-0.4086576,-0.38519993,-0.3403335,-0.48719174,-0.42366955,-0.42861113,-0.56001
1903,0.89534026,0.027659513,-0.5086576,-0.5368876,-0.56568,-0.5127951,-0.40986574,-0.52564543,-0.51220316,-0.55679905,-0.44253007,-0.50096434,-0.56898904,-0.48427153,-0.5715462,-0.5113883,-0.5624263,-0.47688147,-0.47140515,-0.5243342,-0.55686456,-0.56041014,-0.51682055,-0.61453104,-0.53656244,-0.6055155,-0.45676708,-0.5460741,-0.5426542,-0.48970225,-0.57794,-0.4673796,-0.49388722,-0.50460726,-0.45136473,-0.46329528,-0.4616662,-0.57331717,-0.53619516,-0.58458364,-0.49565688,-0.4888265,-0.50296104,-0.5879809,-0.5459881,-0.510468,-0.51370287,-0.53231436,-0.50658375,-0.60499936,-0.58484,-0.48475122,-0.4990733,-0.5835626,-0.5525507,-0.5276124,-0.56217253,-0.5060054,-0.5515812,-0.601689,-0.57236814,-0.5158661,-0.5651514,-0.5639491,-0.58106774,-0.443711,-0.52022123,-0.60996103,-0.5192941,-0.5400012,-0.46548823,-0.49318662,-0.48978913,-0.56526726,-0.5068064,-0.6658639,-0.5728395,-0.61266327,-0.57553023,-0.53286195,-0.47180188,-0.57704616,-0.4785437,-0.5501523,-0.49444655,-0.4964346,-0.5849854,-0.62641305,-0.6060257,-0.49843258,-0.61041707,-0.67742676,-0.5735107,-0.6112931,-0.502495,-0.538484,-0.5615372,-0.56821764,-0.61338013,-0.62451786,-0.5517082,-0.6203451,-0.4873096,-0.5139168,-0.5391562,-0.4920184,-0.4718654,-0.58307165,-0.5390825,-0.48774597,-0.48192206,-0.57142514,-0.52566063,-0.57966393,-0.38083887,-0.5248843,-0.48906523,-0.49886498,-0.514306,-0.5380771,-0.51392424,-0.5273002,-0.38041648,-0.45248926,-0.4784158,-0.5406959,-0.6132229,-0.49755186,-0.47503328,-0.47515595,-0.46071047,-0.49772826,-0.63386565,-0.52408975,-0.49275765,-0.46718547,-0.48389962,-0.48739496,-0.5144639,-0.5485664,-0.4554654,-0.4290043,-0.52850676,-0.59476525,-0.3873351,-0.5879377,-0.45866135,-0.54147255,-0.5182814,-0.56631744,-0.5073706,-0.5826266,-0.56998646,-0.42873317,-0.600371,-0.62772286,-0.4953059,-0.5691191,-0.65915394,-0.49849656,-0.59914196,-0.6594201,-0.47854364,-0.5989401,-0.60246086,-0.5013367,-0.5425924,-0.5945975,-0.55946,-0.5521437,-0.5326517,-0.61341214,-0.586584,-0.6204882,-0.4922714,-0.5761387,-0.5271909,-0.5332639,-0.48815677,-0.56948894,-0.6211339,-0.51210797,-0.6225572,-0.45497328,-0.48062629,-0.55113006,-0.48089224,-0.5430424,-0.5452678,-0.52275145,-0.5206902,-0.61933804,-0.46270785,-0.5915836,-0.55361444,-0.5740406,-0.48501244,-0.49531907,-0.59036535,-0.56334627,-0.6680426,-0.5890305
1904,0.8919405,0.026489476,-0.6063979,-0.61911076,-0.58946115,-0.6062705,-0.5604101,-0.5773335,-0.6215222,-0.60574204,-0.513616,-0.62672156,-0.5866393,-0.5640481,-0.6125897,-0.60803515,-0.66253656,-0.5436222,-0.5351733,-0.6181121,-0.60762334,-0.585985,-0.6116601,-0.63894975,-0.5991015,-0.61678547,-0.55689055,-0.48165202,-0.58748496,-0.60170215,-0.6348252,-0.57915986,-0.5163315,-0.53531885,-0.5095941,-0.5607057,-0.529847,-0.6401379,-0.6229027,-0.6505251,-0.470326,-0.6073744,-0.5774374,-0.6023867,-0.6294188,-0.5284673,-0.63435876,-0.46213397,-0.5316922,-0.66902494,-0.66690624,-0.5292686,-0.571501,-0.6232364,-0.54626375,-0.67638344,-0.6092241,-0.584883,-0.5527045,-0.64819336,-0.64316136,-0.6146601,-0.62237024,-0.63795215,-0.59744936,-0.5712323,-0.5286845,-0.7265666,-0.5995784,-0.6454565,-0.42114872,-0.65093607,-0.6109879,-0.6479306,-0.5923519,-0.6139777,-0.61531156,-0.64597124,-0.6352708,-0.60972583,-0.5192785,-0.66670424,-0.6046735,-0.65598094,-0.68940824,-0.6490235,-0.6334642,-0.6896984,-0.708906,-0.4931194,-0.6484539,-0.72640276,-0.6516967,-0.5920887,-0.59179556,-0.60751003,-0.5878001,-0.5848906,-0.7034567,-0.64003575,-0.6670531,-0.6631629,-0.6118068,-0.557874,-0.63644326,-0.51375234,-0.54045516,-0.6088286,-0.6335916,-0.5877989,-0.6066034,-0.5885881,-0.64054,-0.5911287,-0.4430893,-0.6564439,-0.55800617,-0.49541545,-0.52848256,-0.6162486,-0.5182914,-0.5595466,-0.48451427,-0.56149304,-0.58447945,-0.559789,-0.5809004,-0.5900263,-0.49315572,-0.612723,-0.5655242,-0.6188044,-0.6170127,-0.5906769,-0.5731147,-0.5056014,-0.5829019,-0.50365627,-0.562287,-0.5426555,-0.58732176,-0.61111253,-0.54583836,-0.62019724,-0.35597745,-0.63667935,-0.50959677,-0.62869877,-0.52210623,-0.65277153,-0.5894754,-0.6596437,-0.6180569,-0.50426954,-0.65512425,-0.6787564,-0.5746961,-0.6039849,-0.6728976,-0.58190197,-0.5765736,-0.72425586,-0.54003483,-0.6357821,-0.612023,-0.6604719,-0.624415,-0.62108904,-0.7163058,-0.60991395,-0.606348,-0.65898424,-0.66320807,-0.6247189,-0.51286376,-0.7264277,-0.54602975,-0.63375545,-0.5678413,-0.6029737,-0.5729355,-0.5582335,-0.6853018,-0.52908075,-0.57176816,-0.6200574,-0.4975637,-0.5350163,-0.56351215,-0.5742856,-0.63150686,-0.71382904,-0.62320304,-0.5710264,-0.67224455,-0.6813375,-0.58919996,-0.6004842,-0.655502,-0.5787964,-0.59019816,-0.6518206
1905,0.88490146,0.02622817,-0.3641487,-0.42784765,-0.42999884,-0.44108048,-0.36083925,-0.47105855,-0.37552404,-0.42647097,-0.36171383,-0.40600085,-0.46404284,-0.31652132,-0.4348137,-0.3931806,-0.38078782,-0.36326966,-0.37027353,-0.44034055,-0.38784268,-0.37415424,-0.37040487,-0.40015998,-0.3162648,-0.42184085,-0.36600965,-0.3787935,-0.4791035,-0.3726453,-0.45780098,-0.36014944,-0.3356361,-0.4061928,-0.28956047,-0.404653,-0.35838982,-0.4182275,-0.38941717,-0.39723533,-0.31936452,-0.32793382,-0.39952344,-0.50105715,-0.38482118,-0.3933976,-0.3914786,-0.38902187,-0.3422925,-0.3711315,-0.43982074,-0.41024888,-0.35238814,-0.3548886,-0.43725324,-0.43873534,-0.41587594,-0.43212998,-0.42980564,-0.46075192,-0.41968614,-0.41816738,-0.43164936,-0.45993003,-0.44216558,-0.34215325,-0.34310627,-0.48221076,-0.47546917,-0.42441538,-0.36704868,-0.305397,-0.3834727,-0.45593202,-0.30671257,-0.49072164,-0.5082177,-0.4227809,-0.47091022,-0.46762547,-0.3928868,-0.5229786,-0.42005786,-0.42067054,-0.48147875,-0.39827198,-0.39967227,-0.5087116,-0.51450247,-0.38046506,-0.37059352,-0.48053777,-0.42297462,-0.45972118,-0.390081,-0.47779983,-0.36256835,-0.4274478,-0.49196422,-0.45909172,-0.45264974,-0.421383,-0.4393632,-0.3457758,-0.40998188,-0.3915085,-0.37172332,-0.34172288,-0.5022718,-0.35577896,-0.43980223,-0.45363876,-0.37766597,-0.3521182,-0.2505819,-0.36613762,-0.3498252,-0.44593984,-0.3355291,-0.38155714,-0.4457399,-0.3649895,-0.2759245,-0.32225743,-0.41324106,-0.43092465,-0.38700095,-0.41738468,-0.35609657,-0.32646543,-0.3606993,-0.38594732,-0.4140227,-0.40615547,-0.37838498,-0.3271973,-0.4184833,-0.3607707,-0.41839516,-0.36454138,-0.43393743,-0.32878563,-0.36214763,-0.46578494,-0.21630475,-0.46743068,-0.3836407,-0.40764567,-0.28889766,-0.44887313,-0.3892904,-0.37529457,-0.46547803,-0.3086447,-0.4231249,-0.51872754,-0.41860268,-0.44880676,-0.57462436,-0.4176025,-0.42999646,-0.496752,-0.45491892,-0.41267747,-0.43606183,-0.4136161,-0.39964062,-0.4037161,-0.48157725,-0.43585747,-0.38433605,-0.49047166,-0.44606265,-0.5032354,-0.37296295,-0.5105087,-0.38755897,-0.39055225,-0.37372908,-0.3757277,-0.3729837,-0.3832749,-0.42122698,-0.4071901,-0.35935006,-0.40763456,-0.34999728,-0.4144191,-0.4151401,-0.37198088,-0.4007994,-0.50035,-0.33237296,-0.42562923,-0.4415549,-0.4001054,-0.36684936,-0.42884487,-0.44250146,-0.4247519,-0.4614699,-0.45268598
1906,0.8845183,0.028533803,-0.2998996,-0.29250985,-0.3453954,-0.2710013,-0.28286624,-0.34413835,-0.30292937,-0.31679273,-0.31044587,-0.35162342,-0.28847334,-0.2939131,-0.33749443,-0.3047824,-0.34240517,-0.22911559,-0.22179647,-0.3020119,-0.31220543,-0.25313053,-0.26999506,-0.34269407,-0.27197844,-0.30660304,-0.27399966,-0.27442288,-0.3164702,-0.3641113,-0.3175359,-0.2664443,-0.22335547,-0.28173476,-0.2355182,-0.33846462,-0.2844847,-0.35250732,-0.31004092,-0.39200547,-0.25929394,-0.24893127,-0.27789757,-0.42450765,-0.3505169,-0.30427885,-0.31556052,-0.26967385,-0.2731024,-0.3281826,-0.35761827,-0.30664816,-0.2551358,-0.30428973,-0.35645816,-0.32183087,-0.34722236,-0.38491976,-0.30652922,-0.3362584,-0.28395975,-0.38657337,-0.33998084,-0.39289573,-0.38038984,-0.27047005,-0.25938797,-0.47849658,-0.36082458,-0.34827867,-0.27443016,-0.28189415,-0.33275998,-0.3602722,-0.22080877,-0.3765766,-0.35759363,-0.31339213,-0.38342056,-0.3454182,-0.27836195,-0.38348615,-0.28054547,-0.40288007,-0.34961402,-0.34644163,-0.31687027,-0.39769495,-0.4299523,-0.23526163,-0.31369278,-0.38170704,-0.35251328,-0.40166783,-0.2942804,-0.32500392,-0.2791193,-0.3807548,-0.39697528,-0.3648718,-0.38017088,-0.37333766,-0.30566436,-0.2976932,-0.2569689,-0.2386993,-0.2871059,-0.22692469,-0.37348807,-0.28440255,-0.30447406,-0.3227125,-0.32531756,-0.32116517,-0.20016319,-0.2952262,-0.27777952,-0.37059486,-0.24449146,-0.2985107,-0.2991825,-0.33258548,-0.20262316,-0.24903445,-0.25956374,-0.31628442,-0.30745837,-0.32334247,-0.24949597,-0.30239624,-0.33516875,-0.34057045,-0.41208753,-0.26778826,-0.27895167,-0.25915223,-0.30816624,-0.21607691,-0.29306877,-0.31327444,-0.3074406,-0.26423997,-0.20049925,-0.324439,-0.17256431,-0.35821378,-0.2771933,-0.3543234,-0.23727503,-0.35086653,-0.269273,-0.32792518,-0.41865838,-0.20460008,-0.25881454,-0.413432,-0.2643805,-0.321027,-0.40644643,-0.31714997,-0.25903672,-0.4517056,-0.25013405,-0.30307803,-0.36842233,-0.3721152,-0.3012863,-0.31241855,-0.33939287,-0.35177898,-0.30317834,-0.36020273,-0.40093094,-0.3659579,-0.24807036,-0.4087215,-0.24216355,-0.28241968,-0.2324439,-0.36503547,-0.30961597,-0.2631169,-0.35732475,-0.32009062,-0.26165512,-0.3016455,-0.24267836,-0.34388903,-0.33328092,-0.28580463,-0.30426922,-0.39513314,-0.29933357,-0.3245124,-0.3612378,-0.31487137,-0.24399677,-0.33678514,-0.41558874,-0.386426,-0.42529312,-0.4154436
1907,0.8984089,0.02707937,-0.5244728,-0.5024183,-0.52683914,-0.5051336,-0.47840345,-0.49613616,-0.513555,-0.49636525,-0.44990006,-0.44753423,-0.5080154,-0.45994025,-0.50711864,-0.4898357,-0.44818667,-0.42852238,-0.45610282,-0.50397563,-0.5448756,-0.5606657,-0.4886386,-0.59280545,-0.4967325,-0.57699686,-0.55361927,-0.43967056,-0.47287828,-0.47018948,-0.53589344,-0.41339052,-0.44893134,-0.49459806,-0.45679376,-0.47843766,-0.43651327,-0.5149431,-0.5569033,-0.5536695,-0.46053874,-0.43439782,-0.4849567,-0.55683243,-0.4685385,-0.45840865,-0.5699118,-0.4531077,-0.43248257,-0.5245587,-0.4586784,-0.49211344,-0.4329548,-0.552247,-0.60148084,-0.539875,-0.58442914,-0.5440979,-0.5126763,-0.50679064,-0.5261434,-0.51082915,-0.54288095,-0.4985065,-0.54220855,-0.42334622,-0.51582175,-0.6263542,-0.5356535,-0.5046184,-0.39713922,-0.46323657,-0.5061253,-0.5055743,-0.4761167,-0.53427976,-0.5657937,-0.5438964,-0.50102645,-0.5411236,-0.48075697,-0.5959034,-0.504768,-0.47969344,-0.47881314,-0.48772332,-0.5273162,-0.6010697,-0.5349388,-0.42168912,-0.53672254,-0.58035827,-0.5254305,-0.5899945,-0.44484514,-0.521466,-0.47728744,-0.4786132,-0.6115484,-0.53862137,-0.5476147,-0.5612792,-0.5000009,-0.49177465,-0.5039832,-0.45445445,-0.40537047,-0.44819674,-0.5394533,-0.46980616,-0.49872324,-0.5493331,-0.4935686,-0.4917987,-0.29412812,-0.52485484,-0.39793593,-0.53175634,-0.46094924,-0.48062205,-0.55495536,-0.5101026,-0.38391027,-0.3699146,-0.4862597,-0.49208167,-0.49327454,-0.45743287,-0.47980502,-0.41844484,-0.40465775,-0.55561525,-0.5057258,-0.48396167,-0.5155251,-0.39072156,-0.50556284,-0.38123325,-0.56564736,-0.47711265,-0.49311727,-0.46158385,-0.43757588,-0.53479445,-0.3316895,-0.5156227,-0.45428053,-0.5039485,-0.39482364,-0.4947286,-0.48373193,-0.4995423,-0.529581,-0.3934964,-0.5143386,-0.5952735,-0.4479884,-0.56298006,-0.5609768,-0.52364373,-0.500161,-0.6060109,-0.43811318,-0.502837,-0.56305516,-0.49448156,-0.44811523,-0.531793,-0.5382198,-0.5347229,-0.53215784,-0.5795286,-0.51800543,-0.5508502,-0.48313084,-0.555147,-0.42764083,-0.5271161,-0.47339696,-0.55319995,-0.5237642,-0.4700558,-0.55759764,-0.43480033,-0.4667021,-0.55299664,-0.45242712,-0.46830773,-0.53997034,-0.5141151,-0.5302133,-0.55679613,-0.48450208,-0.46926162,-0.5325867,-0.5415866,-0.46525288,-0.51222587,-0.47512856,-0.43983662,-0.57609737,-0.5861069
1908,0.89530206,0.027208779,-0.4886696,-0.5334627,-0.61413854,-0.5249107,-0.464697,-0.5347784,-0.50157344,-0.50978166,-0.43054217,-0.5279821,-0.48277295,-0.4418779,-0.6179241,-0.51160043,-0.5792188,-0.47711816,-0.46222487,-0.4864417,-0.50562584,-0.5232918,-0.47404122,-0.5184275,-0.53298146,-0.5686905,-0.49053735,-0.44731382,-0.5179308,-0.5466987,-0.6023886,-0.3742998,-0.46984553,-0.47618547,-0.41660878,-0.4479847,-0.4750734,-0.52597016,-0.52960885,-0.5537916,-0.47947824,-0.46816516,-0.49294934,-0.58345443,-0.59753716,-0.5096639,-0.575434,-0.41836435,-0.48049712,-0.49529505,-0.58252037,-0.4958147,-0.49763966,-0.47624433,-0.5450825,-0.5333871,-0.52103245,-0.5733015,-0.525108,-0.576042,-0.50136656,-0.5246267,-0.5523346,-0.5364452,-0.51422447,-0.44327113,-0.45802143,-0.5438475,-0.51554906,-0.55503035,-0.4358162,-0.43874925,-0.46787667,-0.48815906,-0.5206104,-0.55029976,-0.56321657,-0.5353289,-0.5629021,-0.46291265,-0.44497102,-0.56222606,-0.46856102,-0.47400764,-0.54901123,-0.45646578,-0.5987351,-0.5593091,-0.5349925,-0.44422963,-0.58735555,-0.5975353,-0.57711583,-0.47772598,-0.5206442,-0.50722116,-0.52917796,-0.53235453,-0.6155281,-0.5372522,-0.5588587,-0.54390186,-0.5376636,-0.4780546,-0.50595963,-0.4383393,-0.46357757,-0.46183777,-0.58913755,-0.49393257,-0.54611385,-0.53978854,-0.5629836,-0.49680477,-0.35433915,-0.48620808,-0.40652356,-0.50451595,-0.4700218,-0.4620546,-0.52845407,-0.4462085,-0.4533127,-0.46486256,-0.50041354,-0.46425942,-0.47412893,-0.50729394,-0.49635774,-0.5155652,-0.49491838,-0.52302915,-0.55988,-0.47404402,-0.453649,-0.3576853,-0.48468506,-0.42296842,-0.5032438,-0.5160044,-0.5289953,-0.44756454,-0.5105901,-0.56190634,-0.31735742,-0.5541811,-0.43798783,-0.44818518,-0.45529476,-0.458005,-0.5056207,-0.5064113,-0.58728254,-0.40962523,-0.50273407,-0.5982771,-0.48445517,-0.5290093,-0.5668643,-0.4693264,-0.4927875,-0.559621,-0.5586416,-0.52597,-0.53822374,-0.5723462,-0.49297965,-0.5075053,-0.5389921,-0.5230034,-0.5260417,-0.6146089,-0.55265224,-0.5914898,-0.45358896,-0.5687404,-0.45309702,-0.5540822,-0.46531165,-0.47136793,-0.53493875,-0.46568894,-0.48487854,-0.48372158,-0.4545244,-0.49043575,-0.42187747,-0.47795403,-0.5258966,-0.4587914,-0.5079463,-0.59585476,-0.43102738,-0.5078477,-0.5746552,-0.5464811,-0.37514547,-0.42858008,-0.5246866,-0.51998144,-0.5758933,-0.5824569
1909,0.9003356,0.02716839,-0.5331521,-0.5346447,-0.6180227,-0.50545686,-0.5238556,-0.49761364,-0.53377414,-0.5859443,-0.4649524,-0.5720674,-0.5206719,-0.545356,-0.58964884,-0.51927084,-0.5408004,-0.50665385,-0.5366929,-0.51617455,-0.5689956,-0.5262797,-0.4941764,-0.5163543,-0.49978536,-0.5983729,-0.54722524,-0.4828644,-0.5684791,-0.59208894,-0.5397373,-0.43650246,-0.5260124,-0.5796682,-0.4169204,-0.49566543,-0.51118165,-0.59014803,-0.5718202,-0.5739356,-0.54424286,-0.54348797,-0.516374,-0.701015,-0.59246284,-0.5612572,-0.58992803,-0.5431939,-0.49431545,-0.54905957,-0.56815517,-0.4740414,-0.47325107,-0.5475382,-0.56922644,-0.5298514,-0.6005265,-0.49473107,-0.52544266,-0.5007458,-0.5119446,-0.53935415,-0.56052566,-0.53774536,-0.5572148,-0.48678318,-0.5078569,-0.59129244,-0.55108136,-0.5115867,-0.5033008,-0.50567585,-0.5310606,-0.49765652,-0.46931046,-0.59078485,-0.59823275,-0.48098284,-0.5743517,-0.52170664,-0.46211094,-0.608392,-0.54040545,-0.5332536,-0.5509551,-0.50731146,-0.5737586,-0.63441014,-0.64328974,-0.45931804,-0.5941715,-0.5884033,-0.55496687,-0.49905604,-0.54367054,-0.5585522,-0.4821742,-0.58304334,-0.56950897,-0.520964,-0.5397809,-0.53684014,-0.5043495,-0.5058963,-0.55287045,-0.46985468,-0.49776536,-0.42710575,-0.56669086,-0.5223257,-0.5056869,-0.5464719,-0.59662503,-0.5489027,-0.44789225,-0.5071861,-0.49147236,-0.52117044,-0.5601946,-0.55250573,-0.52952045,-0.49106112,-0.44397283,-0.48544827,-0.5257251,-0.56145126,-0.599587,-0.5524925,-0.4987318,-0.48622677,-0.52781874,-0.5709969,-0.569469,-0.5282569,-0.5307061,-0.46156406,-0.58884865,-0.45669907,-0.51251155,-0.5783549,-0.5183052,-0.48093528,-0.48924837,-0.5299357,-0.32291454,-0.53212404,-0.49395633,-0.5274926,-0.4037046,-0.52939206,-0.4690565,-0.615684,-0.60858256,-0.4305262,-0.5407691,-0.5870867,-0.50713956,-0.6219583,-0.5830904,-0.5435152,-0.53761804,-0.6302888,-0.5007594,-0.5263431,-0.5590163,-0.5029218,-0.5184965,-0.5418797,-0.64156044,-0.5669429,-0.5238547,-0.53142947,-0.544198,-0.59193975,-0.4344748,-0.6205361,-0.505728,-0.56446946,-0.49889475,-0.5781886,-0.49352798,-0.45809653,-0.5270164,-0.5241344,-0.503702,-0.5395867,-0.4323192,-0.50988036,-0.55196124,-0.49260378,-0.52719915,-0.5012452,-0.5474132,-0.5517718,-0.5611528,-0.57855314,-0.4504895,-0.53120714,-0.59424376,-0.5114883,-0.6116565,-0.5894273
1910,0.8915294,0.027608575,-0.5753962,-0.48900777,-0.5740673,-0.5644746,-0.43791702,-0.5349854,-0.5572588,-0.5603659,-0.5144683,-0.5836868,-0.5294907,-0.48639238,-0.49678358,-0.5255673,-0.60308844,-0.5689029,-0.42832786,-0.53384906,-0.54898095,-0.53615683,-0.45456344,-0.5939213,-0.57329404,-0.54329276,-0.5117707,-0.5013407,-0.59125346,-0.55112326,-0.64422953,-0.47598577,-0.5486804,-0.50530267,-0.47266814,-0.45542967,-0.50349545,-0.5247854,-0.6044472,-0.57853585,-0.5016878,-0.5131576,-0.4947961,-0.6412903,-0.5148322,-0.48614278,-0.580949,-0.52048194,-0.5204472,-0.48757824,-0.5433096,-0.52723944,-0.40934172,-0.4578676,-0.5327361,-0.569248,-0.56049263,-0.4765418,-0.5414267,-0.48281413,-0.5136383,-0.52176416,-0.47915968,-0.539246,-0.55083257,-0.4806786,-0.5151323,-0.5649265,-0.5260775,-0.4544214,-0.48391658,-0.50416225,-0.49299973,-0.5118785,-0.4383413,-0.5703013,-0.60137725,-0.55241966,-0.5498998,-0.52942485,-0.4731027,-0.5436084,-0.5507282,-0.49488285,-0.49837765,-0.41215488,-0.52294886,-0.53889775,-0.54673666,-0.41017646,-0.5642728,-0.51719224,-0.53900963,-0.51728934,-0.44558793,-0.515293,-0.53488135,-0.5443044,-0.5486924,-0.5961786,-0.5344153,-0.4916283,-0.5505665,-0.5497611,-0.5288783,-0.4660687,-0.5012788,-0.48313186,-0.6191066,-0.51836246,-0.5419582,-0.5607848,-0.551511,-0.5052507,-0.3794654,-0.54267246,-0.48440644,-0.5796253,-0.50332123,-0.46480954,-0.5298866,-0.5032482,-0.43545857,-0.45787248,-0.4892017,-0.4927086,-0.51909244,-0.57884866,-0.5104891,-0.5084963,-0.5301701,-0.6091493,-0.59029615,-0.53958905,-0.4645282,-0.4395466,-0.521552,-0.45520785,-0.5549632,-0.4981929,-0.5318846,-0.50039893,-0.5108237,-0.5496599,-0.39244387,-0.5450823,-0.5358997,-0.52408534,-0.43624467,-0.58566093,-0.47588435,-0.53434116,-0.62758946,-0.34695196,-0.5337173,-0.58437145,-0.5178558,-0.53402054,-0.57725513,-0.4810706,-0.4523643,-0.6215003,-0.52821475,-0.5649124,-0.5777114,-0.4760047,-0.54832655,-0.49606386,-0.6214007,-0.5450122,-0.5371377,-0.55877167,-0.57738686,-0.5749241,-0.5493272,-0.61990726,-0.45576382,-0.5392558,-0.51306623,-0.5128936,-0.5067797,-0.4411574,-0.5418332,-0.46130925,-0.4423947,-0.5977122,-0.40055457,-0.5105329,-0.49876982,-0.45470792,-0.58460015,-0.50716794,-0.4878793,-0.5568455,-0.53959084,-0.53805566,-0.51275635,-0.49840906,-0.56238896,-0.4939843,-0.585712,-0.5721362
1911,0.8855448,0.027505126,-0.55386895,-0.5451173,-0.5925346,-0.50187504,-0.48444134,-0.61189955,-0.55884,-0.5513498,-0.4458396,-0.59397024,-0.5785582,-0.5255078,-0.5547113,-0.54954016,-0.6395676,-0.5106913,-0.4759246,-0.5428391,-0.5960809,-0.53875107,-0.53489584,-0.5780345,-0.50649047,-0.5870373,-0.53287137,-0.55480206,-0.5413378,-0.56044835,-0.6130856,-0.49324095,-0.50895387,-0.55903536,-0.512414,-0.51398367,-0.558015,-0.58417004,-0.54251975,-0.58558226,-0.5174603,-0.49769345,-0.55353445,-0.6074813,-0.58041483,-0.5854658,-0.59240407,-0.5812381,-0.5380908,-0.5608585,-0.6012979,-0.5300326,-0.47639403,-0.5039056,-0.5819636,-0.532514,-0.5614604,-0.48825467,-0.57142305,-0.50299215,-0.56296945,-0.4843159,-0.5765669,-0.50530696,-0.5510691,-0.46639362,-0.5106563,-0.5813436,-0.52171046,-0.52901214,-0.45818347,-0.5009325,-0.53169906,-0.53227544,-0.43942446,-0.5770856,-0.5968238,-0.47737092,-0.6018146,-0.6088209,-0.4580701,-0.5834849,-0.5000187,-0.41752863,-0.5317521,-0.50669646,-0.52849174,-0.5330725,-0.57553965,-0.4522176,-0.600107,-0.5897289,-0.5061224,-0.45026875,-0.5293549,-0.58031446,-0.537562,-0.46623665,-0.57501227,-0.51531893,-0.5329547,-0.54010886,-0.57467645,-0.5231991,-0.5427302,-0.51530796,-0.5321523,-0.51434267,-0.58683723,-0.5014375,-0.59040165,-0.5508395,-0.58199775,-0.58486164,-0.4162175,-0.559548,-0.49876326,-0.5708886,-0.51059496,-0.5916942,-0.576835,-0.54578656,-0.5014336,-0.44749177,-0.5293677,-0.5602118,-0.5635816,-0.56566894,-0.56155115,-0.54329795,-0.55657285,-0.5926757,-0.6166389,-0.48629275,-0.5005071,-0.57626224,-0.58028716,-0.44034958,-0.5642033,-0.56942034,-0.5249959,-0.5350494,-0.53444856,-0.59104854,-0.39489824,-0.60660535,-0.5245623,-0.55138314,-0.44860342,-0.6022834,-0.5537547,-0.57493305,-0.5587725,-0.44710374,-0.5942796,-0.63383603,-0.5093332,-0.5408962,-0.6370465,-0.5051089,-0.4730018,-0.64845634,-0.5421129,-0.52982134,-0.55690527,-0.5184566,-0.52116126,-0.48043147,-0.6013157,-0.5374098,-0.5357859,-0.5256341,-0.6034972,-0.5509114,-0.4881398,-0.612453,-0.500592,-0.5666643,-0.47218233,-0.5491095,-0.49479136,-0.4652318,-0.55112755,-0.44063184,-0.53552204,-0.4873583,-0.4664315,-0.51372963,-0.51602435,-0.5008589,-0.58642554,-0.6056589,-0.49404812,-0.50705624,-0.6120308,-0.6034355,-0.49510223,-0.47844884,-0.5937695,-0.5672908,-0.6639885,-0.56491274
1912,0.9080447,0.026315205,-0.49667156,-0.44053727,-0.52929056,-0.41988158,-0.4822036,-0.5040333,-0.50425845,-0.47848758,-0.44788778,-0.46192428,-0.5361235,-0.4879193,-0.5501822,-0.51622635,-0.5226192,-0.4044462,-0.41989264,-0.52253014,-0.52610177,-0.46765912,-0.4545974,-0.5091187,-0.44895005,-0.5040346,-0.47029844,-0.40571216,-0.5253449,-0.5113463,-0.55597377,-0.41715077,-0.4594323,-0.5100698,-0.44290486,-0.4869962,-0.4796364,-0.5405603,-0.5575139,-0.5096326,-0.4300551,-0.5087676,-0.49370903,-0.54931784,-0.5083414,-0.49903765,-0.5304537,-0.46152818,-0.51441723,-0.5088894,-0.5259747,-0.4373279,-0.43876925,-0.39478758,-0.5157192,-0.41514137,-0.5214028,-0.42570075,-0.45977142,-0.496689,-0.50750893,-0.45428905,-0.4815705,-0.5172122,-0.4149407,-0.42954156,-0.45478252,-0.5240456,-0.4511785,-0.43184146,-0.39051256,-0.4155031,-0.50109226,-0.49836794,-0.4558042,-0.47516584,-0.5214555,-0.44247246,-0.5932425,-0.50220525,-0.38611844,-0.5019117,-0.45895225,-0.46090388,-0.47969493,-0.38736057,-0.4997502,-0.48514038,-0.50377285,-0.38172215,-0.5492743,-0.47664592,-0.47310203,-0.4165385,-0.4678305,-0.41482583,-0.49009228,-0.46717972,-0.5831065,-0.4650749,-0.48292845,-0.50498545,-0.52842826,-0.44400564,-0.5285673,-0.41870055,-0.4395423,-0.47014296,-0.52577823,-0.48202962,-0.4682438,-0.49808648,-0.5008655,-0.4074343,-0.3921215,-0.49974567,-0.4824221,-0.42828926,-0.4728178,-0.4922424,-0.47124133,-0.53258246,-0.3946249,-0.38279614,-0.47278556,-0.48756388,-0.52246225,-0.46664134,-0.47933874,-0.44314277,-0.4250479,-0.5219173,-0.56426674,-0.4394631,-0.49909535,-0.4343926,-0.5048408,-0.42994428,-0.48285788,-0.477586,-0.5146597,-0.42750305,-0.47035757,-0.49723962,-0.3856353,-0.5165214,-0.41967887,-0.5017987,-0.39128107,-0.5269998,-0.47800997,-0.5182721,-0.477236,-0.4219669,-0.50035715,-0.48174557,-0.501734,-0.50496763,-0.54813194,-0.45610097,-0.44056186,-0.48172435,-0.49381226,-0.43961063,-0.47719377,-0.4688234,-0.47259328,-0.48494232,-0.5595596,-0.43472198,-0.49750656,-0.49214485,-0.5174409,-0.4683601,-0.5001103,-0.5326473,-0.46221614,-0.48902813,-0.42254904,-0.52052397,-0.45744666,-0.42539018,-0.5195446,-0.4067607,-0.4389764,-0.48548225,-0.42875654,-0.4228279,-0.51093644,-0.47860506,-0.46263376,-0.503172,-0.42946404,-0.39946055,-0.56898946,-0.41204673,-0.4216448,-0.43449685,-0.54293746,-0.43458664,-0.46902218,-0.5240857
1913,0.91782683,0.026403014,-0.44701377,-0.4673285,-0.49607998,-0.5120699,-0.40623298,-0.52790606,-0.49412844,-0.5192326,-0.42748758,-0.49907053,-0.45545462,-0.458257,-0.49472898,-0.49671817,-0.49899432,-0.41648033,-0.4174355,-0.49779075,-0.5253832,-0.46803817,-0.4945821,-0.44209433,-0.4710968,-0.5379559,-0.47164273,-0.42285293,-0.4982221,-0.51459134,-0.5389418,-0.38610974,-0.4629172,-0.47795266,-0.4203565,-0.44329783,-0.4263057,-0.46771348,-0.54112726,-0.51225007,-0.4568055,-0.46519545,-0.45050624,-0.5135585,-0.4676867,-0.4839316,-0.4867038,-0.46342778,-0.5034189,-0.49336404,-0.5830199,-0.42164516,-0.42280543,-0.48508012,-0.52579564,-0.39956984,-0.4855365,-0.37550342,-0.5384862,-0.45169953,-0.43447003,-0.41926256,-0.46825194,-0.49884737,-0.47066274,-0.40547687,-0.44058815,-0.5387648,-0.39251742,-0.42569727,-0.44144443,-0.36073127,-0.4847048,-0.41538793,-0.3821815,-0.44857338,-0.53842956,-0.37827125,-0.49103865,-0.4411311,-0.32551754,-0.48340484,-0.4854521,-0.4502974,-0.4759396,-0.39596006,-0.43400425,-0.4416169,-0.52004635,-0.34524706,-0.4892364,-0.4846973,-0.4897562,-0.44598305,-0.42770994,-0.43029535,-0.47615132,-0.42805248,-0.5008752,-0.45884246,-0.4637907,-0.409819,-0.5104067,-0.42128837,-0.47295466,-0.37501833,-0.44151944,-0.41986072,-0.53602016,-0.46517175,-0.48368955,-0.52238536,-0.45594707,-0.43438968,-0.28903902,-0.49047932,-0.4777151,-0.51922405,-0.42392194,-0.4542522,-0.44469061,-0.4275844,-0.441396,-0.46054733,-0.42736226,-0.5066137,-0.5317766,-0.49703878,-0.45733485,-0.46106288,-0.4518965,-0.49066254,-0.5351911,-0.41127217,-0.39260975,-0.4452714,-0.41429153,-0.38638037,-0.46860814,-0.48801732,-0.4556363,-0.35678434,-0.4274312,-0.57368004,-0.2986374,-0.4989776,-0.4706911,-0.48048338,-0.44582924,-0.5685629,-0.47680357,-0.49550098,-0.5032038,-0.37393388,-0.47466546,-0.45181865,-0.48056152,-0.4886057,-0.54388934,-0.40532646,-0.44919938,-0.51410335,-0.47732994,-0.4738036,-0.5424547,-0.47163337,-0.51139057,-0.5010392,-0.50524056,-0.46938607,-0.47473654,-0.50988066,-0.45467907,-0.51152104,-0.44115883,-0.50618476,-0.41108418,-0.48874027,-0.42230004,-0.48876417,-0.47043255,-0.3721129,-0.4891888,-0.49955496,-0.4690506,-0.48327965,-0.38767081,-0.40450376,-0.4941167,-0.40272498,-0.5187667,-0.45705166,-0.44819033,-0.4873479,-0.4933912,-0.45784482,-0.4301635,-0.44311428,-0.58027387,-0.41710198,-0.5193099,-0.481124
1914,0.9035409,0.028313644,-0.24975641,-0.2511079,-0.31080052,-0.25144067,-0.24375218,-0.31811473,-0.26430938,-0.32450363,-0.2113238,-0.27158764,-0.19556095,-0.23010798,-0.2774496,-0.30333325,-0.34431633,-0.27907756,-0.27018613,-0.28269628,-0.27308366,-0.26574558,-0.21668619,-0.28539655,-0.22594775,-0.38423136,-0.27273875,-0.23821948,-0.28469062,-0.345205,-0.32626173,-0.16868268,-0.24066165,-0.24411818,-0.18395919,-0.2933967,-0.23401237,-0.21049777,-0.25089467,-0.2625451,-0.23140514,-0.25501555,-0.2796303,-0.30572078,-0.25422698,-0.28294894,-0.29046473,-0.25729904,-0.25401533,-0.26252484,-0.30490088,-0.23501605,-0.20069629,-0.20577292,-0.35140988,-0.20178196,-0.29145902,-0.22569339,-0.29598808,-0.2824981,-0.25338122,-0.26474562,-0.24456267,-0.31133306,-0.3024273,-0.17954811,-0.252951,-0.2666309,-0.20962091,-0.14867839,-0.27106366,-0.20268717,-0.24919471,-0.26677248,-0.16592018,-0.2661724,-0.3505254,-0.2488251,-0.3082497,-0.27292162,-0.1826767,-0.27364197,-0.2606091,-0.22153269,-0.27272227,-0.25049827,-0.21066302,-0.29242915,-0.31139246,-0.14034079,-0.28421888,-0.28151318,-0.22495581,-0.29144052,-0.23394035,-0.24409601,-0.26684391,-0.2458821,-0.31766453,-0.21399966,-0.3157869,-0.2590033,-0.29182437,-0.2136422,-0.27645668,-0.19053589,-0.2033334,-0.232508,-0.31516477,-0.23497325,-0.2853483,-0.35725173,-0.28419808,-0.27513877,-0.099005096,-0.21892549,-0.28815177,-0.2948647,-0.22824933,-0.2606579,-0.2854924,-0.19320592,-0.27528593,-0.20589966,-0.26039794,-0.2820864,-0.30535373,-0.24943595,-0.24536781,-0.25624672,-0.29017836,-0.2382174,-0.33969808,-0.24057308,-0.28530318,-0.2048877,-0.19714281,-0.17799102,-0.24081849,-0.30780044,-0.3038518,-0.19610931,-0.26627022,-0.2613915,-0.1326532,-0.2738012,-0.3042867,-0.25366393,-0.18453617,-0.29834986,-0.22851363,-0.28815752,-0.30073112,-0.14055322,-0.28851885,-0.30945516,-0.23127037,-0.31160915,-0.33086735,-0.20957074,-0.2804363,-0.34730718,-0.20887111,-0.2804769,-0.2707829,-0.18689135,-0.25866035,-0.22807167,-0.33163524,-0.2505478,-0.28942448,-0.27561605,-0.30094755,-0.2588159,-0.27406588,-0.32755965,-0.25334108,-0.28102016,-0.22516708,-0.28188848,-0.25362292,-0.18473014,-0.3041616,-0.23232631,-0.18959272,-0.24301992,-0.23807429,-0.21449144,-0.32582512,-0.27618456,-0.30039704,-0.22634566,-0.27750856,-0.21070401,-0.32193768,-0.26107302,-0.2343882,-0.20708932,-0.3558835,-0.24568376,-0.3512091,-0.29230735
1915,0.8690454,0.03292013,-0.24398062,-0.2365796,-0.24685386,-0.20597576,-0.12756245,-0.23416957,-0.22851926,-0.17673084,-0.088039726,-0.24960986,-0.20420285,-0.16110902,-0.18067986,-0.1885953,-0.19735569,-0.15679756,-0.20571539,-0.2237616,-0.20052584,-0.14376356,-0.12083502,-0.25865743,-0.16505226,-0.21764086,-0.25373036,-0.20976241,-0.2344165,-0.2409455,-0.29786617,-0.12971474,-0.21803926,-0.18622829,-0.086591,-0.14827539,-0.097934484,-0.15173893,-0.16355339,-0.20462157,-0.19820379,-0.12712854,-0.16148025,-0.24623206,-0.13149543,-0.21628231,-0.2939612,-0.22488008,-0.17056431,-0.21024495,-0.21724339,-0.11078593,-0.1459483,-0.16226931,-0.26310807,-0.13594584,-0.20933178,-0.23046488,-0.17600411,-0.12642634,-0.1651693,-0.20306928,-0.15517761,-0.22212724,-0.145455,-0.1585794,-0.2398052,-0.17588401,-0.14855711,-0.18707155,-0.1752034,-0.054473285,-0.2302742,-0.22061571,-0.151293,-0.25487375,-0.26368394,-0.17660944,-0.30193204,-0.2253705,-0.16801426,-0.27743644,-0.16043255,-0.1387294,-0.17200166,-0.12710518,-0.19021982,-0.2207175,-0.27003458,-0.10528513,-0.16842769,-0.2926961,-0.20630199,-0.21234782,-0.17327611,-0.12557584,-0.17742452,-0.17878927,-0.30692098,-0.18679294,-0.22995465,-0.18318182,-0.266191,-0.19847684,-0.18603973,-0.13549437,-0.10931915,-0.18217768,-0.24661003,-0.24488625,-0.21244757,-0.18619666,-0.15488495,-0.1923302,-0.09242761,-0.22127879,-0.16175169,-0.23129308,-0.21283507,-0.12398158,-0.16464208,-0.16767961,-0.16786459,-0.15929444,-0.21372116,-0.23801388,-0.3051353,-0.19246708,-0.1744087,-0.16737889,-0.27158344,-0.24081135,-0.24501207,-0.14174855,-0.19703831,-0.12943016,-0.1988057,-0.13608389,-0.19635937,-0.2103587,-0.20546487,-0.109385096,-0.22451413,-0.25190443,-0.08246261,-0.21864654,-0.1679786,-0.19754341,-0.12151434,-0.20579784,-0.19153707,-0.22356547,-0.21946009,-0.08216051,-0.19821988,-0.2705805,-0.18007487,-0.20863317,-0.28774914,-0.17771992,-0.15037687,-0.28803468,-0.2316884,-0.22327496,-0.22198813,-0.18405719,-0.18791254,-0.1957595,-0.22852942,-0.21609645,-0.15612848,-0.24035533,-0.18210423,-0.23442136,-0.20203787,-0.18554254,-0.20346734,-0.20276311,-0.14586948,-0.19216757,-0.19760461,-0.14039797,-0.26115978,-0.19639309,-0.17774183,-0.10751163,-0.1477133,-0.105723076,-0.20488557,-0.14759098,-0.23062165,-0.14823486,-0.09865728,-0.13202314,-0.21712339,-0.13997164,-0.13668805,-0.18902881,-0.31573626,-0.1319901,-0.20506321,-0.14027537
1916,0.8495527,0.03836253,-0.45164356,-0.3963781,-0.53328925,-0.37366173,-0.3590085,-0.47427216,-0.43259802,-0.44825804,-0.39014858,-0.45487857,-0.47340447,-0.34488374,-0.471469,-0.47884503,-0.4989692,-0.41140154,-0.38730004,-0.38346004,-0.44552442,-0.38260832,-0.38797393,-0.5196709,-0.4319617,-0.4420747,-0.49710125,-0.42943397,-0.43556386,-0.48859233,-0.51376337,-0.32716683,-0.44753143,-0.38045916,-0.36284187,-0.4281272,-0.3764137,-0.45379615,-0.46921766,-0.47160512,-0.35672584,-0.38030457,-0.43405405,-0.45102367,-0.44521144,-0.47740912,-0.4715138,-0.36901423,-0.44094712,-0.37522092,-0.4049369,-0.39336315,-0.43234992,-0.43597206,-0.55859506,-0.38312098,-0.46261233,-0.38978142,-0.42076638,-0.46424177,-0.43918687,-0.36592838,-0.4415572,-0.4503861,-0.45690364,-0.41820946,-0.39246428,-0.4198696,-0.36854666,-0.35647655,-0.39238763,-0.36250144,-0.41964173,-0.39287686,-0.33767065,-0.4448663,-0.49170676,-0.44454366,-0.45358235,-0.4049027,-0.34530655,-0.41754156,-0.39530444,-0.41756442,-0.46337658,-0.4330261,-0.46794564,-0.41089177,-0.47574008,-0.3504887,-0.5155583,-0.4726873,-0.39621735,-0.3304272,-0.36326498,-0.37106603,-0.42823228,-0.3909003,-0.47854453,-0.41899604,-0.45615363,-0.4012538,-0.40496016,-0.42876342,-0.43966675,-0.3592541,-0.29472324,-0.388461,-0.49332634,-0.38348883,-0.45085907,-0.5335922,-0.38365814,-0.3990083,-0.2949582,-0.38532174,-0.38301173,-0.4134216,-0.4182936,-0.40361527,-0.43380734,-0.42012,-0.350285,-0.3891679,-0.4504884,-0.40390858,-0.44288057,-0.4244172,-0.35532945,-0.41013652,-0.42308214,-0.4314282,-0.45775664,-0.4215635,-0.40651643,-0.37767392,-0.396349,-0.28958952,-0.36691585,-0.45063674,-0.40009955,-0.41735992,-0.40463454,-0.49690616,-0.33448386,-0.44955423,-0.38910317,-0.4070151,-0.36795425,-0.45434833,-0.46678537,-0.42334908,-0.50637716,-0.30460343,-0.4401424,-0.44521025,-0.4167742,-0.4060771,-0.5044522,-0.39172557,-0.43993708,-0.43770725,-0.45493662,-0.40585792,-0.46405593,-0.4110188,-0.4022969,-0.37858114,-0.43197352,-0.452284,-0.41830415,-0.45206705,-0.5339564,-0.49984956,-0.39806372,-0.44209543,-0.35749656,-0.3912491,-0.4157901,-0.43831027,-0.40710476,-0.4123881,-0.46579334,-0.41173068,-0.41143712,-0.35391513,-0.39083576,-0.4303849,-0.42634237,-0.35918683,-0.4051368,-0.43303242,-0.39860424,-0.37283382,-0.4757431,-0.38404918,-0.392354,-0.35165384,-0.5009718,-0.4195574,-0.48561144,-0.48563176
1917,0.8242422,0.042785257,-0.5668875,-0.53654915,-0.5509894,-0.6091363,-0.4906205,-0.600077,-0.59450316,-0.5268135,-0.48198363,-0.58055204,-0.5507396,-0.4981974,-0.6029297,-0.578281,-0.60874593,-0.52152586,-0.5361319,-0.59197414,-0.55646735,-0.5675737,-0.5612408,-0.5571982,-0.53522927,-0.60455954,-0.57741076,-0.50704587,-0.57138866,-0.53591937,-0.5932078,-0.47429994,-0.5601798,-0.55343074,-0.46284664,-0.45742574,-0.48682615,-0.6127645,-0.58624977,-0.5413361,-0.53778106,-0.47515696,-0.50597537,-0.56936336,-0.5759186,-0.54163855,-0.6531664,-0.60927474,-0.55450195,-0.54789305,-0.5608701,-0.4804957,-0.55317605,-0.46309018,-0.63668793,-0.47195956,-0.52152264,-0.5242248,-0.5925047,-0.56876767,-0.5794155,-0.46176538,-0.6057672,-0.5855359,-0.61064893,-0.49995938,-0.55601156,-0.56088936,-0.49351513,-0.4604395,-0.4635991,-0.523251,-0.5459571,-0.52747273,-0.45576254,-0.5847936,-0.5994134,-0.47289145,-0.6227973,-0.5761882,-0.47810057,-0.56212205,-0.49926332,-0.51813227,-0.6220657,-0.45565352,-0.5779913,-0.55792713,-0.54512554,-0.43014055,-0.5707782,-0.6497079,-0.5677547,-0.53512424,-0.53274184,-0.5925288,-0.5280099,-0.5213256,-0.5762884,-0.50661236,-0.52165437,-0.54908323,-0.5395411,-0.55583,-0.5106565,-0.4729096,-0.5135117,-0.4880087,-0.636879,-0.53042257,-0.5835424,-0.5731721,-0.57650954,-0.52469754,-0.45792282,-0.631033,-0.4751316,-0.57928485,-0.57897913,-0.558024,-0.6099407,-0.5023514,-0.5507684,-0.47757277,-0.5385008,-0.54480374,-0.5923754,-0.5686624,-0.5185693,-0.51820576,-0.51629335,-0.58681387,-0.5659546,-0.4875287,-0.49663097,-0.44934145,-0.57463515,-0.4772256,-0.60311216,-0.5654986,-0.548027,-0.53180534,-0.4961122,-0.5219802,-0.39309326,-0.5448749,-0.5626211,-0.5506533,-0.46301925,-0.5569329,-0.5452969,-0.5721018,-0.62462896,-0.41682866,-0.51030517,-0.5699817,-0.5512845,-0.56230855,-0.5839477,-0.47976863,-0.5166751,-0.6283093,-0.4988029,-0.54636,-0.5624552,-0.53670967,-0.50472987,-0.515261,-0.6598292,-0.5794562,-0.5841425,-0.5670212,-0.52664053,-0.60982734,-0.55189115,-0.58461994,-0.52866423,-0.51933926,-0.45840177,-0.64548206,-0.5254225,-0.5696058,-0.63009995,-0.550221,-0.56088567,-0.5941583,-0.44296426,-0.46471882,-0.5061732,-0.4720455,-0.5309283,-0.62022346,-0.5309535,-0.50030917,-0.598689,-0.57106096,-0.54675263,-0.4749923,-0.6070276,-0.5345296,-0.56159174,-0.5868938
1918,0.7952867,0.04600972,-0.39609814,-0.39944458,-0.42884663,-0.43768075,-0.3413837,-0.42152396,-0.47103852,-0.4109635,-0.39183974,-0.42501742,-0.47313395,-0.3722705,-0.458401,-0.4844409,-0.49567223,-0.3824567,-0.3618026,-0.43227905,-0.47950763,-0.40599227,-0.3556752,-0.43196884,-0.4050383,-0.4341604,-0.35541666,-0.43205088,-0.5395512,-0.4390373,-0.49028817,-0.39841336,-0.43642566,-0.42537084,-0.3387527,-0.53468704,-0.43382478,-0.39191347,-0.49306992,-0.4427386,-0.437123,-0.46117923,-0.43056384,-0.42275453,-0.43723944,-0.45027986,-0.5137004,-0.40133932,-0.4436266,-0.46633366,-0.4192687,-0.35655886,-0.4579386,-0.4490198,-0.43695524,-0.38404572,-0.41233352,-0.36387,-0.43921536,-0.4161582,-0.48191985,-0.39143485,-0.43680808,-0.4466308,-0.5340997,-0.3434934,-0.36787125,-0.5062913,-0.38078094,-0.36848715,-0.3627053,-0.39720833,-0.44033185,-0.39090168,-0.31887037,-0.45324528,-0.5365495,-0.42869762,-0.46302947,-0.4618825,-0.44573665,-0.44247866,-0.45015344,-0.32152572,-0.46584824,-0.4379807,-0.41185015,-0.4940632,-0.49100643,-0.31460258,-0.45178297,-0.4522234,-0.37382507,-0.43873963,-0.41492388,-0.36122915,-0.39550042,-0.4204592,-0.5164123,-0.4575427,-0.38602415,-0.47527897,-0.410164,-0.40034407,-0.5317198,-0.40918198,-0.37757137,-0.40979174,-0.46965843,-0.44214582,-0.4268385,-0.45650366,-0.4448958,-0.40122592,-0.32281807,-0.44361803,-0.4028848,-0.45757788,-0.43764326,-0.42508766,-0.44494787,-0.42077366,-0.3645461,-0.37672785,-0.4527093,-0.39499477,-0.4937052,-0.4063466,-0.4055542,-0.3856312,-0.4506018,-0.40430546,-0.47572792,-0.41128764,-0.4016711,-0.29436585,-0.4571146,-0.29613397,-0.38830653,-0.40552086,-0.48120925,-0.39910224,-0.40730727,-0.44660398,-0.21126905,-0.49568632,-0.38101363,-0.38005504,-0.3968948,-0.47875446,-0.39366615,-0.44927242,-0.52844286,-0.22123075,-0.42416584,-0.4551608,-0.41028327,-0.42464843,-0.51791734,-0.40842915,-0.4241789,-0.48132956,-0.34564078,-0.41821012,-0.48346528,-0.41419643,-0.4415117,-0.43530023,-0.44061717,-0.45122835,-0.4465687,-0.43503094,-0.5167499,-0.54970086,-0.4450213,-0.4363285,-0.42218712,-0.41403803,-0.38659707,-0.49343577,-0.4603438,-0.43657175,-0.4912081,-0.41781187,-0.44357044,-0.41692758,-0.41852507,-0.39596087,-0.44791907,-0.43131554,-0.39804763,-0.4686912,-0.419764,-0.2686409,-0.4559826,-0.38300243,-0.41756856,-0.34163642,-0.5041356,-0.3995289,-0.55612296,-0.4619297
1919,0.8037021,0.04431974,-0.4131473,-0.331824,-0.3413364,-0.3521737,-0.2937537,-0.35757008,-0.335386,-0.3742434,-0.34990406,-0.3430353,-0.34938043,-0.35317746,-0.30330366,-0.32147685,-0.33953565,-0.31025252,-0.34408072,-0.3643915,-0.3795616,-0.3661869,-0.25046563,-0.43738917,-0.30243808,-0.36400327,-0.3437054,-0.2738771,-0.3620021,-0.29647806,-0.37120095,-0.3018899,-0.31355438,-0.32120326,-0.23183633,-0.29727057,-0.26125777,-0.32698983,-0.36912093,-0.3583096,-0.32649398,-0.27413327,-0.30485559,-0.36117736,-0.3710858,-0.4233594,-0.39793777,-0.33637047,-0.25543553,-0.38229802,-0.37156507,-0.29416746,-0.28070912,-0.3067555,-0.34294066,-0.3236469,-0.371185,-0.33993673,-0.31791526,-0.25895435,-0.33684614,-0.32006162,-0.35064226,-0.36101308,-0.3728722,-0.25922135,-0.33243504,-0.36848125,-0.30831409,-0.34814143,-0.28489402,-0.26770064,-0.3632172,-0.37259614,-0.2181249,-0.4220526,-0.4137254,-0.3143291,-0.4185536,-0.3500592,-0.2649305,-0.38838634,-0.34850857,-0.30653432,-0.42709994,-0.27889606,-0.3503129,-0.39576036,-0.35021782,-0.26427907,-0.30635586,-0.4088233,-0.4108614,-0.3253245,-0.28228578,-0.26841053,-0.29630366,-0.29767537,-0.39632308,-0.39709643,-0.4170613,-0.38361087,-0.29927397,-0.33241022,-0.3890121,-0.25758195,-0.24014805,-0.25264463,-0.3009761,-0.36727154,-0.40875262,-0.43788046,-0.28315404,-0.31126162,-0.19642273,-0.2974114,-0.3596224,-0.3644651,-0.34050354,-0.36870775,-0.36908028,-0.2805979,-0.26736775,-0.275899,-0.31214073,-0.31856453,-0.34615475,-0.28208888,-0.300948,-0.31620136,-0.29638994,-0.36599407,-0.3743921,-0.26894048,-0.2827007,-0.21135934,-0.33384487,-0.26465893,-0.31275412,-0.29624346,-0.42787522,-0.2749064,-0.32219407,-0.38255948,-0.117152475,-0.34638146,-0.39718732,-0.33279917,-0.25831956,-0.3273993,-0.39779723,-0.28095356,-0.40350917,-0.23209758,-0.38198367,-0.41400287,-0.30346605,-0.36833683,-0.4575369,-0.34794867,-0.36682615,-0.4262372,-0.30973092,-0.37471235,-0.45841,-0.34130836,-0.34240013,-0.33599472,-0.36317432,-0.33841482,-0.335388,-0.3486231,-0.3180758,-0.4180725,-0.26025632,-0.37047225,-0.29981944,-0.3776466,-0.25983134,-0.41261864,-0.3243606,-0.31383127,-0.37701023,-0.33110008,-0.20764245,-0.3200919,-0.29603532,-0.25480306,-0.30013275,-0.3285376,-0.33505085,-0.35025615,-0.33240578,-0.25327542,-0.3350678,-0.29001844,-0.33727303,-0.2701977,-0.43820694,-0.35071096,-0.37306657,-0.3472741
1920,0.8501294,0.03837782,-0.37849036,-0.30668336,-0.3043622,-0.30693904,-0.2761543,-0.40506065,-0.2912359,-0.33133623,-0.22334287,-0.27613467,-0.3421623,-0.25674745,-0.35664156,-0.290289,-0.3489637,-0.27959442,-0.2669972,-0.2981265,-0.32860136,-0.24723294,-0.25891963,-0.2147704,-0.3116477,-0.3995509,-0.30609313,-0.29890677,-0.36046764,-0.2860248,-0.4104644,-0.19760887,-0.33152,-0.31168768,-0.25238922,-0.32903707,-0.22348084,-0.28357947,-0.36731964,-0.23886868,-0.25251347,-0.2613867,-0.24849613,-0.33341736,-0.35490963,-0.30758256,-0.3080573,-0.2970071,-0.27070418,-0.34267503,-0.40991712,-0.2565779,-0.28384432,-0.31735584,-0.36241308,-0.2853987,-0.33735022,-0.19448538,-0.33663988,-0.31440225,-0.3587211,-0.26693878,-0.3225896,-0.3748005,-0.32168436,-0.29302597,-0.2834225,-0.4325917,-0.2781543,-0.25213176,-0.26553762,-0.32218865,-0.34111023,-0.32581055,-0.23990653,-0.30741248,-0.35906655,-0.3118714,-0.3737078,-0.26947987,-0.17886019,-0.38904366,-0.282999,-0.24467558,-0.25878802,-0.28896332,-0.36251047,-0.27821437,-0.3717848,-0.18895139,-0.36273032,-0.35190293,-0.3256559,-0.29261976,-0.21845035,-0.25554782,-0.24074897,-0.3225167,-0.35471284,-0.28352496,-0.3008926,-0.25746694,-0.34482926,-0.23885453,-0.35818732,-0.23414925,-0.2471205,-0.26045215,-0.40127942,-0.31787544,-0.30170688,-0.34389377,-0.30508047,-0.30191445,-0.20872626,-0.33941236,-0.31992006,-0.32237297,-0.28817418,-0.33431756,-0.31026518,-0.28808457,-0.2449845,-0.27627766,-0.36296088,-0.33483765,-0.36245692,-0.2649533,-0.33504817,-0.29213476,-0.26231688,-0.33982006,-0.3567635,-0.2623283,-0.3472832,-0.27636194,-0.29300907,-0.23572715,-0.3072792,-0.26640323,-0.3547193,-0.26743838,-0.31309915,-0.31211177,-0.09166545,-0.29626134,-0.22427286,-0.27189046,-0.24479848,-0.343423,-0.32042795,-0.23872203,-0.3448825,-0.19731264,-0.32791814,-0.38484654,-0.35167214,-0.38093826,-0.4391538,-0.3283976,-0.23723729,-0.37435213,-0.29636106,-0.3483608,-0.30314586,-0.38070235,-0.24840435,-0.34138212,-0.35813433,-0.30408505,-0.32821637,-0.39164558,-0.38029513,-0.4024159,-0.32490444,-0.3781593,-0.23609713,-0.27731276,-0.18657564,-0.35713828,-0.3216875,-0.24963579,-0.31955603,-0.34818155,-0.32869586,-0.28833115,-0.30057427,-0.22855088,-0.30766004,-0.24484478,-0.3294862,-0.27219546,-0.2708223,-0.2568359,-0.3313582,-0.28229955,-0.27017215,-0.28518394,-0.38976926,-0.2615083,-0.33004078,-0.40053025
1921,0.8814933,0.03450716,-0.27135968,-0.3087111,-0.3103877,-0.28102502,-0.23661792,-0.30246717,-0.23821154,-0.19039811,-0.15741187,-0.23564215,-0.28747857,-0.24180955,-0.30584535,-0.3292006,-0.28874698,-0.19257262,-0.18370093,-0.20396137,-0.24421932,-0.21671857,-0.2519717,-0.3294461,-0.27355772,-0.32327643,-0.23217183,-0.21484028,-0.2346321,-0.31205875,-0.28055197,-0.20664772,-0.2801791,-0.22588398,-0.17404273,-0.22539097,-0.15749486,-0.22232357,-0.2266504,-0.19278608,-0.2843846,-0.18248829,-0.29366738,-0.27256197,-0.25843328,-0.2731171,-0.2810957,-0.21219641,-0.2358833,-0.31553954,-0.26068133,-0.17582059,-0.21193215,-0.20913592,-0.29592472,-0.2541936,-0.31148446,-0.1832846,-0.249102,-0.2781759,-0.3404623,-0.18975632,-0.26366958,-0.32814276,-0.21477693,-0.17599656,-0.2259041,-0.34600577,-0.19448282,-0.26052248,-0.20889866,-0.16625851,-0.23872839,-0.1811273,-0.1261183,-0.19845143,-0.2611201,-0.2049337,-0.24589083,-0.21894205,-0.21075784,-0.27514818,-0.2415641,-0.19405995,-0.30516192,-0.22444561,-0.21098757,-0.24593818,-0.25718588,-0.090298995,-0.30814373,-0.2809747,-0.26036128,-0.21580544,-0.21117344,-0.22748156,-0.23568766,-0.22598091,-0.32548228,-0.1998635,-0.27447516,-0.30662036,-0.2157755,-0.27027017,-0.25381872,-0.21638845,-0.14661217,-0.2435607,-0.27153587,-0.18349157,-0.2206593,-0.27366593,-0.23906672,-0.27579418,-0.14863345,-0.2813535,-0.24713483,-0.3383914,-0.16500394,-0.23101644,-0.3074517,-0.22168224,-0.23001151,-0.20094872,-0.24897282,-0.22094172,-0.2299565,-0.22606494,-0.12138768,-0.20088498,-0.22270276,-0.25286958,-0.22373345,-0.17921917,-0.23683693,-0.20595929,-0.16413198,-0.17095567,-0.22778097,-0.20847471,-0.2940363,-0.20611636,-0.2363095,-0.2764344,-0.07410685,-0.25151637,-0.20537709,-0.2711269,-0.23837386,-0.24387479,-0.21237576,-0.27580744,-0.29556736,-0.18857138,-0.24531642,-0.27509904,-0.26389682,-0.26947045,-0.3270386,-0.28141013,-0.22763424,-0.29039428,-0.2562429,-0.27471155,-0.2557968,-0.27365336,-0.20173515,-0.2627198,-0.26266846,-0.23712806,-0.2667014,-0.22014672,-0.27762288,-0.34867066,-0.240355,-0.28907105,-0.2214698,-0.22868606,-0.18166167,-0.28647232,-0.22779469,-0.24893327,-0.33066928,-0.2084294,-0.23348784,-0.2556357,-0.18113112,-0.15349539,-0.30768305,-0.23903075,-0.23360072,-0.3065945,-0.19811355,-0.25395364,-0.2563391,-0.1666904,-0.21435183,-0.17517447,-0.30699456,-0.24415988,-0.2986978,-0.33196208
1922,0.90996885,0.028894484,-0.40170637,-0.32976085,-0.3591423,-0.32348508,-0.3038335,-0.34833837,-0.3835882,-0.3309869,-0.19275844,-0.3673062,-0.3613332,-0.2898256,-0.3797782,-0.29206836,-0.4100642,-0.28258458,-0.2818353,-0.36478925,-0.36768532,-0.30809018,-0.2357316,-0.29965243,-0.30201456,-0.35854372,-0.31532377,-0.27707717,-0.41716257,-0.37908044,-0.4021067,-0.26600015,-0.3723398,-0.36067602,-0.30035043,-0.36660215,-0.29374793,-0.2878769,-0.34563622,-0.4035392,-0.31812266,-0.3054296,-0.29909012,-0.3867108,-0.31128666,-0.3810056,-0.34731087,-0.3670019,-0.34526223,-0.38860992,-0.39284074,-0.3421291,-0.33887875,-0.29519457,-0.3648358,-0.38866094,-0.28377488,-0.33406413,-0.35288158,-0.36693588,-0.35676116,-0.36346716,-0.33586374,-0.35566783,-0.3417019,-0.31063312,-0.28866786,-0.35899627,-0.29503685,-0.29854125,-0.3226931,-0.31537968,-0.4054314,-0.35395536,-0.30721775,-0.350849,-0.39768484,-0.33194757,-0.3753386,-0.2954297,-0.28490555,-0.31675565,-0.3244673,-0.2719805,-0.33824623,-0.3533008,-0.3560763,-0.36485338,-0.3230168,-0.2925038,-0.38856474,-0.4155499,-0.31486535,-0.37912053,-0.2579954,-0.29844338,-0.3159788,-0.34094322,-0.3443288,-0.348793,-0.3781575,-0.36586937,-0.3412315,-0.30436316,-0.37567094,-0.24757034,-0.24536341,-0.33670193,-0.38275,-0.35081643,-0.31282192,-0.39748517,-0.39337578,-0.36685658,-0.219379,-0.36410388,-0.3146924,-0.3924064,-0.31963113,-0.31296608,-0.39566243,-0.30508268,-0.30890363,-0.25871658,-0.32063118,-0.30715254,-0.38829023,-0.32291058,-0.32159805,-0.2586809,-0.3550364,-0.3538663,-0.43454862,-0.32423082,-0.32759115,-0.259546,-0.3026617,-0.24572322,-0.32843944,-0.32356727,-0.37578282,-0.31462988,-0.30416158,-0.34312066,-0.15300283,-0.35802287,-0.26137224,-0.3021727,-0.32365003,-0.3173786,-0.3148153,-0.37677792,-0.33703738,-0.26337123,-0.31948,-0.3582768,-0.42408168,-0.41950765,-0.39708424,-0.29876813,-0.31869197,-0.39202055,-0.3325758,-0.33928657,-0.3898155,-0.38352737,-0.3152931,-0.39427105,-0.35943747,-0.3223978,-0.33610928,-0.3581746,-0.4484935,-0.40968847,-0.3546825,-0.38789684,-0.37061426,-0.4112043,-0.28992814,-0.35772952,-0.33600724,-0.2776042,-0.4128787,-0.4168703,-0.38691783,-0.33032194,-0.32600564,-0.3019927,-0.31434777,-0.40057084,-0.34453228,-0.36336085,-0.29562894,-0.335189,-0.36363894,-0.30953702,-0.32064316,-0.3293959,-0.45755813,-0.32566187,-0.38073695,-0.33290675
1923,0.91115135,0.028812291,-0.31522778,-0.2858723,-0.37685755,-0.32400733,-0.29817313,-0.3304223,-0.3559493,-0.3298539,-0.21891592,-0.3014677,-0.31234953,-0.3042527,-0.35677335,-0.3329691,-0.34895283,-0.28717634,-0.24643075,-0.33342507,-0.36105123,-0.295639,-0.27148604,-0.26249197,-0.32869655,-0.30920124,-0.36581728,-0.27027687,-0.30768445,-0.35507557,-0.3785196,-0.23028685,-0.32999644,-0.30170935,-0.318221,-0.30693796,-0.23918684,-0.30355385,-0.3505083,-0.33181337,-0.3106662,-0.24514268,-0.33729997,-0.35795707,-0.33044514,-0.37004063,-0.38462475,-0.2895226,-0.34922722,-0.32980514,-0.38085258,-0.31626973,-0.3459894,-0.261695,-0.38435426,-0.32702997,-0.34822604,-0.3420929,-0.33586487,-0.28160295,-0.29734886,-0.27312696,-0.28021258,-0.39711493,-0.3261527,-0.25487888,-0.29230964,-0.3644682,-0.29978284,-0.26096404,-0.2955381,-0.29296595,-0.35735816,-0.2585712,-0.3070909,-0.34159088,-0.3384672,-0.26975912,-0.30372337,-0.26915362,-0.2781243,-0.34785768,-0.30585325,-0.27985212,-0.3340488,-0.27018145,-0.3897054,-0.35380155,-0.3829404,-0.18901919,-0.31935126,-0.2689711,-0.3355435,-0.31068757,-0.3340355,-0.32390264,-0.32871535,-0.32081917,-0.39552987,-0.3436069,-0.31114966,-0.28110844,-0.32699162,-0.2960928,-0.3885329,-0.20329972,-0.2114887,-0.29579467,-0.4063375,-0.3323517,-0.28092974,-0.24852645,-0.3389942,-0.37392625,-0.22125243,-0.3386825,-0.29694647,-0.34544712,-0.31077525,-0.34801462,-0.3603105,-0.3141083,-0.26263672,-0.2549826,-0.32624772,-0.40063465,-0.277011,-0.3055258,-0.2911964,-0.29209596,-0.31104505,-0.32975227,-0.3222817,-0.30232027,-0.3035823,-0.24853545,-0.2718501,-0.22029129,-0.29605868,-0.3011057,-0.3647704,-0.25373518,-0.2683331,-0.34790757,-0.15146092,-0.35035282,-0.29832998,-0.32266307,-0.2601746,-0.291165,-0.3216423,-0.31896606,-0.3516788,-0.22566123,-0.3130581,-0.35645637,-0.38110265,-0.4368006,-0.34721655,-0.26763383,-0.30197513,-0.32648173,-0.30579492,-0.30626622,-0.3412038,-0.34224623,-0.21583794,-0.37072316,-0.2901832,-0.32109767,-0.34624204,-0.39352024,-0.3372683,-0.36888734,-0.27445188,-0.33781022,-0.28274298,-0.3189023,-0.2843943,-0.36468002,-0.32350525,-0.34249878,-0.39808285,-0.3374147,-0.27988186,-0.35753974,-0.2526271,-0.28062898,-0.35545266,-0.3289863,-0.3572797,-0.28542373,-0.35998455,-0.3047587,-0.30931157,-0.29923108,-0.24820402,-0.2645049,-0.3891719,-0.2903573,-0.3591199,-0.37942097
1924,0.9067502,0.030170199,-0.3123996,-0.27005947,-0.33237645,-0.27365202,-0.3050075,-0.36158222,-0.34372577,-0.26375934,-0.2635506,-0.29441965,-0.3464207,-0.22052252,-0.30043727,-0.3325013,-0.39079213,-0.28971428,-0.2717751,-0.33850437,-0.3597594,-0.32380083,-0.2207485,-0.29000887,-0.34860295,-0.293739,-0.3109412,-0.30036724,-0.30834866,-0.3569616,-0.36270955,-0.21769015,-0.33913976,-0.2522443,-0.3220379,-0.33690774,-0.28726172,-0.31980354,-0.32723624,-0.3054743,-0.3063579,-0.2829683,-0.29528686,-0.35199428,-0.36545974,-0.3233238,-0.39172816,-0.27268222,-0.27739972,-0.30969268,-0.33328867,-0.26444316,-0.29889217,-0.3058546,-0.35338593,-0.3679364,-0.36264828,-0.28856555,-0.30859903,-0.34347832,-0.30572787,-0.23795855,-0.3511345,-0.34279975,-0.37531605,-0.23265901,-0.3254288,-0.313067,-0.2380418,-0.25449488,-0.25669268,-0.24021515,-0.30520955,-0.3060406,-0.26278904,-0.3648644,-0.28370032,-0.19056316,-0.3331338,-0.2689089,-0.24376278,-0.3288196,-0.3109611,-0.24693885,-0.32547706,-0.30670696,-0.34728336,-0.3246038,-0.35455433,-0.18816482,-0.3276345,-0.35305685,-0.27616885,-0.33568755,-0.25860605,-0.3005656,-0.3265133,-0.33377185,-0.3756317,-0.29153612,-0.31355092,-0.3122183,-0.36654273,-0.3229874,-0.27640906,-0.23889065,-0.2139557,-0.2836194,-0.35020718,-0.3004641,-0.30528408,-0.36604255,-0.30104667,-0.33380815,-0.27184504,-0.33960932,-0.31968683,-0.3480624,-0.30559057,-0.37759534,-0.29793817,-0.28340083,-0.30060536,-0.3522539,-0.31360102,-0.3376348,-0.34277573,-0.2858085,-0.2303688,-0.33003283,-0.2963725,-0.28122252,-0.30479807,-0.23755126,-0.26620522,-0.23215862,-0.3118617,-0.19731596,-0.2570215,-0.31155288,-0.36510882,-0.30615643,-0.2939942,-0.27144116,-0.17221417,-0.33892816,-0.22149552,-0.3029696,-0.30034164,-0.32178834,-0.31136683,-0.32858223,-0.3471836,-0.20933452,-0.30782938,-0.3299219,-0.31117392,-0.32573885,-0.40252313,-0.30085,-0.30572605,-0.40215036,-0.273831,-0.36278886,-0.30622485,-0.3662193,-0.30703908,-0.31824595,-0.34843412,-0.31243518,-0.34023744,-0.39087167,-0.3150372,-0.3838227,-0.28779122,-0.33708733,-0.25701937,-0.343009,-0.3000322,-0.4093115,-0.32197124,-0.28321207,-0.40586802,-0.2882487,-0.26925302,-0.31488988,-0.3364869,-0.35825557,-0.33062446,-0.26445922,-0.2674192,-0.3273363,-0.30443206,-0.2724655,-0.2862636,-0.2989271,-0.25425023,-0.34149545,-0.36222365,-0.33379504,-0.38076404,-0.29953656
1925,0.90493596,0.031691585,-0.34456822,-0.24458714,-0.32456094,-0.2731664,-0.31516424,-0.34974897,-0.36144534,-0.28384107,-0.23857243,-0.27673918,-0.3137284,-0.2504395,-0.25402114,-0.33070642,-0.35900757,-0.27539054,-0.26434398,-0.2869506,-0.30065212,-0.29636165,-0.2804948,-0.30598834,-0.27441958,-0.27195048,-0.30638012,-0.26846236,-0.30535263,-0.27422017,-0.33254176,-0.2165853,-0.32192913,-0.27277657,-0.2403407,-0.23848118,-0.17900278,-0.2336648,-0.3311902,-0.35131046,-0.21507977,-0.2565979,-0.21383283,-0.3505743,-0.27422798,-0.3596761,-0.30200914,-0.24703695,-0.3097668,-0.34026217,-0.3559081,-0.30617404,-0.28849804,-0.20961449,-0.2770691,-0.2639404,-0.30636147,-0.19368768,-0.26970795,-0.27703816,-0.26219317,-0.23022573,-0.2563125,-0.33550262,-0.33110246,-0.2411111,-0.24284844,-0.29297018,-0.25389776,-0.26757038,-0.27026302,-0.26250872,-0.2766196,-0.21146676,-0.2538311,-0.2982419,-0.2724015,-0.25358918,-0.2991378,-0.2813857,-0.3049601,-0.29521528,-0.22375551,-0.20367084,-0.31308863,-0.24781461,-0.31525528,-0.27673182,-0.2668348,-0.1621405,-0.2723965,-0.26297522,-0.29699728,-0.30353692,-0.22712143,-0.28747532,-0.27786973,-0.2905263,-0.335601,-0.303014,-0.31297785,-0.26723307,-0.30635902,-0.27853194,-0.33061165,-0.20958263,-0.2267222,-0.22182241,-0.33392686,-0.27694213,-0.26411718,-0.39372292,-0.274468,-0.29075873,-0.22044873,-0.3007558,-0.31570998,-0.3647852,-0.2435457,-0.2935396,-0.27543184,-0.20387486,-0.2866715,-0.21699412,-0.30988863,-0.28985605,-0.32370344,-0.30181885,-0.24267039,-0.23532939,-0.26485708,-0.26577473,-0.31106085,-0.2089894,-0.2793133,-0.26290002,-0.30002835,-0.2089932,-0.3019919,-0.20594743,-0.29965273,-0.27259856,-0.26170045,-0.29916772,-0.0872458,-0.31490126,-0.19786331,-0.25113547,-0.2051452,-0.26381367,-0.2826429,-0.3020951,-0.30225018,-0.20933482,-0.2857142,-0.29082817,-0.3145827,-0.30861795,-0.3798129,-0.27905115,-0.26003549,-0.32660857,-0.28119794,-0.26544917,-0.2786325,-0.33351803,-0.25990993,-0.26092845,-0.37333667,-0.29163966,-0.3359411,-0.31641275,-0.3322921,-0.29382575,-0.20737284,-0.27388486,-0.2888038,-0.32666424,-0.26121715,-0.2987004,-0.31211478,-0.25732666,-0.2716714,-0.26506788,-0.28619552,-0.30267516,-0.2491089,-0.22880018,-0.3379001,-0.2770744,-0.31300685,-0.28101313,-0.23043424,-0.291827,-0.35942778,-0.23511389,-0.3010003,-0.18843983,-0.34698832,-0.192676,-0.33641896,-0.3319109
1926,0.9104762,0.03015893,-0.11983515,-0.075764515,-0.13227494,-0.1322745,-0.1149626,-0.21629497,-0.16290422,-0.10075028,-0.07701769,-0.16226247,-0.11964691,-0.116152264,-0.11731933,-0.17184886,-0.13764945,-0.13100187,-0.07817154,-0.09669672,-0.15914491,-0.09439569,-0.11055305,-0.07726875,-0.121385865,-0.11862647,-0.13749497,-0.113927186,-0.16744669,-0.1489926,-0.19695799,-0.032400727,-0.10548826,-0.12877676,-0.0622505,-0.10897618,-0.011986542,-0.06592885,-0.18182135,-0.104674146,-0.13827874,-0.071034156,-0.09715769,-0.15212694,-0.09865795,-0.14260313,-0.15467946,-0.11003118,-0.13985005,-0.18506311,-0.13396615,-0.081973225,-0.08768139,-0.12036279,-0.16271721,-0.123469576,-0.059131924,-0.15579739,-0.12479637,-0.12977616,-0.09614584,-0.088520594,-0.09746183,-0.19307838,-0.16955842,-0.0878377,-0.06369407,-0.16767654,-0.097990274,-0.061009083,-0.12629867,-0.08410405,-0.12061079,-0.10064486,-0.081142455,-0.17867367,-0.16695361,-0.058179256,-0.14303438,-0.093078025,-0.09651227,-0.11243079,-0.16970474,-0.1265233,-0.119492695,-0.073306784,-0.11078649,-0.12186012,-0.14166461,-0.027570218,-0.14597765,-0.14652516,-0.124664396,-0.16147386,-0.11534508,-0.121511735,-0.17243673,-0.10810902,-0.20711204,-0.17557439,-0.1339933,-0.13016148,-0.14712521,-0.049950864,-0.12025128,-0.06770004,-0.016894208,-0.08059178,-0.17418106,-0.06975188,-0.10307355,-0.21544133,-0.14904305,-0.13468383,0.0051876553,-0.17399259,-0.12495144,-0.15854709,-0.099896245,-0.16264077,-0.20932889,-0.14323466,-0.107405156,-0.081190385,-0.1611103,-0.12203118,-0.11359354,-0.16741973,-0.07459073,-0.08359287,-0.092493154,-0.12755115,-0.1969026,-0.036716726,-0.084770784,-0.042878665,-0.048999168,-0.023051202,-0.16970831,-0.12653126,-0.08483588,-0.113259286,-0.104832515,-0.13227159,0.063220985,-0.09787534,-0.06700762,-0.095420994,-0.08748415,-0.18919313,-0.17453143,-0.09318518,-0.14987634,-0.03290999,-0.16233227,-0.21718356,-0.18657734,-0.21435897,-0.21528853,-0.11575514,-0.14522918,-0.1764558,-0.100294106,-0.14732051,-0.1376385,-0.099129066,-0.105897546,-0.1697211,-0.14593111,-0.1362095,-0.20704257,-0.14574383,-0.1607869,-0.20488878,-0.13103305,-0.14055195,-0.08687034,-0.13546957,-0.06277932,-0.19161141,-0.18122336,-0.040537354,-0.15826176,-0.0809579,-0.12829416,-0.18101346,-0.09117106,-0.122417465,-0.15066807,-0.0656441,-0.093394294,-0.16118515,-0.11906612,-0.13435613,-0.16513085,-0.0693108,-0.12094581,-0.080246694,-0.1618402,-0.1218323,-0.12903674,-0.212047
1927,0.9162726,0.02940015,-0.29624477,-0.23682413,-0.20080696,-0.2528057,-0.25594372,-0.22931659,-0.27845517,-0.23763107,-0.18925202,-0.21761778,-0.27649018,-0.1570094,-0.22758485,-0.27391303,-0.28556645,-0.1573173,-0.21331292,-0.2245664,-0.24416085,-0.23863603,-0.13392115,-0.1605075,-0.27246046,-0.21716069,-0.19669224,-0.23454745,-0.3070394,-0.21819803,-0.27064413,-0.13828507,-0.22255251,-0.21553434,-0.21098855,-0.20910564,-0.23082116,-0.16446671,-0.2720596,-0.22169188,-0.22744969,-0.2175536,-0.28136876,-0.20681942,-0.29520172,-0.3001149,-0.27292103,-0.27111262,-0.16926257,-0.239495,-0.21014254,-0.17927416,-0.21601008,-0.13789822,-0.23116866,-0.202979,-0.25936988,-0.22090724,-0.22110097,-0.20241623,-0.26013348,-0.22211237,-0.23520215,-0.23232065,-0.27124682,-0.18090238,-0.20860866,-0.2522287,-0.24367844,-0.16306342,-0.2216091,-0.16141722,-0.2743806,-0.17895086,-0.20582919,-0.18325463,-0.28298813,-0.18282862,-0.1781726,-0.22561361,-0.19311906,-0.22960393,-0.2815472,-0.16577676,-0.27551982,-0.20463793,-0.20318417,-0.2713579,-0.3444421,-0.1550146,-0.281063,-0.23543295,-0.20137066,-0.2585962,-0.25565755,-0.19367915,-0.20398197,-0.18544354,-0.2998673,-0.28852585,-0.21965627,-0.27489686,-0.28330725,-0.23217274,-0.2160975,-0.21130969,-0.11387496,-0.22158307,-0.26291203,-0.23438565,-0.23465931,-0.23180942,-0.20496579,-0.23605424,-0.11492555,-0.2597038,-0.2388836,-0.249327,-0.24052228,-0.2194593,-0.25733092,-0.17734383,-0.22113766,-0.20355184,-0.22243227,-0.27698654,-0.21195565,-0.20157088,-0.18768792,-0.21008746,-0.24394242,-0.221485,-0.27244288,-0.1687132,-0.22431606,-0.16116923,-0.2382764,-0.14505108,-0.2201243,-0.21075106,-0.26033843,-0.2137934,-0.258726,-0.21127398,-0.07016779,-0.22141942,-0.2099123,-0.23436208,-0.15708144,-0.29642203,-0.25553444,-0.24198234,-0.1750482,-0.110681765,-0.20839244,-0.28584403,-0.23490742,-0.18090042,-0.31788588,-0.18899415,-0.21307777,-0.25305626,-0.23944649,-0.16941327,-0.20214759,-0.22617601,-0.20478038,-0.23376387,-0.23121601,-0.22004378,-0.25506055,-0.2686112,-0.27945462,-0.23835373,-0.21452749,-0.29082042,-0.15160562,-0.22107422,-0.15787068,-0.28356513,-0.19659658,-0.19534856,-0.2523933,-0.25130758,-0.2634067,-0.30681786,-0.17390859,-0.209404,-0.2449387,-0.21123816,-0.23802264,-0.2332481,-0.23547414,-0.25227714,-0.27889705,-0.2551496,-0.21948555,-0.1936901,-0.33824074,-0.21022254,-0.20268409,-0.29470724
1928,0.90734935,0.031481504,-0.19984761,-0.19991237,-0.21646093,-0.19669876,-0.15878007,-0.2503784,-0.24173814,-0.23499395,-0.17419903,-0.25636393,-0.2362357,-0.18744999,-0.1698873,-0.26903796,-0.24679644,-0.14672181,-0.14118515,-0.16226709,-0.22509016,-0.24462415,-0.09600575,-0.23628305,-0.20269711,-0.19680205,-0.21103823,-0.18129344,-0.23358184,-0.22162247,-0.25853786,-0.13558207,-0.20889167,-0.17702098,-0.17527828,-0.20852989,-0.1286086,-0.19778535,-0.21261139,-0.19700989,-0.183759,-0.1682647,-0.24366143,-0.21747959,-0.20274553,-0.2747724,-0.22435243,-0.2593945,-0.17618626,-0.26326036,-0.28078842,-0.15136646,-0.16220619,-0.20735691,-0.20076153,-0.20745388,-0.19783644,-0.13120803,-0.24195595,-0.18377209,-0.24297746,-0.24328588,-0.29008934,-0.21027541,-0.2935637,-0.08840369,-0.23159187,-0.25439698,-0.19278972,-0.15920419,-0.13138022,-0.21066757,-0.25967112,-0.13430595,-0.1902323,-0.25039363,-0.21850222,-0.19272478,-0.23059595,-0.21397942,-0.19054544,-0.25972244,-0.22413626,-0.16347472,-0.28345075,-0.13268498,-0.22052976,-0.19226365,-0.23862442,-0.14217922,-0.20727605,-0.23890848,-0.2522286,-0.20204708,-0.19039889,-0.1849909,-0.18599348,-0.27411208,-0.2685966,-0.23896907,-0.19061829,-0.24032782,-0.28015974,-0.18980938,-0.25557083,-0.16059111,-0.19421057,-0.12706803,-0.28318474,-0.22400038,-0.17965552,-0.18830462,-0.19125947,-0.22177266,-0.10837711,-0.26387686,-0.2650487,-0.25434318,-0.15216614,-0.17085786,-0.26272193,-0.22017457,-0.20150687,-0.14462802,-0.19622517,-0.2164926,-0.21457659,-0.22357686,-0.1517412,-0.17338838,-0.25048682,-0.1862596,-0.23581105,-0.13572435,-0.23064141,-0.13280675,-0.13206108,-0.10682344,-0.18972489,-0.17290755,-0.22175078,-0.21157931,-0.25524443,-0.26059988,-0.020755174,-0.22679654,-0.20133948,-0.17845184,-0.19670577,-0.23780563,-0.18209413,-0.22235307,-0.24643044,-0.07565556,-0.17016226,-0.2629385,-0.26598302,-0.24736576,-0.25138608,-0.21274576,-0.20763141,-0.25242606,-0.21523625,-0.18724008,-0.1856257,-0.18837926,-0.20590472,-0.20183049,-0.21353589,-0.24069282,-0.27910122,-0.20181285,-0.2549508,-0.28427646,-0.1695527,-0.2933699,-0.2020499,-0.28523552,-0.16962136,-0.26859838,-0.20296557,-0.24069323,-0.25556245,-0.24923073,-0.15495005,-0.2369313,-0.20907189,-0.21008305,-0.19652836,-0.17618532,-0.18899058,-0.26531565,-0.20031089,-0.17928746,-0.2114874,-0.23044701,-0.1759389,-0.17763253,-0.2977155,-0.19547729,-0.29579088,-0.21091843
1929,0.9046003,0.032418955,-0.39521286,-0.4080811,-0.44656327,-0.34108585,-0.40943795,-0.3957274,-0.37655547,-0.3902463,-0.34241408,-0.36445576,-0.42021295,-0.3563325,-0.39808968,-0.466707,-0.38765192,-0.35263422,-0.28226656,-0.38743734,-0.4625938,-0.40737954,-0.3071502,-0.38531777,-0.38543844,-0.38805908,-0.41787943,-0.3747658,-0.39355597,-0.45793033,-0.45932096,-0.3009514,-0.39745742,-0.38036424,-0.35146502,-0.3854028,-0.34679613,-0.40070832,-0.4730559,-0.4165678,-0.36551347,-0.35079712,-0.3727786,-0.4781953,-0.42951843,-0.41522393,-0.44858658,-0.3797815,-0.41759175,-0.42127728,-0.46312916,-0.36048543,-0.3478788,-0.38036388,-0.40549743,-0.41708705,-0.3832073,-0.4013031,-0.3999551,-0.39370427,-0.4169994,-0.36641562,-0.36129954,-0.40726656,-0.39163855,-0.36628565,-0.3693665,-0.40445912,-0.29437083,-0.35241124,-0.38755476,-0.33997765,-0.36242008,-0.33169854,-0.3310363,-0.41439408,-0.4058747,-0.3814034,-0.4277452,-0.4047863,-0.33723804,-0.4009157,-0.37823954,-0.4118537,-0.44057426,-0.35777357,-0.39479235,-0.46671167,-0.4262732,-0.31558824,-0.45301187,-0.41989988,-0.4096809,-0.38753292,-0.3600178,-0.34706286,-0.39620814,-0.37385398,-0.39352545,-0.4610172,-0.35812727,-0.3292252,-0.43075237,-0.36742347,-0.39528626,-0.34366596,-0.31638885,-0.33498007,-0.45461902,-0.37936333,-0.39787558,-0.41570306,-0.44890723,-0.40998715,-0.27910066,-0.45185736,-0.39590028,-0.42433503,-0.38714093,-0.45850262,-0.39686015,-0.37539777,-0.371392,-0.33863848,-0.33720604,-0.4427258,-0.40084603,-0.3455153,-0.357006,-0.4045269,-0.37536573,-0.34546438,-0.42561597,-0.35530695,-0.42337653,-0.31860116,-0.34700114,-0.30851486,-0.38138387,-0.38610664,-0.41463926,-0.35106602,-0.33761352,-0.38868776,-0.22291873,-0.43194187,-0.32720825,-0.40048334,-0.34426415,-0.45649505,-0.3732915,-0.45226485,-0.38218266,-0.29176,-0.411388,-0.43084833,-0.38046387,-0.43894112,-0.47023383,-0.32831582,-0.39934468,-0.41448772,-0.40442067,-0.38234067,-0.45746422,-0.38415676,-0.33871368,-0.42499107,-0.43269214,-0.35413188,-0.4388266,-0.4601476,-0.41341332,-0.42794535,-0.47252446,-0.43964794,-0.4215824,-0.39637518,-0.3441854,-0.44821888,-0.3970194,-0.35366803,-0.48506606,-0.4135775,-0.39429563,-0.3662262,-0.39481184,-0.3579185,-0.3933451,-0.3459385,-0.41497508,-0.41690323,-0.37193537,-0.4016534,-0.47886294,-0.35978448,-0.38818735,-0.32469562,-0.46879187,-0.3312896,-0.4289963,-0.37368423
1930,0.89860713,0.03308961,-0.21188733,-0.1555404,-0.22493629,-0.18271433,-0.13804758,-0.20585461,-0.19384567,-0.18634517,-0.164708,-0.18129604,-0.18221025,-0.17452724,-0.17077209,-0.15569842,-0.2281944,-0.15377556,-0.1933336,-0.07475908,-0.23803358,-0.19753194,-0.093886554,-0.14594527,-0.14888966,-0.18404634,-0.2117899,-0.12565607,-0.17983688,-0.22404273,-0.17466348,-0.06023423,-0.15807493,-0.16154563,-0.18653895,-0.17175731,-0.12852238,-0.14745414,-0.22003779,-0.21087065,-0.1561673,-0.088904835,-0.17293404,-0.17556614,-0.21608476,-0.22990528,-0.2331579,-0.18981701,-0.117543995,-0.22253473,-0.2082479,-0.13112195,-0.1290568,-0.17544058,-0.23326823,-0.13027085,-0.16705324,-0.21596281,-0.20764923,-0.12864147,-0.19665703,-0.16444446,-0.21788114,-0.19035645,-0.20926489,-0.17295624,-0.20428747,-0.24946912,-0.16782491,-0.11369022,-0.12915164,-0.12996966,-0.24632339,-0.11405798,-0.13593139,-0.13132605,-0.19732644,-0.16672061,-0.20962134,-0.14556688,-0.15557347,-0.2646836,-0.10683484,-0.14022607,-0.16691032,-0.13426268,-0.18611509,-0.20670407,-0.22241028,-0.11168512,-0.17954443,-0.16539218,-0.17811017,-0.19919008,-0.14240107,-0.13433762,-0.18331222,-0.19855753,-0.19002885,-0.18158446,-0.20583734,-0.14727534,-0.21644399,-0.15553607,-0.17421377,-0.085592404,-0.048307877,-0.15883112,-0.24794218,-0.16311027,-0.18383293,-0.1837622,-0.14491656,-0.13982487,-0.016775148,-0.16030519,-0.16638173,-0.19766991,-0.14880165,-0.16044387,-0.1962968,-0.13556795,-0.1677302,-0.12518096,-0.21418384,-0.19837977,-0.19783674,-0.17907944,-0.12943406,-0.15678783,-0.14840972,-0.1692562,-0.17878745,-0.089645356,-0.19723125,-0.12101163,-0.1518292,-0.095192,-0.14446226,-0.19710653,-0.2016215,-0.090471,-0.15701073,-0.1695402,-0.032376833,-0.22571893,-0.11632587,-0.17435855,-0.15214565,-0.20902067,-0.17351645,-0.17513323,-0.24883597,-0.07928582,-0.21428385,-0.19886072,-0.22355022,-0.2081679,-0.19788276,-0.10030771,-0.20472361,-0.16709413,-0.1373895,-0.24275097,-0.1456551,-0.14936951,-0.16344589,-0.1297048,-0.14874144,-0.18724555,-0.19927497,-0.22897649,-0.21344827,-0.23367992,-0.12555923,-0.17725962,-0.18012352,-0.18666872,-0.13855743,-0.18120734,-0.18872452,-0.10369949,-0.20732518,-0.15692084,-0.17413522,-0.19773217,-0.15053378,-0.16021399,-0.23407254,-0.1258977,-0.1622774,-0.18810375,-0.12359682,-0.21547395,-0.18102293,-0.17900436,-0.12073854,-0.09937018,-0.2833623,-0.13706458,-0.17940192,-0.20152459
1931,0.9038533,0.03152001,-0.09721192,-0.07151009,-0.15499483,-0.13763803,-0.11077629,-0.11531579,-0.10658987,-0.083562076,-0.0658287,-0.09491213,-0.1580372,-0.074654624,-0.0957385,-0.10752791,-0.120538905,-0.064443134,-0.10788508,-0.040309142,-0.13790466,-0.12399004,-0.028766083,-0.09092059,-0.08478639,-0.12349034,-0.073284656,-0.06677179,-0.11857685,-0.10244321,-0.1623604,-0.021427834,-0.096382104,-0.09525534,-0.03037031,-0.114806004,-0.04368928,-0.068071894,-0.12292905,-0.1601358,-0.100411445,-0.07333925,-0.119503275,-0.1293335,-0.11216173,-0.1450136,-0.15635717,-0.085327275,-0.121003285,-0.15674196,-0.18816485,-0.02128162,-0.009857337,-0.10294205,-0.13102534,-0.12509762,-0.05817561,-0.12759908,-0.1280162,-0.08792028,-0.122214176,-0.1304519,-0.08882614,-0.096403666,-0.11812467,-0.048553098,-0.10356667,-0.14570221,-0.08630136,-0.11732549,-0.10297173,-0.06707466,-0.12078492,-0.08056729,-0.0835148,-0.09636617,-0.13175966,-0.10874964,-0.16753776,-0.085836716,-0.08620687,-0.14672554,-0.14907852,-0.06956707,-0.13071996,-0.1257992,-0.15112372,-0.1257163,-0.12944952,-0.057475314,-0.15615688,-0.15364484,-0.12515058,-0.15288816,-0.10070422,-0.031386778,-0.128002,-0.07012924,-0.16733377,-0.0698638,-0.118322626,-0.06944932,-0.17792225,-0.107567824,-0.19146366,-0.057378262,-0.009180529,-0.096776746,-0.14532264,-0.110760726,-0.12993346,-0.12582897,-0.10059559,-0.121790804,-0.060824513,-0.11446591,-0.17075741,-0.18443556,-0.06710315,-0.09724115,-0.1594217,-0.09415682,-0.06576186,-0.08955913,-0.09866438,-0.15804589,-0.045658596,-0.05980037,-0.083043955,-0.14072321,-0.11312588,-0.08626525,-0.119276345,-0.043751284,-0.1311659,-0.07125424,-0.07944313,-0.008236563,-0.07817072,-0.084964685,-0.09505936,0.00076085277,-0.07525054,-0.09673473,0.061562028,-0.14080825,-0.018550191,-0.15885168,-0.044040665,-0.13941835,-0.13466066,-0.107447974,-0.20929109,-0.012479257,-0.12661257,-0.21016322,-0.12965913,-0.16999139,-0.20362936,-0.09099903,-0.12436937,-0.1432612,-0.13902019,-0.13658921,-0.15335943,-0.084540956,-0.09665643,-0.09172477,-0.19105162,-0.10204285,-0.14321794,-0.1570296,-0.14892502,-0.15449335,-0.07077612,-0.13871573,-0.029041734,-0.0764849,-0.007185212,-0.13946624,-0.12223237,-0.1062511,-0.14142174,-0.16993845,-0.070120335,-0.09246671,-0.07430938,-0.06051373,-0.107925974,-0.06616293,-0.13780603,-0.11120547,-0.10311755,-0.06934803,-0.12539725,-0.13423985,-0.10038259,-0.047517005,-0.14976338,-0.1233479,-0.117276944,-0.15324208
1932,0.91790324,0.027875789,-0.11651952,-0.1980088,-0.21305175,-0.12698714,-0.14894061,-0.1705041,-0.17769961,-0.17134117,-0.05116556,-0.14422889,-0.16354845,-0.14862995,-0.1638681,-0.15972698,-0.18814483,-0.09458809,-0.13979533,-0.16888408,-0.17087711,-0.12063832,-0.08463315,-0.12322556,-0.106383584,-0.15606137,-0.15444851,-0.10004288,-0.16136096,-0.19606148,-0.15343922,-0.087539725,-0.16561174,-0.1349037,-0.15303601,-0.109460324,-0.10434753,-0.124263525,-0.16390748,-0.16723147,-0.12015797,-0.13555628,-0.14726041,-0.18767758,-0.15454072,-0.22417718,-0.224443,-0.16039433,-0.090080656,-0.15959126,-0.17984347,-0.06806894,-0.11326927,-0.12585491,-0.22862963,-0.11877939,-0.11265457,-0.16454884,-0.18881065,-0.124260485,-0.16733347,-0.14622292,-0.11832443,-0.1734912,-0.20512386,-0.12894395,-0.17177652,-0.18997772,-0.15050255,-0.13142526,-0.11467646,-0.15407825,-0.107254684,-0.07165956,-0.12677638,-0.14339922,-0.17307833,-0.13690212,-0.14262938,-0.15498798,-0.10686226,-0.16412728,-0.15069814,-0.13159995,-0.1818977,-0.11655215,-0.11905091,-0.17694074,-0.17523848,-0.09547448,-0.14691599,-0.17303127,-0.14913398,-0.12031009,-0.058908775,-0.13023783,-0.15093407,-0.11614003,-0.22904032,-0.17582302,-0.22146532,-0.14642574,-0.15806241,-0.17989802,-0.1492568,-0.09537259,0.011189178,-0.2129394,-0.16730794,-0.11942377,-0.11568688,-0.16509064,-0.16649011,-0.20638008,-0.045554362,-0.18381822,-0.13163531,-0.20910224,-0.13115528,-0.15963334,-0.16656554,-0.0987286,-0.17408776,-0.12516817,-0.1562239,-0.24363782,-0.16249979,-0.17999522,-0.12202421,-0.15489358,-0.11129657,-0.12968804,-0.19270484,-0.14642486,-0.15594523,-0.139568,-0.15131356,-0.06938396,-0.16587447,-0.17318805,-0.17607734,-0.08022567,-0.15982112,-0.16398051,-0.0019505243,-0.17434649,-0.11361143,-0.15178932,-0.09666281,-0.12368639,-0.16890723,-0.19448546,-0.19715205,-0.047738485,-0.19938332,-0.21790877,-0.09810842,-0.18345541,-0.19931898,-0.14255284,-0.12423352,-0.18902071,-0.13283733,-0.15396668,-0.17933495,-0.16271247,-0.173207,-0.17959695,-0.17470214,-0.12700327,-0.18769956,-0.1884482,-0.22992063,-0.21614733,-0.120226905,-0.1720513,-0.09528654,-0.113091975,-0.12507775,-0.20486908,-0.17638294,-0.12304074,-0.26172033,-0.22061592,-0.13210958,-0.14323904,-0.1688423,-0.15765809,-0.18956508,-0.17568433,-0.14531273,-0.18311325,-0.11736662,-0.1113203,-0.16781737,-0.10121196,-0.14343332,-0.12792791,-0.27351603,-0.123116225,-0.16379666,-0.18712035
1933,0.91745377,0.028717102,-0.348403,-0.30875367,-0.3461399,-0.3570134,-0.32753813,-0.32624874,-0.3158224,-0.33033118,-0.33934718,-0.36518607,-0.35566717,-0.262986,-0.3313049,-0.36163056,-0.35199204,-0.3204112,-0.2678247,-0.36282337,-0.32421383,-0.35907033,-0.30441877,-0.31303796,-0.3083205,-0.29381457,-0.33796397,-0.32731077,-0.33877861,-0.36823735,-0.34437945,-0.26186293,-0.35277194,-0.32290095,-0.29300353,-0.34109536,-0.27105725,-0.33412543,-0.35864758,-0.39344952,-0.3227595,-0.33660817,-0.29198754,-0.3289639,-0.32743186,-0.31236607,-0.29776517,-0.32228476,-0.3586274,-0.3129884,-0.38751015,-0.28669947,-0.36231178,-0.312846,-0.38626522,-0.35628855,-0.32400256,-0.3088839,-0.38130468,-0.28743294,-0.2949531,-0.31098968,-0.28597897,-0.33222714,-0.3621541,-0.30182663,-0.30110997,-0.3538564,-0.30960444,-0.2461333,-0.2764667,-0.31468546,-0.38902843,-0.2672166,-0.31773794,-0.32629845,-0.40281805,-0.32434085,-0.3418239,-0.2960376,-0.3142313,-0.37199366,-0.3390938,-0.30227113,-0.3554877,-0.2511344,-0.3772884,-0.3972683,-0.29638317,-0.35450017,-0.36530817,-0.39424878,-0.37068188,-0.39963505,-0.32451984,-0.3306453,-0.32611653,-0.32327855,-0.41959834,-0.35995352,-0.31840786,-0.30458802,-0.3521112,-0.35261407,-0.3225286,-0.2907804,-0.21187589,-0.31476644,-0.36748138,-0.29522446,-0.29754546,-0.34928304,-0.346427,-0.34705502,-0.23829894,-0.4057671,-0.33902127,-0.3695994,-0.34651512,-0.3346877,-0.3159775,-0.2706073,-0.30036893,-0.31821194,-0.28102088,-0.32930076,-0.39052382,-0.3363146,-0.28116456,-0.3272172,-0.33121738,-0.31863213,-0.33506057,-0.2876082,-0.35543984,-0.29454398,-0.31727254,-0.15761486,-0.31769705,-0.3107397,-0.3773794,-0.28836802,-0.32041788,-0.35590646,-0.19612016,-0.3220254,-0.28111747,-0.3110825,-0.36700818,-0.38698244,-0.3150416,-0.35074013,-0.3377621,-0.249187,-0.32724574,-0.4286821,-0.2914624,-0.34892306,-0.39453164,-0.3258697,-0.31264836,-0.3526065,-0.3225894,-0.3053109,-0.30761668,-0.34674466,-0.3124546,-0.31049412,-0.32909775,-0.3123045,-0.34955624,-0.3642855,-0.42217797,-0.3717934,-0.25903147,-0.36418307,-0.29056877,-0.29536572,-0.30047768,-0.3532204,-0.33958143,-0.31732607,-0.38631332,-0.37399486,-0.27617636,-0.33903533,-0.34060755,-0.33250508,-0.3466923,-0.31819588,-0.3528395,-0.33899704,-0.3385657,-0.2770484,-0.355786,-0.29223958,-0.32031417,-0.31164196,-0.36252448,-0.34366763,-0.32811773,-0.36818734
1934,0.90920687,0.02975573,-0.19527227,-0.1468549,-0.22675823,-0.13871059,-0.16780107,-0.22181574,-0.1939746,-0.117648885,-0.119686946,-0.1784459,-0.2431031,-0.14954256,-0.15130927,-0.27485678,-0.23572801,-0.1407175,-0.15423156,-0.16248074,-0.20995353,-0.18053444,-0.11093982,-0.20802361,-0.13721997,-0.20409946,-0.20758049,-0.14352237,-0.17164458,-0.16004092,-0.24095811,-0.13783823,-0.1684636,-0.1677434,-0.13756907,-0.15964213,-0.12799083,-0.1444362,-0.20886457,-0.17768005,-0.12643114,-0.19433711,-0.1442531,-0.13943408,-0.15121503,-0.24430592,-0.18804513,-0.16181539,-0.12751944,-0.2138596,-0.22077669,-0.16006877,-0.13654882,-0.15428144,-0.23137903,-0.18714932,-0.1698678,-0.15562566,-0.16955063,-0.18906167,-0.15938202,-0.16592774,-0.13267866,-0.1410495,-0.25663584,-0.12526298,-0.16925095,-0.19590817,-0.12468216,-0.1517821,-0.10843694,-0.13990223,-0.2059875,-0.16753471,-0.16644481,-0.19328852,-0.1585352,-0.18169445,-0.20713769,-0.16857015,-0.15733175,-0.19167043,-0.18065114,-0.15912957,-0.17413224,-0.16778721,-0.19328871,-0.22008525,-0.23751262,-0.119693965,-0.22165337,-0.20420523,-0.16972025,-0.1842679,-0.1277109,-0.11306087,-0.23007405,-0.18747818,-0.2419661,-0.18312025,-0.14066899,-0.1785188,-0.19237904,-0.16920976,-0.18394059,-0.106976,-0.11639705,-0.18475622,-0.20445907,-0.1911529,-0.15990509,-0.21578802,-0.21282852,-0.19878247,-0.11499764,-0.22700474,-0.23000559,-0.19806676,-0.13079025,-0.21955791,-0.23398195,-0.16335806,-0.17280069,-0.16431427,-0.11498652,-0.18000303,-0.16530627,-0.18149431,-0.15268512,-0.17344956,-0.15252064,-0.17944644,-0.24411747,-0.113672905,-0.21562295,-0.12413612,-0.16700706,-0.09771317,-0.16463321,-0.16836391,-0.21413365,-0.13804233,-0.15043552,-0.18784124,-0.014938393,-0.2315532,-0.18400249,-0.14268093,-0.124581106,-0.17512758,-0.20856342,-0.17575015,-0.2045304,-0.08582563,-0.17324431,-0.2147612,-0.16691132,-0.19984318,-0.22755864,-0.14811383,-0.18443453,-0.1881807,-0.17127948,-0.20477408,-0.20074302,-0.24596211,-0.15805686,-0.16598773,-0.211134,-0.2001877,-0.25380018,-0.23168707,-0.18228602,-0.24886002,-0.16240467,-0.17520338,-0.16169511,-0.19110128,-0.15095598,-0.23132864,-0.22947185,-0.15486674,-0.24652909,-0.22872767,-0.18548012,-0.11000719,-0.16052411,-0.16716896,-0.15923105,-0.17915033,-0.19511975,-0.19342974,-0.15663242,-0.19618592,-0.2001834,-0.2088525,-0.20281902,-0.16276115,-0.25635108,-0.2049026,-0.18084224,-0.16188717
1935,0.911902,0.029822355,-0.23523565,-0.19794774,-0.22978535,-0.23789538,-0.22086282,-0.18943056,-0.21702017,-0.19415146,-0.19248766,-0.20308286,-0.22646934,-0.18290107,-0.2192025,-0.23957679,-0.27703243,-0.16564499,-0.14316003,-0.17311832,-0.25941697,-0.21167469,-0.14769202,-0.15581834,-0.22412026,-0.22586216,-0.25306252,-0.23833017,-0.24258088,-0.2142914,-0.2134596,-0.163314,-0.23796803,-0.2179489,-0.19203238,-0.2230948,-0.16137955,-0.19785002,-0.228227,-0.21786593,-0.18988763,-0.21238819,-0.19372435,-0.24834329,-0.20958632,-0.22990197,-0.26833895,-0.20152003,-0.24460301,-0.19526325,-0.25915304,-0.20146172,-0.21011081,-0.1970125,-0.25392133,-0.20079711,-0.19854826,-0.15090117,-0.2379293,-0.1832436,-0.23092146,-0.19702335,-0.20513037,-0.18538205,-0.23591904,-0.20059359,-0.18657932,-0.21415564,-0.2016286,-0.2119902,-0.18816191,-0.18934421,-0.2476557,-0.15697937,-0.2017332,-0.21259186,-0.26991567,-0.16827227,-0.26374578,-0.17048845,-0.23808613,-0.20805232,-0.19137776,-0.21084368,-0.28033826,-0.19955926,-0.21939239,-0.24822055,-0.20599753,-0.14573349,-0.24083182,-0.25974494,-0.25260293,-0.24219027,-0.2255624,-0.14166462,-0.24348736,-0.21340474,-0.3007084,-0.22632018,-0.17599867,-0.21060908,-0.19895227,-0.23769166,-0.22123909,-0.18562396,-0.090726204,-0.18481809,-0.22027197,-0.19594035,-0.21750747,-0.22313118,-0.25254583,-0.24354072,-0.13240494,-0.2633408,-0.21938892,-0.24429376,-0.22605887,-0.20783684,-0.20763093,-0.14880204,-0.15276603,-0.22091241,-0.24047498,-0.22166142,-0.21269037,-0.19579138,-0.22671695,-0.17896765,-0.22609597,-0.21539319,-0.18822394,-0.21113943,-0.23341516,-0.21486966,-0.1839198,-0.12953648,-0.20795016,-0.1591753,-0.25853327,-0.12601386,-0.21026787,-0.23613685,-0.08632819,-0.18930443,-0.21915229,-0.18807876,-0.14390759,-0.21310817,-0.21504655,-0.16547863,-0.28380078,-0.1544466,-0.20852481,-0.23839663,-0.16763596,-0.29104948,-0.29018673,-0.19632915,-0.21895108,-0.22777484,-0.24953407,-0.18640676,-0.19437738,-0.24334039,-0.20441633,-0.2264862,-0.27054125,-0.17636049,-0.24248719,-0.22850133,-0.25362176,-0.29711515,-0.19089568,-0.22200266,-0.18516782,-0.20984273,-0.1937709,-0.25068244,-0.25115502,-0.17627877,-0.28866023,-0.29980022,-0.2143625,-0.22698712,-0.21433833,-0.20341524,-0.26041168,-0.24465917,-0.1858445,-0.22421314,-0.23802175,-0.2085038,-0.20403534,-0.22816105,-0.23568815,-0.17639531,-0.25938863,-0.24342626,-0.19394688,-0.2242104
1936,0.9314242,0.026444735,-0.19943897,-0.14357443,-0.16258737,-0.190547,-0.1189984,-0.19805685,-0.20180076,-0.12865725,-0.18239282,-0.17986536,-0.21712881,-0.1632192,-0.18091717,-0.20934913,-0.2554091,-0.13333246,-0.16199459,-0.16824497,-0.1989545,-0.19219895,-0.12893136,-0.14214806,-0.20070954,-0.14458013,-0.11617685,-0.17564788,-0.1626303,-0.18333371,-0.23496372,-0.13128667,-0.15544902,-0.21389931,-0.14885463,-0.12821971,-0.1174543,-0.17584632,-0.22127172,-0.21678127,-0.18157996,-0.18078704,-0.19624655,-0.16230305,-0.15361199,-0.15623431,-0.16951115,-0.185237,-0.15779002,-0.161435,-0.19509628,-0.1725353,-0.15238383,-0.15698722,-0.1928301,-0.18146996,-0.16816886,-0.19682041,-0.18631417,-0.13495536,-0.17422442,-0.1461951,-0.17831108,-0.15482269,-0.114448465,-0.09677191,-0.19337966,-0.19781737,-0.15423374,-0.14877099,-0.14471993,-0.17720333,-0.18647243,-0.13416375,-0.13612504,-0.1172078,-0.25421405,-0.16263555,-0.20147371,-0.16369267,-0.15348905,-0.19404267,-0.15392867,-0.18291102,-0.21545842,-0.19519877,-0.19097425,-0.18030638,-0.16395067,-0.11106806,-0.1928907,-0.24805468,-0.16671479,-0.19453527,-0.12047322,-0.118009634,-0.18607998,-0.17146343,-0.24215792,-0.21660809,-0.1575016,-0.14501148,-0.18758269,-0.1432332,-0.21883704,-0.09013902,-0.08455705,-0.14590648,-0.21698561,-0.17411023,-0.09293314,-0.20938818,-0.17624898,-0.17377771,0.0014385353,-0.2121707,-0.13764624,-0.24701415,-0.14733857,-0.20303746,-0.23042157,-0.14153787,-0.10125364,-0.17527397,-0.14154544,-0.20816214,-0.18668048,-0.19847387,-0.14050409,-0.1666449,-0.20382819,-0.16765308,-0.15117268,-0.08463627,-0.17645603,-0.1281568,-0.1834674,-0.098009154,-0.17332365,-0.14290532,-0.22945751,-0.12647276,-0.17192656,-0.17953555,0.00038318857,-0.20483102,-0.24836248,-0.1002358,-0.13154913,-0.19141434,-0.22105506,-0.17706916,-0.2021264,-0.07602314,-0.16771923,-0.22049668,-0.17257239,-0.18567617,-0.27747318,-0.13556542,-0.15738374,-0.18388495,-0.1029361,-0.20585212,-0.18789513,-0.21165912,-0.095896065,-0.19150516,-0.21324922,-0.18571967,-0.1928499,-0.23787728,-0.21149237,-0.2374165,-0.14641304,-0.18360111,-0.11760337,-0.17231642,-0.17871939,-0.17730847,-0.20624329,-0.16208944,-0.22836593,-0.19555229,-0.1581718,-0.18990354,-0.162971,-0.1508733,-0.17331015,-0.14259237,-0.16425915,-0.17216617,-0.15916927,-0.18716297,-0.19918889,-0.21806651,-0.21824071,-0.12326073,-0.21441285,-0.1517846,-0.17954849,-0.20189507
1937,0.92105466,0.02844729,-0.0040922454,-0.013285631,0.019533323,0.002275655,0.03266504,0.008373538,-0.011453968,-0.04454056,0.009838786,-0.020268003,-0.07900011,0.01782906,-0.04417232,-0.012591937,-0.029168125,0.057978835,-0.010886158,-0.011580605,-0.013838916,-0.06498801,0.04138733,-0.019745044,0.010962923,0.027605146,-0.00032085233,-0.0256542,-0.008054632,-0.038244184,-0.039925452,0.07480969,0.011934869,0.053299382,0.010962217,-0.020703238,0.019601718,0.019980814,-0.06807377,-0.038448468,0.01876222,-0.027513644,-0.0011861911,0.0074060243,-0.02113954,-0.03245481,-0.07197557,0.022589404,-0.010106754,0.016212422,-0.12119267,0.0031806293,0.017611817,-0.024712812,0.0025896952,-0.05714923,0.01510524,-0.019221978,-0.0041531227,-0.013034175,0.004729326,-0.029688668,0.0040070484,-0.08877761,-0.050092265,-0.00571536,-0.055690974,-0.058704745,-0.0066697723,0.012356921,-0.00088220957,-0.030800276,-0.06082345,0.04433014,-0.0004836978,0.0077569443,-0.06858691,-0.09357846,0.008376953,0.04724808,0.015203659,-0.08973523,-0.047041245,-0.040856943,-0.09268382,-0.004807723,-0.071968734,-0.05564654,-0.087226555,0.029004391,-0.038509298,-0.039169323,-0.030831512,-0.053302974,-0.018722173,0.04934307,-0.042975828,-0.023194436,-0.058093548,0.0065713297,0.0155594,-0.029841682,-0.011158956,-0.0069805677,0.013970325,0.038724914,0.045055434,-0.052793816,-0.05171181,-0.013191719,0.01649113,-0.024602761,-0.03501561,-0.03605877,0.07260284,-0.063031204,-0.014642986,-0.07455367,0.016290195,-0.026051193,-0.02308333,0.008270209,-0.011714639,0.027901093,0.004034475,0.0031813448,-0.03222109,-0.008840158,-0.009640439,0.009296105,-0.019917699,-0.046842314,-0.00035946825,0.024494017,0.018871475,0.011299111,-0.004873621,0.09717107,-0.019897234,-0.018130869,-0.020137606,0.019183492,-0.056239795,-0.026467262,0.109154426,-0.010216255,-0.034039,-0.040014155,0.026083877,-0.054536574,-0.025139462,-0.029173443,-0.03627582,0.04813706,0.0027048807,-0.06787988,-0.0121348,-0.057462383,-0.10994444,0.0462209,-0.010204816,-0.018772604,-0.043645605,-0.0069195516,0.013091898,-0.018409036,0.048390593,-0.061322886,-0.05444275,-0.03165546,-0.036590416,-0.049663786,-0.08622633,-0.118792094,0.026736917,-0.02323818,0.04335846,0.010901389,-0.052107584,-0.06257831,-0.07594961,-0.020265458,-0.02981877,-0.08948113,-0.010541926,-0.06591523,-0.04403607,-0.02373636,0.0132599585,-0.010935406,-0.031035876,-0.0038941903,0.021605799,-0.018467385,0.019484827,-0.019382581,0.0024224096,-0.011967678,-0.065568045,-0.0004478617,-0.051581893,-0.0043500173
1938,0.92003083,0.0278681,-0.03420339,0.004945206,0.01950657,-0.009162228,-0.0048510367,0.015163444,-0.008154735,-0.029957015,0.013931097,-0.028137704,-0.06835511,0.034082446,0.03404633,-0.031072715,-0.08131897,0.08304334,0.04866729,-0.0042570448,-0.04961554,-0.0050856816,0.049832527,0.010965277,-0.02766832,0.015401503,-0.030754441,-0.0072761183,-0.017405642,-0.044479344,-0.05695197,0.06391055,0.0145725,-0.0029262945,0.03753816,-0.032186113,-0.009240087,0.020599084,-0.048867833,-0.019577868,0.018176345,0.014000455,-0.009324535,-0.039887942,-0.028878171,-0.06980331,-0.05632839,-0.02133485,-0.016326029,-0.012211877,-0.0746497,0.037361674,-0.02670303,0.025632422,-0.047025375,-0.022067886,0.0003331358,0.03139473,-0.054172464,-0.034933306,-0.05463706,0.03173503,-0.04999643,-0.020356128,0.0102917105,0.024482368,-0.016951913,-0.032669857,-0.04372993,0.011539419,-0.0022034585,-0.0035936453,-0.017097525,-0.0015158702,-0.013604889,-0.03251659,-0.045483388,0.025115255,-0.111915775,0.0071014995,-0.022420503,-0.07293138,0.011477432,-0.007784996,0.009193565,0.025602804,-0.04541413,-0.07904891,-0.07501336,0.01364063,-0.06774379,-0.05682731,0.026606359,-0.022723177,0.047527295,0.024984848,-0.06649727,-0.024708422,-0.03177891,-0.012002188,0.009776155,0.026661558,-0.056879982,-0.01924511,-0.01882161,0.04247006,0.09892138,0.005737879,-0.024447018,-0.009214672,0.040601667,-0.017362874,-0.049184877,0.0069091525,0.114933126,-0.06968349,-0.024123017,-0.06347454,0.055788003,0.0025395262,-0.037836764,0.009369306,0.038484704,-0.027688293,-0.038161676,-0.057600357,-0.031722505,0.03588051,0.031368814,0.02548166,-0.00575039,-0.014627601,-0.04759911,0.05805526,0.037015185,0.009382509,-0.03440743,0.01228329,-0.03407417,0.007680724,-0.07198369,0.042221654,-0.009303307,-0.008452072,0.076452106,-0.021611776,0.0022045106,-0.05035487,-0.0049755513,-0.04478442,-0.08183817,0.014611176,-0.028663242,0.08689602,0.023724524,-0.036628004,-0.056391567,0.03993816,-0.10532648,0.017093247,-0.01821632,0.019845722,-0.01879244,-0.023480866,-0.012110717,-0.014990827,0.064463936,-0.036182027,-0.06853034,-0.06521227,-0.032339327,-0.008047347,-0.09248649,-0.049515307,0.001049297,-0.026023094,0.007248486,0.02279757,0.005403059,-0.036653575,-0.043824412,0.002813543,-0.058312643,-0.09012114,-0.012330077,-0.007986762,-0.017380549,-0.036884304,-0.04297275,0.028348599,-0.028044913,-0.03424354,-0.0290028,-0.007723058,-0.08211224,-0.07514982,-0.057046786,0.03610645,-0.027439326,-0.007778837,0.0115505075,-0.053560033
1939,0.89248484,0.03318318,-0.053702924,-0.010121758,-0.025507638,-0.045622867,0.0021135707,-0.0786074,-0.078306586,-0.008720388,-0.048817985,-0.053395454,-0.06829826,-0.0054426575,-0.028345287,-0.07981388,-0.051203627,0.0018591246,0.020158399,-0.070339404,-0.030304076,-0.05216053,-0.03891599,-0.06255121,-0.020317493,-0.01868282,-0.0146219265,0.02342348,-0.019258004,-0.056178942,-0.056677684,-0.0117175495,-0.08393559,-0.0717464,0.0020773874,-0.06254562,-0.0012702405,-0.08221431,-0.08015219,-0.07719982,-0.018963903,0.011232016,-0.034914285,-0.05202409,-0.05126996,-0.050703738,-0.019476516,-0.046370827,-0.08511598,-0.027281843,-0.10175346,0.024998939,-0.08476791,-0.017986057,-0.050072137,-0.05966909,-0.056603104,-0.0441556,-0.025408365,-0.010051057,-0.04721901,-0.03624096,-0.053347453,-0.0137254195,-0.015490496,-0.045042504,-0.040334508,-0.048232228,-0.021398196,-0.08033469,0.01379697,-0.044429645,-0.03091697,-0.007575917,0.009436581,-0.031782106,-0.058088053,-0.049168102,-0.08135257,-0.025633108,-0.028951941,-0.02007632,-0.07773932,-0.03764733,-0.08471487,-0.00926043,-0.055024546,-0.07263264,-0.061430182,-0.041631047,-0.044331327,-0.045794744,-0.031007696,-0.062742084,-0.046837643,0.033946306,-0.090254895,-0.040454794,-0.110263176,-0.033419818,-0.035907704,-0.06503737,-0.031449582,-0.07367627,-0.049549203,0.006655879,0.052497093,-0.04650342,-0.120402105,-0.05446069,-0.008954199,-0.12375621,-0.034540053,-0.04564687,0.03273881,-0.090218216,-0.05975917,-0.049352404,0.037405826,-0.079933174,-0.06803774,-0.035355583,-0.018184865,-0.03670373,-0.033671264,-0.044524964,-0.053661704,-0.056759756,0.0064309686,0.004781834,-0.0460699,-0.09049648,-0.07228483,0.047615185,0.050820436,-0.03544829,-0.049133394,0.027421813,-0.0068588858,-0.030073877,-0.050018974,-0.010884982,0.0072168014,-0.07983146,0.036619514,-0.058770772,-0.09251937,-0.014095061,0.009703374,-0.03131279,-0.07413247,-0.069782555,-0.09630209,0.025343364,-0.10072148,-0.09000432,-0.027120935,-0.026141055,-0.1414431,-0.024770606,-0.104027644,-0.005585986,-0.042473204,-0.027270425,-0.041465342,-0.01597428,-0.042775907,-0.045906406,-0.050815187,-0.10162863,-0.041964225,-0.03333997,-0.10603372,-0.11209833,-0.035693754,-0.06774015,-0.008154587,0.020035554,-0.04210396,-0.05977163,-0.09163244,-0.039276868,-0.072417505,-0.061470635,-0.064346746,-0.08785481,-0.04782869,-0.015713468,-0.05954122,-0.039062016,-0.03962859,-0.057322253,-0.063950405,-0.03914781,-0.083751366,-0.066151135,-0.011206471,-0.041335803,-0.02167969,-0.035454422,-0.047837812,-0.05524032
1940,0.84371316,0.03873947,0.075877324,0.053369593,0.1253394,0.04918571,0.14753689,0.07634478,0.03733169,0.10812091,0.04756551,0.029020645,-0.0004106575,0.00063487946,0.15517868,0.054487634,0.05060211,0.11935297,0.08540919,0.07281127,0.121799745,0.09839657,0.03318822,0.05509718,0.045989852,0.11663686,0.0687935,0.105097085,0.11584652,0.10325802,0.021861201,0.11724601,0.077277064,0.087612055,0.1452777,0.06234422,0.07726355,0.093628146,0.05212756,0.10896682,0.06798469,-0.02250502,0.034486134,0.01500061,0.112188205,0.08246243,0.07841861,0.045205425,0.05911479,0.02337764,0.030007685,0.039721172,0.027234038,0.10819352,0.08519846,0.11075513,0.045195077,0.11137309,0.043111946,0.10743174,-0.014387824,0.09639516,0.15270999,0.11493202,0.14948817,0.08006735,0.03667382,0.062362734,0.061112065,0.15044454,0.090182625,0.13089843,0.07269118,0.13499336,0.02813112,0.065418586,0.12250305,0.04838746,0.09054466,0.01074933,0.05104608,0.08100392,0.04902421,0.08628076,0.028672544,0.04386484,0.05136122,0.02458464,0.06697569,0.10196597,0.050232768,0.051558115,0.08566641,0.06297656,0.03255335,0.16984929,0.04612061,0.058849674,-0.030113418,0.10182233,0.0837346,0.03907334,0.09397586,0.0147445,0.15301545,0.16095245,0.18931733,0.09728328,0.097476274,0.05945674,0.11138931,0.056527257,0.01898499,0.10982031,0.1774991,0.0658654,-0.00065915217,0.11759172,0.112701796,0.050166793,0.17146203,0.1395781,0.11165204,0.06443063,0.12739314,0.022636326,0.05336518,0.06216757,0.072164245,0.13779233,0.031381138,0.042208243,0.035345722,0.14008223,0.09083602,0.05157176,-0.0067172498,0.12560993,0.11052808,0.22180246,0.008587885,0.07473174,0.17209755,0.0763733,0.041232917,0.06855131,0.062712826,0.07451638,0.13551803,0.11105292,0.049807005,0.16150402,0.04855178,0.12292209,0.08468479,0.017287526,0.053222585,0.0872046,-0.0043265237,0.06500989,0.06780327,0.049650237,-0.0020186543,0.10419439,0.03110169,0.12244357,0.14121008,0.10793169,-0.0046084886,0.015449845,0.092968345,0.019851021,0.0036608109,-0.0066495896,0.070588335,0.07771091,0.112607285,0.12697196,0.057015408,0.021469159,-0.013592954,0.03853209,0.070913345,-0.0005101403,0.060822535,0.107229754,0.04083422,0.029375335,0.07414508,0.08793412,0.1107567,0.07092567,0.026379108,0.06833338,0.044572525,0.035731178,0.078626364,0.039570473,0.041282732,0.063456595,0.11604741,0.14089487
1941,0.83973306,0.04048548,-0.067092694,0.113782406,-0.026736505,0.0018078925,0.047809012,0.06905849,0.15074931,-0.19353864,0.18361408,-0.032584224,-0.21749572,-0.04458922,0.07419827,-0.07005124,-0.111564904,-0.008542256,0.18557341,-0.051183768,0.23661068,0.1584538,-0.046197083,0.038317565,-0.031128788,0.068912394,-0.04949553,0.042612817,-0.065223046,0.08745554,-0.06989355,-0.07564507,0.17399117,0.14717653,0.09545272,0.111969456,0.12898448,-0.09835985,-0.07979123,0.022115055,0.10904534,0.037884373,0.00018529108,0.05302764,-0.10371118,-0.04583338,0.068795845,-0.08413941,0.1446255,0.05865609,-0.033930037,-0.071755275,-0.053952776,-0.052424494,-0.052200545,0.0050383583,-0.12338871,0.061192013,-0.041235257,0.12290093,0.08284951,-0.027705703,0.16199742,0.037608407,0.195652,-0.09456943,0.2005446,-0.11029493,0.13478932,0.0295633,0.15218008,-0.010642202,0.16624151,0.16707955,0.004848312,0.07090866,0.08573727,0.10845793,-0.16223054,-0.012182966,0.003627082,-0.18175317,0.079703614,0.07936758,0.0489093,0.15628274,-0.07691845,0.016104354,0.05871367,0.1499856,0.07073517,0.17056093,0.1662585,-0.032928094,0.19071199,0.024671452,-0.06541145,-0.06749264,-0.110553935,-0.03216719,-0.013927856,0.038353913,0.15724479,-0.05588821,0.10195985,0.08804251,0.025379179,0.12760167,0.13600096,-0.07800182,0.17458394,-0.053825248,-0.09955617,-0.022399122,-0.06450709,-0.0356386,0.18018585,-0.0491429,0.13036014,0.063963026,0.12827468,0.04874451,0.050487533,0.21052988,-0.009557487,0.13612853,0.143271,0.1760189,0.18332857,-0.041337565,-0.002540358,0.057606988,0.09816998,-0.04960184,-0.14006752,0.0009774013,0.09651389,0.0812689,0.10984322,0.16929969,0.1825793,0.12418321,0.10147191,-0.095483266,0.23308262,0.0648212,0.13389061,0.13518198,0.00032955155,0.063670896,0.20525064,-0.072394505,0.14207928,0.06507187,0.11805367,0.07499393,0.18375164,0.023433354,0.0458514,-0.039222237,-0.013093923,0.030071944,0.15901749,-0.10037843,-0.025460294,-0.041879304,0.043068405,-0.017268986,0.0067324685,0.084240496,-0.114843115,-0.03240788,0.00938648,-0.10583267,0.0764415,-0.11114487,-0.009275364,-0.04454476,0.1387283,0.100160345,-0.104675606,0.073895946,0.05143976,-0.05261034,-0.07180507,0.008352486,0.137029,-0.031023595,0.0026237122,0.12345682,0.12174976,0.13246228,-0.017651737,0.12049205,-0.15778248,-0.012918441,-0.088938676,0.07359847,0.014269006,0.095918305,-0.034089893,-0.061225727
1942,0.8372562,0.043249954,-0.026812403,0.049949415,-0.02737277,0.015965339,0.040877838,-0.010428806,0.11635853,-0.19938792,0.11630503,-0.09513941,-0.19672558,-0.09780342,0.07884551,-0.040158994,-0.08810344,-0.065242425,0.14174946,-0.048393592,0.17642131,0.1167077,-0.10958708,0.07401796,-0.22147827,0.044748362,-0.14572872,-0.025493762,-0.14064373,0.0342377,-0.06667926,-0.0914576,0.051866207,0.12248819,0.1484037,0.011444362,0.104280904,-0.110905156,-0.11928295,-0.07079286,0.16654764,0.008949489,-0.09498537,0.027536545,-0.11676437,-0.07005893,0.05773386,-0.11069396,0.13564946,0.023903353,-0.008223024,-0.20700616,-0.043516222,-0.079952165,-0.10331275,0.019957615,-0.09661262,0.028442103,-0.054578155,0.09804816,0.043699443,-0.14321962,0.17776254,0.02704524,0.10537701,-0.061436255,0.15746307,-0.16107309,0.16552302,-0.062336307,0.08382591,-0.05863461,0.15536088,0.16332392,-0.076345325,0.02350047,0.008116825,0.05630587,-0.17749046,0.027875401,-0.063275255,-0.11310202,0.036970712,0.069828406,-0.026762309,0.09259458,-0.06933183,-0.056053028,0.010839914,0.1431021,0.07610676,0.10624303,0.1281938,-0.10708535,0.1575999,0.030185053,-0.12765951,-0.10668706,-0.09122077,-0.05351573,-0.08677058,0.03767351,0.13822034,-0.115174964,0.061767593,0.074931145,-0.052871972,0.06155115,0.08850741,-0.08067416,0.08228859,-0.06676643,-0.11650699,-0.023321945,-0.062198006,-0.11743663,0.103185385,-0.06934728,0.10494167,-0.0004292155,0.123883665,-0.008807244,-0.009131561,0.06739622,-0.03155556,0.10346745,0.0440039,0.12212342,0.15034716,-0.09756297,-0.05270574,-0.014340564,0.014430492,-0.0776564,-0.21125172,0.00925853,0.04866681,0.10577598,0.071002945,0.18577088,0.13133614,0.08053566,0.095119156,-0.09199662,0.17252694,0.014267922,0.0723529,0.07288103,0.01152419,-0.015437747,0.19541071,-0.109396085,0.0980133,0.041481536,0.107961066,0.035672057,0.110794075,-0.02849434,0.034744248,-0.15697277,-0.08861601,-0.06592336,0.17191334,-0.11156508,-0.05262924,-0.100232676,-0.032278296,-0.12163609,-0.011711725,0.048837326,-0.105808206,-0.07732505,-0.032724164,-0.13604487,0.049484435,-0.08443144,-0.064641625,-0.10938401,0.1324683,0.0067739063,-0.061972935,0.040162116,-0.06741175,-0.13307367,-0.09932557,-0.037605688,0.16226688,-0.1309977,-0.02597182,0.0010203061,0.11889229,0.100290775,0.029653752,0.07698945,-0.19221976,0.074855566,-0.0587738,-0.009805442,0.019699953,0.05609732,0.00445822,-0.080733806
1943,0.81705236,0.04432448,-8.81881e-06,0.081720665,-0.017319521,0.023484504,0.08502053,0.017964033,0.076304816,-0.1345796,0.18270876,-0.04334774,-0.14825313,-0.12017144,0.06260425,-0.10292746,-0.15301993,-0.10303162,0.15590777,-0.067180365,0.1469577,0.05932114,-0.08931034,0.017145218,-0.11346686,-0.06482039,-0.071552716,0.04776776,-0.10395255,0.054091226,-0.083109684,-0.07671212,0.054782026,0.15767343,0.047314167,0.0031999203,0.09434442,-0.1392701,-0.08736075,0.00040475317,0.15152736,-0.0049664937,-0.033698667,0.0557882,-0.16267286,-0.12930866,-0.019664105,-0.089263886,0.06620282,0.07429598,-0.07750941,-0.12992536,-0.08629701,-0.03978366,-0.005676835,0.10501619,-0.051425777,0.092255265,-0.18145858,0.081567876,0.09062977,-0.07731551,0.14019318,0.055076547,0.11739244,-0.12116911,0.13766062,-0.12529583,0.077754594,-0.069402054,0.056946356,-0.09499985,0.17835484,0.16129404,-0.02092762,5.3453445e-05,-0.012236646,0.09136516,-0.09747732,-0.019383864,-0.03363464,-0.13964066,0.017309831,0.015125389,0.005610383,0.16658327,0.0013289109,-0.029722067,-0.058624025,0.20137708,0.10357258,0.056834243,0.10777828,-0.09914636,0.17930666,0.032523397,-0.101377375,-0.041409973,-0.06815076,-0.035188917,-0.10344799,0.016806806,0.09546431,-0.069802344,0.12666349,0.06736333,-0.05089056,-0.013783874,0.114175394,-0.06996233,0.14646254,-0.106332,-0.027241701,-0.008254944,-0.093547314,-0.07715932,0.12072415,-0.08082549,0.19347255,0.066676915,0.08496596,-0.005745631,0.008434025,0.18338518,-0.015569329,0.040936757,0.11221669,0.15844749,0.1017196,-0.07027442,-0.03174999,-0.04972727,0.053300794,-0.09365446,-0.10134525,-0.006268272,0.10227268,0.14859137,0.11518922,0.07739288,0.15314355,0.11102629,0.09107758,-0.11407076,0.14540781,0.053364765,0.12826563,0.070530206,-0.016716123,-0.03031633,0.15399425,-0.11044731,0.09515537,0.016692415,0.099795595,0.013558731,0.13175666,0.035044596,0.07418527,-0.17626731,-0.011753408,-0.052591458,0.13953413,-0.09879386,-0.090876624,-0.16648072,0.051915623,-0.09266801,-0.0029788779,-0.031670053,-0.080066256,-0.13279788,0.010892358,-0.08291651,0.02806214,-0.098724544,-0.03292482,-0.07878204,0.11995464,0.012659307,-0.042699136,0.087816246,-0.01662802,-0.011753739,-0.119835965,-0.017141871,0.1445429,-0.10813721,-0.022623857,0.04888332,0.11222184,0.106415756,-0.0047325273,0.06594032,-0.14898068,-0.013989689,-0.08156454,0.059816282,-0.0072839106,0.09633702,-0.047273606,-0.113962725
1944,0.79765785,0.04927809,0.026385149,0.24250324,0.105427966,0.053680133,0.24156544,0.1747307,0.24483061,-0.08138602,0.27542892,0.04045149,0.011491446,0.04218026,0.26162225,0.09720302,0.08249885,0.051640835,0.25025746,0.104175374,0.2587204,0.25712812,0.056117184,0.17378327,0.02742942,0.1916036,0.06543529,0.17499527,0.041311093,0.15146424,0.0812648,0.050673615,0.19235645,0.24820052,0.24928229,0.20417444,0.2646705,0.018682508,0.012776361,0.074940644,0.24452327,0.09682324,0.085403964,0.19695286,-0.009133621,0.048645146,0.17601858,0.017857525,0.23290288,0.2199934,0.09997447,-0.03387153,0.04422142,0.093890965,0.08931383,0.12741648,0.08109638,0.23544066,0.09493053,0.24782571,0.15981893,0.15535764,0.29088908,0.17952204,0.27424535,0.034249995,0.25962442,0.03742245,0.18316005,0.151581,0.26649266,0.044425827,0.24772415,0.26239192,0.0693784,0.1675433,0.11685708,0.19446118,0.027543465,0.17132053,0.11318042,0.004655112,0.21462324,0.17866385,0.13221164,0.22337955,0.06053477,0.09293846,0.13060248,0.28637117,0.2893934,0.26563874,0.3031034,0.048983015,0.2919766,0.11107985,0.020972727,0.12174542,0.023594355,0.117038906,0.13732815,0.17116356,0.30516475,0.058959696,0.24985716,0.21669585,0.07875401,0.20780699,0.28090045,0.119499505,0.23807065,0.08191796,0.04624038,0.11849803,0.0413697,-0.0104694385,0.20399818,0.11048208,0.21631977,0.17550837,0.16113137,0.12982476,0.09177664,0.27935284,0.151691,0.2583791,0.27413487,0.24868867,0.25243127,-0.0012683608,0.16202167,0.19887477,0.18257932,0.033778913,-0.0054861507,0.15368627,0.14659807,0.21059614,0.2695577,0.24281594,0.3532266,0.29294324,0.20661277,0.04066583,0.39380023,0.15325607,0.17803687,0.2615128,0.1697471,0.1694932,0.27564296,0.047262512,0.24148819,0.10619982,0.18995462,0.112133704,0.2019163,0.20383923,0.16413794,0.03638175,0.08953492,0.16269194,0.19157785,0.014333733,0.051328477,0.04057667,0.16188215,0.051849447,0.14026718,0.17190316,0.07311404,0.09777445,0.14203446,0.016080374,0.21055417,0.047628317,0.04417311,-0.0011701592,0.23594351,0.1819693,0.08763471,0.23221299,0.10894913,0.05945502,-0.01808111,0.099699296,0.25177285,0.028483108,0.120872535,0.21463317,0.25433046,0.3107635,0.1282996,0.16216326,-0.010967873,0.07542378,0.0058496143,0.176663,0.07816114,0.18218908,0.12876114,0.10222914
1945,0.7695175,0.053368174,-0.009640514,0.16957149,-0.043222513,0.07509915,0.08055952,0.0322832,0.14398071,-0.054450933,0.14869405,-0.064067915,-0.12589324,-0.07444964,0.14488915,-0.0058242553,-0.038593434,-0.044954058,0.19296424,-0.05188662,0.15157978,0.07861359,0.004205625,0.08364702,-0.06515313,0.124492966,-0.01889512,0.08295698,-0.004248152,0.019973598,-0.16998222,0.013348029,0.111364834,0.15220207,0.14578572,0.039070368,0.13567252,-0.1178245,-0.07832288,0.01896672,0.15101403,0.04795245,-0.0043006917,0.07802427,-0.07856202,-0.07982271,0.09275595,-0.041202188,0.15463707,0.084066056,-0.0027824873,-0.10311378,-0.0047832453,-0.0033878142,0.031064343,0.078778185,-0.061176393,0.1264071,-0.083903804,0.12592286,0.14547743,0.013368677,0.059177116,0.097644724,0.1480843,-0.07249112,0.1099284,-0.06243949,0.18367264,0.030983705,0.14251079,-0.04192517,0.16624267,0.12310909,0.06849955,0.10868106,-0.0085414015,0.12376449,-0.11326407,0.03688729,0.103629895,-0.101127125,0.045302335,0.11059414,0.010755132,0.13462918,-0.0035039494,-0.015254293,0.012886949,0.1495321,0.029576441,0.11847871,0.12583163,0.00075837836,0.13293406,0.14050443,-0.12680289,-0.0009642842,-0.058001596,0.026367726,0.039009836,0.01959367,0.16600788,-0.037720542,0.14720032,0.117521904,0.052117802,0.11175354,0.13998781,-0.088998966,0.19926813,-0.06303246,-0.120348975,-0.051535223,0.022604885,-0.023074811,0.081834875,-0.06122523,0.10745716,0.10914566,0.124030694,0.031406637,0.05127288,0.19846275,0.08854355,0.10517749,0.15413457,0.15571831,0.1289259,-0.016605655,0.02192376,0.053144544,0.12509313,-0.0726673,-0.13447222,0.006851517,0.11081681,0.11810773,0.11896088,0.16167831,0.21646602,0.13732582,0.040680185,-0.07335417,0.18285158,0.09958686,0.13666892,0.1403054,0.009063643,0.16233727,0.15637101,-0.006257818,0.044129755,0.056944452,0.13130172,0.06590006,0.11482304,0.005031294,0.04334394,-0.107161716,-0.008509173,0.021740701,0.16036785,-0.101955935,-0.03859516,0.002987564,0.11855755,-0.03896264,0.057275984,0.07589421,-0.0527118,-0.05648287,-0.005259485,-0.020620706,0.041214786,-0.034551434,-0.027845727,-0.13204394,0.18717542,0.102566086,-0.08603366,0.1129602,0.011339404,-0.023925627,-0.07877311,0.013219105,0.17049703,-0.05353452,-0.010599887,0.07839197,0.1560652,0.11726852,0.0040892325,0.11501418,-0.08433974,0.036003176,-0.008330535,0.063140914,0.051242318,0.048886023,0.0039037655,-0.045636088
1946,0.8486702,0.04110125,-0.20679738,-0.11392202,-0.09827023,-0.18030624,-0.08543348,-0.10167483,-0.18373129,-0.107248425,-0.15061833,-0.14469826,-0.13778573,-0.14820483,-0.004991258,-0.058623817,-0.19549829,-0.08340675,-0.107981786,-0.16546203,-0.07960038,-0.15276158,-0.14260839,-0.1887156,-0.1453693,-0.037308354,-0.2572397,-0.08319941,-0.089222156,-0.10790904,-0.10120936,-0.03462472,-0.13593791,-0.13904549,-0.023432272,-0.14010787,-0.11598554,-0.23763531,-0.1596846,-0.055428207,-0.13459839,-0.15843773,-0.13859169,-0.115725644,-0.118615754,-0.04775593,-0.09364366,-0.12929143,-0.1110703,-0.13835561,-0.18039516,-0.14178006,-0.2565159,-0.11729403,-0.17164703,-0.1632618,-0.20631833,-0.09377076,-0.15385191,-0.1906578,-0.12616624,-0.15977237,-0.026257455,-0.086275406,-0.048858806,-0.12233833,-0.21385686,-0.092971556,-0.13934809,-0.051928464,-0.18303311,-0.190637,-0.1253841,-0.09563796,-0.08036053,-0.13085896,-0.06897718,-0.18620239,-0.12143622,-0.131449,-0.16782588,-0.121367015,-0.09743192,-0.14373153,-0.112729125,-0.1801315,-0.1172387,-0.15985602,-0.12716866,-0.04947848,-0.15958954,-0.07523647,-0.0042058215,-0.099467576,-0.25016764,0.007027583,-0.16235846,-0.080397345,-0.07062411,-0.095820665,-0.15372452,-0.19436985,-0.079034925,-0.2066185,-0.014748269,-0.022511661,0.019088767,-0.0753029,-0.1524308,-0.16074163,-0.03223616,-0.17475808,-0.1359943,-0.116189964,-0.13031456,-0.13651288,-0.23423526,-0.053651858,-0.05365055,-0.18701668,-0.13284673,-0.047850423,-0.17261839,-0.12362275,-0.02395134,-0.14397475,-0.15476024,-0.17275514,-0.21938254,-0.082469106,-0.16365412,-0.20042971,-0.038804315,0.043873157,-0.032331556,-0.17687976,-0.14521793,-0.054130737,-0.09961378,-0.051483728,-0.18417586,-0.061825186,-0.04307345,-0.020245932,-0.08387607,-0.017434653,-0.17774467,-0.2176208,-0.09591936,-0.07514478,-0.12457713,-0.09055319,-0.15702628,-0.0009533832,-0.091038145,-0.17851618,-0.043455902,-0.15229279,-0.2333724,-0.119202316,-0.14533333,-0.12100067,-0.12219251,-0.14766045,-0.15849766,-0.106301,-0.021014644,-0.118787766,-0.088805646,-0.082885295,-0.11145789,-0.10193894,-0.1588383,-0.14581345,-0.18779553,-0.08263582,-0.08328486,-0.032201942,-0.14298329,-0.2546984,-0.14136866,-0.14610595,-0.08063272,-0.13798705,-0.23485567,-0.14206028,-0.14440842,-0.14463183,-0.17885639,-0.117303334,-0.14226772,-0.11740823,-0.18909554,-0.2606717,-0.26479793,-0.20789656,-0.09954311,-0.11607262,-0.047440793,-0.14085755,-0.117865786,-0.09213713
1947,0.8836425,0.034885745,-0.08099065,-0.037625335,-0.1012759,-0.09900936,-0.022573583,-0.0891838,-0.18248215,-0.067581415,-0.12453574,-0.08115304,-0.1265562,-0.12469855,-0.082926966,-0.046505895,-0.17964503,-0.0027693326,-0.08452571,-0.16564491,-0.11436388,-0.11379433,-0.14205009,-0.184878,-0.048683275,-0.037628196,-0.22799727,-0.13167575,-0.06591659,-0.065288104,-0.06996116,-0.05058642,-0.120755345,-0.041760866,-0.010236365,-0.04028953,-0.06377472,-0.20051649,-0.044248953,-0.069602005,-0.08653866,-0.17103826,-0.12795703,-0.0923843,-0.032153383,-0.1373422,-0.11252217,-0.12056173,-0.12198134,-0.09989743,-0.15862675,-0.07273933,-0.25786337,-0.07563985,-0.08396877,-0.14852698,-0.046116382,0.01205691,-0.09564659,-0.118706316,-0.14606088,-0.16245699,-0.012297809,-0.02791276,-0.029116437,-0.063076325,-0.14919278,-0.080297396,-0.07751656,-0.12705813,-0.1737917,-0.15967512,-0.0665828,-0.026364572,-0.10965347,-0.09198405,-0.054892197,-0.17859909,-0.09541861,-0.15804546,-0.08050662,-0.15633593,-0.05908512,-0.11948206,-0.11249815,-0.12864639,-0.15450048,-0.115971275,-0.13409719,-0.016241236,-0.123527125,-0.0371743,-0.0113303205,-0.07235399,-0.14720355,0.09812315,-0.17496946,-0.014422651,-0.12191159,-0.14503072,-0.13191305,-0.14003868,-0.093301326,-0.1265203,-0.05390851,0.041381262,0.019302897,-0.12958382,-0.09097534,-0.10677684,-0.05403679,-0.12787315,-0.14665826,-0.010210014,-0.07668152,-0.058474123,-0.19969338,-0.030141205,-0.073376626,-0.13168192,-0.053612594,-0.0501295,-0.045978278,-0.22184679,-0.09016803,-0.09231593,-0.1084311,-0.15149733,-0.0701718,-0.081139356,-0.13267107,-0.0465723,-0.120574325,0.035340194,-0.10884442,-0.19895941,-0.1837201,-0.03498155,-0.03797582,-0.03920704,-0.15455818,-0.045574293,-0.027190834,0.025046322,-0.027163297,-0.03720629,-0.11483717,-0.13696332,-0.033717286,-0.060134213,-0.13281271,-0.06480485,-0.13290456,-0.11186426,-0.030048473,-0.21944241,-0.09941204,-0.0809472,-0.23182778,-0.038020212,-0.13352872,-0.06628094,-0.05204972,-0.06331488,-0.18397842,-0.13481054,-0.08446658,-0.01543679,-0.101774074,-0.02640184,-0.057692137,-0.11491076,-0.16124687,-0.12142381,-0.12541145,-0.022104723,-5.368288e-05,-0.011517286,-0.10574579,-0.16342188,-0.14490195,-0.1511836,-0.089041814,-0.12126786,-0.19084382,-0.03497456,-0.12879616,-0.12708884,-0.09824006,-0.07838741,-0.024855988,-0.06684673,-0.122853056,-0.19121256,-0.25950682,-0.20641239,-0.05594944,-0.10603248,-0.038860455,-0.14342,-0.12498849,-0.1296503
1948,0.87781316,0.036561176,-0.17977005,-0.14805983,-0.1267838,-0.13502537,-0.11071439,-0.067911796,-0.20166796,-0.11810684,-0.17789494,-0.13184153,-0.13093872,-0.09028581,-0.11608172,-0.085823976,-0.18804115,-0.035472963,-0.13560946,-0.16392148,-0.14004575,-0.096433505,-0.08669912,-0.22761182,-0.1474447,-0.106939785,-0.24071826,-0.09647281,-0.08963668,-0.117242485,-0.10656763,-0.08062715,-0.16951379,-0.094691396,-0.089186005,-0.08297588,-0.06896065,-0.21114527,-0.09846072,-0.1343249,-0.13873534,-0.20421387,-0.07931811,-0.15861222,-0.0295734,-0.122294664,-0.109370865,-0.12824112,-0.15488984,-0.107868895,-0.23252226,-0.088764854,-0.24522994,-0.1582725,-0.1145864,-0.14625442,-0.15537894,-0.08506201,-0.14098872,-0.17310645,-0.13226913,-0.16108328,-0.08279437,-0.07027306,-0.083724014,-0.09965469,-0.15029496,-0.19032149,-0.17278899,-0.14507942,-0.19300222,-0.19714156,-0.10762372,-0.09388501,-0.08050401,-0.089833595,-0.10574504,-0.20823649,-0.16084726,-0.14805977,-0.12350346,-0.15834998,-0.12581195,-0.15689293,-0.15239477,-0.13032354,-0.20313066,-0.11967356,-0.17209592,-0.092932396,-0.13446833,-0.09411138,-0.0806228,-0.16403088,-0.2541398,0.07162503,-0.11313094,-0.087649114,-0.11298601,-0.15143287,-0.13736969,-0.19222145,-0.08392157,-0.21807605,-0.013457169,-0.03533559,-0.02567491,-0.064492404,-0.1541069,-0.1576976,-0.08802452,-0.17892402,-0.18263051,-0.1420327,-0.088792756,-0.15830995,-0.20821282,-0.09348594,-0.081985176,-0.15737557,-0.069306575,-0.091201216,-0.1556924,-0.1841812,-0.07197163,-0.10982292,-0.1407045,-0.18624769,-0.12364304,-0.08730994,-0.1003842,-0.17809385,-0.16586937,-0.032359112,-0.12448661,-0.12991266,-0.14140718,-0.023260739,-0.10343917,-0.08747829,-0.121951096,-0.07610592,-0.085346535,-0.07409785,-0.08664666,-0.11323051,-0.1543842,-0.14894354,-0.10442472,-0.09252134,-0.18115251,-0.029698296,-0.16453518,-0.10254827,-0.13244,-0.19611964,-0.091892056,-0.05086705,-0.1377709,-0.10400344,-0.088332936,-0.048035193,-0.13454372,-0.15305185,-0.17169122,-0.16248222,-0.055654902,-0.14547358,-0.19486281,-0.06553323,-0.13513145,-0.15241589,-0.17530586,-0.14624439,-0.14016245,-0.08514127,-0.12290826,-0.07386469,-0.092371255,-0.22702649,-0.17035705,-0.20159765,-0.09502405,-0.20221375,-0.24318504,-0.0505151,-0.20780547,-0.16479729,-0.14164652,-0.0477573,-0.1495263,-0.08659547,-0.15295741,-0.2368106,-0.22713405,-0.2753046,-0.1200821,-0.16158748,-0.07782453,-0.12622009,-0.12050996,-0.1543675
1949,0.90595067,0.031612962,-0.15374976,-0.114237785,-0.13088681,-0.16224845,-0.13145313,-0.14762193,-0.19530739,-0.1411208,-0.20203908,-0.1413487,-0.15477425,-0.14843489,-0.16523698,-0.1584471,-0.18181135,-0.09506347,-0.14404045,-0.14679734,-0.15373944,-0.10312488,-0.080182955,-0.21508597,-0.17365253,-0.1261732,-0.25639787,-0.18524665,-0.1286235,-0.15178593,-0.15070814,-0.07424898,-0.19341308,-0.15378907,-0.08476175,-0.16381055,-0.14108174,-0.17278029,-0.18351941,-0.13603227,-0.17434333,-0.18461949,-0.1441818,-0.15965071,-0.1441662,-0.1760195,-0.11332784,-0.21554731,-0.14936467,-0.13375583,-0.23713572,-0.100113705,-0.22876684,-0.11323288,-0.12663388,-0.21287274,-0.22714967,-0.12692589,-0.16047452,-0.16608685,-0.2083494,-0.15770112,-0.078488536,-0.08599236,-0.11062417,-0.118549556,-0.19188263,-0.21415617,-0.16965625,-0.14060894,-0.24710557,-0.23009992,-0.14665082,-0.094565906,-0.14796856,-0.16561905,-0.1436191,-0.23912469,-0.17468841,-0.15864548,-0.18565142,-0.16638349,-0.14656831,-0.22866343,-0.16957739,-0.19493403,-0.19870967,-0.22881295,-0.23566703,-0.12025521,-0.114104524,-0.08000729,-0.0603029,-0.16947536,-0.21686992,0.05514047,-0.18886606,-0.08192082,-0.19047095,-0.14090073,-0.13236344,-0.19645289,-0.115912996,-0.2211872,-0.121548384,-0.06822973,-0.07903101,-0.14079311,-0.18594626,-0.21052514,-0.093953,-0.20611821,-0.23298046,-0.16576728,-0.14260624,-0.13539787,-0.24982451,-0.1146022,-0.12780903,-0.15902029,-0.11743978,-0.129184,-0.102017336,-0.19520257,-0.13934682,-0.12688641,-0.20681447,-0.1972563,-0.17596565,-0.105684586,-0.2034668,-0.19119897,-0.14732729,-0.08277307,-0.13460723,-0.20821108,-0.156452,-0.05879342,-0.13030629,-0.09011821,-0.18786238,-0.14613898,-0.07312669,-0.1215998,-0.085365035,-0.15098578,-0.122473486,-0.18070702,-0.17568217,-0.07881639,-0.17155218,-0.11949339,-0.15820988,-0.107141554,-0.1739664,-0.24197623,-0.14737219,-0.15251274,-0.16814916,-0.06204021,-0.12682639,-0.104285106,-0.12668037,-0.19531998,-0.18713799,-0.107315615,-0.11673497,-0.12402531,-0.18174084,-0.063116334,-0.1313413,-0.11382752,-0.1809607,-0.15149161,-0.13475108,-0.049837217,-0.123589955,-0.113413736,-0.15036075,-0.24833128,-0.1856471,-0.22297412,-0.13880222,-0.16973771,-0.23164408,-0.09980447,-0.20230734,-0.18066065,-0.16307606,-0.16029125,-0.10724628,-0.121892266,-0.23367204,-0.2540685,-0.25915775,-0.26319832,-0.16121458,-0.13653417,-0.14079861,-0.15763642,-0.12522942,-0.17909144
1950,0.9143433,0.02909422,-0.25054434,-0.21554977,-0.18633507,-0.29420882,-0.24379353,-0.20121701,-0.29092485,-0.20811014,-0.25902987,-0.22912326,-0.23995207,-0.28084022,-0.22654577,-0.25325263,-0.25764844,-0.23366569,-0.31104764,-0.30005938,-0.29137993,-0.21233958,-0.19386406,-0.26778919,-0.23703767,-0.2198708,-0.2197965,-0.20693527,-0.24830548,-0.24557112,-0.27012262,-0.21061131,-0.2657469,-0.24821186,-0.19228488,-0.25027248,-0.23813757,-0.26230708,-0.24430168,-0.2616098,-0.24092838,-0.28055745,-0.20180187,-0.23700662,-0.15219596,-0.24542944,-0.20084047,-0.26413807,-0.2464356,-0.25142115,-0.22989304,-0.18849316,-0.3695583,-0.24385312,-0.22841467,-0.2340938,-0.2414905,-0.14070569,-0.19815207,-0.23412824,-0.24773079,-0.20374277,-0.15916054,-0.21925423,-0.19738567,-0.16198723,-0.28157994,-0.26482868,-0.26002094,-0.24231866,-0.31502488,-0.27240777,-0.23160008,-0.22918156,-0.24628873,-0.30718848,-0.21298665,-0.3293106,-0.223162,-0.24165222,-0.27193516,-0.18888544,-0.23988073,-0.26353896,-0.29184753,-0.26080203,-0.19941768,-0.32321233,-0.26321813,-0.23735306,-0.20850983,-0.22560987,-0.20321956,-0.29715493,-0.27622345,-0.092307985,-0.24411881,-0.19448245,-0.24356095,-0.22076297,-0.26164597,-0.19751726,-0.17664537,-0.27838677,-0.22785597,-0.15613353,-0.26192817,-0.24887669,-0.26735744,-0.22719744,-0.21887623,-0.30361566,-0.25502527,-0.22421664,-0.19892322,-0.19865021,-0.27426556,-0.24208568,-0.18932201,-0.24012502,-0.28432864,-0.19741724,-0.20981015,-0.23225655,-0.1833676,-0.22058453,-0.26839095,-0.25453764,-0.24984698,-0.21022673,-0.2129133,-0.25976256,-0.22484028,-0.17763531,-0.2374634,-0.3238203,-0.29537067,-0.21175723,-0.22739147,-0.22847672,-0.2546475,-0.2519316,-0.19648881,-0.18217586,-0.11150166,-0.25158542,-0.28642818,-0.24074964,-0.2217672,-0.24688283,-0.20839676,-0.1849001,-0.25439972,-0.20917085,-0.25204277,-0.25502443,-0.22613728,-0.26649585,-0.2397011,-0.12201893,-0.20982334,-0.1617212,-0.2256527,-0.20598999,-0.29010132,-0.28232104,-0.2376268,-0.22194749,-0.25246212,-0.21261321,-0.2310903,-0.20228545,-0.27680114,-0.27723902,-0.2695798,-0.16543075,-0.19471684,-0.23097257,-0.24530202,-0.34167078,-0.31052306,-0.33421993,-0.24564633,-0.30517358,-0.26703995,-0.18095939,-0.28973418,-0.24169561,-0.3307445,-0.23119883,-0.22184218,-0.17975739,-0.28615052,-0.2503541,-0.31565383,-0.34165597,-0.24414381,-0.25848156,-0.2612866,-0.2789751,-0.2394839,-0.2691484
1951,0.91169584,0.029033124,-0.05116179,-0.06535473,-0.046363905,-0.08918654,-0.07883082,-0.06267357,-0.040608793,-0.08199771,-0.065004095,-0.073645785,-0.082104675,-0.09782974,-0.06623878,-0.10411791,-0.12590387,-0.07711044,-0.06972004,-0.062059533,-0.093919344,-0.04030461,-0.05162853,-0.06506325,-0.10154275,-0.052250545,-0.0812092,0.0015538989,-0.0793223,-0.09605462,-0.097499266,-0.00053414423,-0.119451955,-0.095818594,-0.110432275,-0.08397429,-0.06875024,-0.053284857,-0.08778048,-0.07482601,-0.07164972,-0.10981061,-0.10182713,-0.09277957,-0.03503051,-0.089553654,-0.054723248,-0.13636746,-0.098487355,-0.06697336,-0.06383549,-0.04587458,-0.07351835,-0.03446371,-0.0751041,-0.09461341,-0.134087,-0.05075102,-0.022268744,-0.10518508,-0.0994456,-0.04861384,0.03495461,-0.05927204,-0.05037826,-0.028841143,-0.105229445,-0.11819529,-0.093218036,-0.06576935,-0.12895207,-0.09337075,-0.11345783,-0.06930726,-0.036869932,-0.085705966,-0.09415139,-0.11958504,-0.075029835,-0.04026488,-0.08381134,-0.10382,-0.058921903,-0.109542176,-0.09807886,-0.09577744,-0.06446311,-0.09617253,-0.10446954,0.0008104522,-0.024862962,-0.0360693,-0.0781178,-0.033764802,-0.11204179,0.06021892,-0.06125128,-0.0692655,-0.13841833,-0.084670685,-0.044130612,-0.07501682,-0.07177905,-0.12514818,-0.0775047,0.021103714,-0.014152577,-0.07046629,-0.066547014,-0.03903244,-0.0061276704,-0.116752185,-0.09070901,-0.07654035,-0.05644425,-0.06951576,-0.13786148,-0.100802496,-0.0025803163,-0.06357636,-0.04352148,-0.08385549,-0.028006434,-0.048898157,-0.068377905,-0.0774468,-0.051024336,-0.11044721,-0.103059165,-0.042704728,-0.08189069,-0.057189215,-0.024304701,-0.019104116,-0.10655051,-0.09379487,-0.12929921,-0.051451642,-0.0883485,-0.082286075,-0.061925296,-0.111286454,-0.012014418,-0.014777392,0.010620925,-0.10062602,-0.086619444,-0.079017945,-0.0048024496,-0.05553691,-0.08920902,-0.019894393,-0.09283097,-0.0689076,-0.07732389,-0.08455722,-0.10190631,-0.058190107,-0.13187115,-0.05505959,-0.022808209,-0.049968153,-0.05820137,-0.026274191,-0.041025247,-0.089862585,-0.10097342,-0.05716352,-0.06420073,-0.054049805,-0.08464454,-0.072293796,-0.108748406,-0.063430116,-0.040081393,0.003583076,-0.0016916347,-0.011158888,-0.09805271,-0.12554906,-0.07795872,-0.096847154,-0.03507035,-0.13585985,-0.17980711,-0.035600875,-0.11714223,-0.08578098,-0.11734558,-0.078294024,-0.0154677,-0.06815731,-0.12348474,-0.08838791,-0.16588856,-0.06652353,-0.064109914,-0.081691585,-0.093226664,-0.10461996,-0.05663004,-0.11868582
1952,0.911761,0.031206079,0.024069875,0.038945414,0.03558105,-0.005494673,-0.021408146,0.030892763,0.014274588,0.01171489,0.014553908,0.040785525,0.01495413,-0.035467055,-0.016085712,0.009330429,-0.028582172,-0.019871885,0.005808062,0.017611459,-0.027084569,0.0032686598,0.07373775,-0.023240518,0.026682952,0.00992494,0.030874565,0.05971043,-0.022413787,-0.034547366,0.06715005,0.084127694,-0.01661333,0.069221176,0.031721983,0.020702006,0.05338856,-0.022232244,0.0011957599,-0.03985582,-0.016288377,-0.04708157,-0.0058388473,0.021022353,-0.014903733,0.023964496,0.013524338,0.007118169,0.044487406,0.011088694,0.023684438,-0.0013762789,-0.031417146,0.016191538,0.047907554,0.020514252,-0.05195234,-0.028680786,0.07901953,0.07101276,0.011809215,0.036870725,0.090547636,0.05411472,0.006405478,0.0044022365,0.005200993,-0.033381287,0.02502795,-0.02279652,-0.09078738,0.028388038,-0.017068718,0.051251177,0.0985813,0.012449352,-0.006924052,-0.03590095,-0.017190684,0.018569645,-0.026814315,-0.011584156,-0.01120665,-0.044075407,0.051939864,-0.01843108,0.008699172,0.042278927,-0.009207679,0.0072119893,0.0463073,0.040495403,0.05333896,-0.008182026,0.027653832,0.15271147,-0.03308776,0.003026072,0.0029743768,-0.0062553915,-0.0026072678,0.037043843,0.050763447,-0.0011660358,0.004229503,0.037763957,0.032899357,0.040070474,-0.009566891,0.010909311,0.049753577,-0.036498696,0.024165025,-0.046053864,0.015029794,0.022256695,-0.0055539855,-0.06080662,0.04128293,0.09155619,-0.03292167,-0.0056702937,0.06221017,0.020279841,0.026996098,-0.008675179,0.058498867,0.0053461003,0.04006643,0.044545867,0.009275177,-0.054227117,-0.0009744464,0.08832815,-0.036054272,-0.023270383,-0.016020456,0.06357838,0.051405292,-0.026913423,-0.023235362,-0.002066354,0.021359807,0.055913586,0.13630253,-0.022030925,0.06258838,0.04834785,0.07900891,0.014193822,-0.04464397,0.035280406,0.0047354754,0.075189225,-0.0069661224,-0.025521945,0.0060779415,-0.050106958,-0.009640541,0.057959024,0.05718515,0.0067143864,0.045576688,0.07807156,0.010195864,-0.06363577,-0.00036104146,0.01692237,0.023083912,0.05099719,0.017844701,0.023525655,-0.075913034,0.005903287,0.015983433,0.08743218,0.04612105,0.019196164,0.08363689,-0.07639946,-0.039659638,-0.008865244,0.061385714,-0.025542824,-0.03457434,0.07294298,-0.007880266,-0.0036482066,-0.024171323,-0.019808576,0.0015494586,0.015148041,-0.018755853,-0.01958914,-0.076356746,-0.027471181,-0.033957005,0.018168472,-0.015873406,-0.08679241,-0.010006979,-0.047223423
1953,0.90342534,0.031447865,0.070743166,0.10940522,0.07854594,0.13626611,0.049657203,0.032161947,0.061958477,0.042956546,0.05148337,0.1402799,0.091377534,0.029937413,0.057215665,0.068309866,0.074702755,0.116349414,0.0028499304,0.043433264,0.05094204,0.054254983,0.17620578,0.08439242,0.029028919,0.06448323,0.13107471,0.10842145,0.0704319,0.023738036,0.058342993,0.14729083,0.08508698,0.13463567,0.099394746,0.061765917,0.12908652,0.062289793,0.10196653,0.038321014,0.08329941,0.027072892,0.0012683048,0.08102987,0.121153854,0.043627355,0.09292332,0.109972775,0.14512382,0.11814553,0.06435182,0.06776316,0.06642138,0.10834563,0.09970767,0.10594279,0.06360581,0.044176172,0.06953512,0.13340032,0.100008406,0.11173884,0.12457164,0.11051773,0.022825751,0.069576465,0.07951094,0.038318798,0.081193045,0.12322599,0.041556057,0.08600412,0.05338323,0.14565477,0.051816724,0.046296142,0.032236345,0.03581098,0.109193906,0.16448125,0.11100976,0.077626064,0.04228656,-0.020852555,0.1098844,0.09790552,0.08315139,0.030011822,0.0312671,0.07362991,0.12499221,0.12905136,0.07057896,0.030160706,0.10081814,0.23234089,0.055019554,0.074496254,-0.00845354,0.02635432,0.059928812,0.16278286,0.082363784,0.0035313712,0.10272032,0.15341508,0.07236204,0.09143776,0.05648909,0.067717925,0.11176195,0.083167575,0.08940763,0.041020785,0.10124318,0.038128074,0.015068043,0.017551277,0.06288184,0.16016002,0.07215046,0.08191061,0.1383844,0.060836118,0.085110165,0.1336387,0.09517965,0.063323215,0.081207216,0.12261189,0.10021178,0.05549257,0.11930507,0.07005269,0.039790582,0.094850816,0.04749878,0.077451,0.023331737,0.05263312,0.042429406,0.076256536,0.10194044,0.083986044,0.14855416,0.031088788,0.07767338,0.09875049,0.12102586,0.08304097,0.07439811,0.11625966,0.057641357,0.072507024,0.07052949,0.0124485865,0.05100903,0.0024967701,0.067757994,0.13272299,0.091484,0.13651733,0.12748118,0.07877996,0.05639193,0.054874312,0.040220693,0.07026954,0.07640488,0.10403714,0.079828225,0.10739655,0.07200047,0.07619731,0.08578284,0.15229718,0.08619912,0.06446112,0.08906981,0.0103279175,0.05561147,-0.0012071951,0.08564822,0.052521147,0.074715815,0.099463455,0.078345,0.07177046,0.03051987,0.058069132,0.024044545,0.096379384,0.107629396,0.07730949,0.013438646,0.080580555,0.076647,0.08122359,0.03784993,0.014274658,0.015699167,0.07859355
1954,0.9161956,0.02803701,-0.11038995,-0.05612361,-0.098526955,-0.11663267,-0.13802573,-0.099552356,-0.06796498,-0.06691338,-0.14766856,-0.10551739,-0.16872777,-0.12641604,-0.13583687,-0.13565768,-0.19828926,-0.0905244,-0.13150108,-0.09549573,-0.1192572,-0.16106857,-0.027132075,-0.10976668,-0.118936665,-0.07679956,-0.13690805,-0.11692751,-0.1475505,-0.14549361,-0.13822637,-0.065043814,-0.15948915,-0.06239392,-0.0807383,-0.123446845,-0.06603465,-0.17470494,-0.10836926,-0.1363055,-0.13796543,-0.14345822,-0.18893981,-0.122860916,-0.09732989,-0.17450672,-0.14881831,-0.111364245,-0.065663144,-0.11269744,-0.14569238,-0.119989164,-0.1468326,-0.10784813,-0.117530845,-0.12471733,-0.06772779,-0.14467342,-0.06352491,-0.08519909,-0.06982456,-0.07963262,-0.0099092545,-0.10510928,-0.17747611,-0.13564384,-0.12232573,-0.115182705,-0.08843249,-0.1281349,-0.17344175,-0.12976986,-0.114549056,-0.104828805,-0.08660305,-0.13137081,-0.14087072,-0.12193558,-0.11073843,-0.07020563,-0.08998379,-0.120377965,-0.14076039,-0.18116851,-0.0807685,-0.15706204,-0.10018154,-0.16252096,-0.11497464,-0.15100792,-0.06926437,-0.03654428,-0.0967312,-0.15813945,-0.11349513,-0.011025496,-0.10833224,-0.07210973,-0.11340938,-0.14148574,-0.084450066,-0.07203784,-0.11844062,-0.10123015,-0.15505563,-0.0778085,-0.10225005,-0.11044323,-0.1081574,-0.09901588,-0.1028739,-0.11384387,-0.119972825,-0.14005393,-0.06049158,-0.16273332,-0.14331469,-0.09196364,-0.15065116,-0.07992487,-0.15209772,-0.10200542,-0.09931308,-0.10369429,-0.12502809,-0.1483663,-0.10224593,-0.15003961,-0.09640056,-0.1250905,-0.11456221,-0.18916751,-0.12714386,-0.14711574,-0.14585099,-0.111615025,-0.09652593,-0.08674415,-0.13141368,-0.11242272,-0.13995288,-0.12533551,-0.107138105,-0.08544066,-0.007953282,-0.108194925,-0.07765442,-0.106823124,-0.089115694,-0.12154749,-0.11312849,-0.07326782,-0.1466441,-0.081356175,-0.12867704,-0.10330637,-0.15472645,-0.16146027,-0.12444756,-0.090471946,-0.076541714,-0.09101426,-0.083719835,-0.05072179,-0.12813698,-0.1374733,-0.18411556,-0.15220468,-0.14799748,-0.11618756,-0.12929854,-0.059857935,-0.19790427,-0.112531565,-0.09683764,-0.043432895,-0.09684621,-0.10318864,-0.123956665,-0.17817321,-0.18242349,-0.15741993,-0.15658712,-0.13162561,-0.14111063,-0.121374086,-0.13514237,-0.12920564,-0.13961163,-0.16444026,-0.16533877,-0.12466297,-0.123087265,-0.17181686,-0.19475846,-0.12188067,-0.09884798,-0.13463275,-0.17927311,-0.1382934,-0.12849377,-0.12086596
1955,0.9153948,0.028402707,-0.14092575,-0.15283659,-0.17713334,-0.14909148,-0.19926165,-0.2171676,-0.19917528,-0.17724137,-0.18585701,-0.12630376,-0.2267197,-0.23042476,-0.21305701,-0.22160703,-0.29137972,-0.20091818,-0.25420585,-0.17947875,-0.20472708,-0.21097316,-0.09848767,-0.24369425,-0.19636004,-0.15695484,-0.19521236,-0.18131731,-0.22162277,-0.21818078,-0.25377604,-0.15983894,-0.18021871,-0.14982308,-0.16871661,-0.19995886,-0.17268665,-0.2000156,-0.15291904,-0.24079317,-0.24599276,-0.23070127,-0.22646174,-0.20612685,-0.17438829,-0.20833918,-0.21055149,-0.28300214,-0.200217,-0.1550357,-0.2174642,-0.18841897,-0.2096428,-0.1836199,-0.18593453,-0.17833537,-0.18564709,-0.20344637,-0.15915549,-0.12370975,-0.1442792,-0.16441631,-0.17893595,-0.22358158,-0.2267525,-0.23068641,-0.20719257,-0.19242682,-0.19562523,-0.22005887,-0.20849448,-0.19637014,-0.22322446,-0.18240549,-0.21896873,-0.17337726,-0.2553133,-0.15947248,-0.19437975,-0.19060533,-0.19747943,-0.18652692,-0.1937649,-0.2982139,-0.14748801,-0.20821251,-0.20354806,-0.22949949,-0.22580522,-0.20891605,-0.13877904,-0.15508771,-0.16938283,-0.26380086,-0.15254189,-0.058474228,-0.19968373,-0.24189626,-0.22461274,-0.23216654,-0.17706808,-0.12318835,-0.20537023,-0.25018403,-0.19018248,-0.19780394,-0.15508305,-0.20907567,-0.21675318,-0.19345024,-0.21806873,-0.17657198,-0.18442501,-0.2392492,-0.16351552,-0.21841255,-0.21602084,-0.25861683,-0.21248421,-0.18386978,-0.19973059,-0.2621964,-0.14648622,-0.20216858,-0.21297221,-0.19493255,-0.16440733,-0.22557822,-0.19928087,-0.19327967,-0.21737784,-0.25638503,-0.18650842,-0.17870378,-0.23984939,-0.13781485,-0.18957964,-0.16699271,-0.15738836,-0.2348466,-0.22631828,-0.25559306,-0.18335205,-0.20576331,-0.16567507,-0.2536091,-0.19384006,-0.16350771,-0.17043847,-0.22425376,-0.13957256,-0.13636698,-0.22104795,-0.18833292,-0.17996182,-0.19090581,-0.23482291,-0.22808892,-0.21578968,-0.16731413,-0.14534652,-0.20247126,-0.15811822,-0.15435398,-0.16737267,-0.26410955,-0.2174958,-0.25143966,-0.1581858,-0.2544806,-0.1942933,-0.19297042,-0.2378528,-0.2194702,-0.15784186,-0.17442313,-0.18389931,-0.22334243,-0.16009352,-0.24594483,-0.24195978,-0.20509064,-0.22515175,-0.23756188,-0.18653193,-0.21157297,-0.15983318,-0.19609621,-0.17818958,-0.20179693,-0.21092696,-0.17681164,-0.20331363,-0.24325517,-0.26139674,-0.20808399,-0.16316703,-0.19852327,-0.20165774,-0.2013869,-0.2705992,-0.2419434
1956,0.9475964,0.0160168,-0.2729396,-0.26764163,-0.2241656,-0.24567613,-0.2981208,-0.24575898,-0.23006004,-0.2531168,-0.24595419,-0.26394603,-0.30798697,-0.24846314,-0.2651337,-0.2626577,-0.33210522,-0.30239677,-0.29004857,-0.24853037,-0.28186956,-0.3042601,-0.24085793,-0.27261493,-0.26478264,-0.27346286,-0.27884072,-0.24050596,-0.32693025,-0.33273232,-0.3166172,-0.17558789,-0.24459662,-0.21528286,-0.24608105,-0.28474873,-0.24412636,-0.2574147,-0.22330141,-0.29785728,-0.28241706,-0.29015866,-0.2799401,-0.2692791,-0.2512522,-0.34410152,-0.23735498,-0.27724493,-0.19910878,-0.28401518,-0.32674184,-0.26054347,-0.3038405,-0.22575513,-0.24856526,-0.24185616,-0.25887513,-0.27135062,-0.26323372,-0.23761559,-0.2223441,-0.21465448,-0.20662825,-0.21916187,-0.29188478,-0.28799444,-0.2814229,-0.2720681,-0.27042985,-0.30660328,-0.2985352,-0.26961446,-0.2672204,-0.24399361,-0.267526,-0.25401753,-0.32413614,-0.25435013,-0.24804632,-0.23845392,-0.24253924,-0.2186443,-0.2643848,-0.2766476,-0.24712442,-0.28768447,-0.24031608,-0.23954311,-0.2778879,-0.22466886,-0.2601864,-0.24112128,-0.27787343,-0.3503872,-0.23338242,-0.20575984,-0.33353737,-0.27026597,-0.2587809,-0.29540876,-0.29910162,-0.22884275,-0.27604994,-0.2558561,-0.31341925,-0.24063016,-0.25613716,-0.25280365,-0.3149908,-0.26064864,-0.236219,-0.262022,-0.27676594,-0.30463904,-0.22114374,-0.2250364,-0.3206897,-0.28370956,-0.272154,-0.20790984,-0.27223033,-0.26096365,-0.24258521,-0.27144536,-0.28141442,-0.26458925,-0.23098253,-0.2960218,-0.3013647,-0.22014605,-0.29858008,-0.34008396,-0.27693543,-0.20737639,-0.29276502,-0.22126874,-0.23764685,-0.26361096,-0.22269055,-0.30024076,-0.26363614,-0.2916258,-0.29152367,-0.25531554,-0.15414101,-0.30480215,-0.27699175,-0.23090625,-0.19632716,-0.2718628,-0.23900239,-0.20439878,-0.30660474,-0.24425717,-0.22323413,-0.19492568,-0.34001398,-0.2677499,-0.2992768,-0.20281076,-0.21835506,-0.22931652,-0.25166032,-0.16104014,-0.26278943,-0.26993692,-0.29501262,-0.2912305,-0.2334412,-0.2681507,-0.26946875,-0.19924302,-0.31377423,-0.25568396,-0.2708668,-0.24846868,-0.24447723,-0.27461907,-0.23998506,-0.31176946,-0.35035515,-0.24956189,-0.27677235,-0.31073812,-0.2835669,-0.23716433,-0.29478738,-0.28900588,-0.27817935,-0.30011895,-0.26185098,-0.26368806,-0.24484253,-0.29892725,-0.33720925,-0.25869992,-0.26820236,-0.2507401,-0.28391606,-0.3080101,-0.30014968,-0.30109236
1957,0.96248436,0.009891013,-0.015823623,-0.015805596,-0.05581884,0.009863679,-0.03294923,-0.03717175,-0.03890893,-0.0015921672,-0.016091174,-0.012424874,-0.092955835,-0.057429623,-0.062341638,-0.047656562,-0.06114466,-0.08105113,-0.051847667,-0.031026445,-0.030981764,-0.06580813,0.015006022,-0.07785435,-0.053336244,-0.043546643,-0.011040357,0.0046657957,-0.05813657,-0.08237453,-0.033954397,0.012090146,-0.018370867,-0.033859678,-0.027362084,-0.062026437,-0.008395688,-0.06826658,0.020658616,-0.059956998,-0.05682644,-0.056128085,-0.0478904,-0.049261466,-0.03839988,-0.05509516,-0.0026743081,-0.024135876,0.0075662388,0.021312317,-0.074488975,-0.07241626,-0.04922596,0.008296568,-0.0055185184,0.019936228,-0.04840009,-0.044635054,-0.06412963,0.008082795,0.012120855,0.0039018933,0.024965081,0.0071833692,-0.08444436,-0.06453599,-0.05610831,-0.08340645,-0.012775143,-0.09378073,-0.06063995,-0.06191808,0.0083345305,0.00068231736,-0.06619467,-0.054196194,-0.060251497,0.017568467,-0.029275421,0.0155805815,-0.018210497,-0.030543763,-0.06694948,-0.033954702,0.013008728,-0.05379111,0.0019101426,0.00025585492,-0.05930763,-0.0664674,0.0013321637,0.010959558,-0.033389278,-0.071383215,-0.027900536,0.062996686,-0.103662856,-0.05336724,-0.03088011,-0.03598749,-0.026065215,-0.046047535,-0.0071289926,-0.073391184,-0.054621022,-0.020391282,0.011042222,-0.053629197,-0.090951614,-0.012503846,-0.028948974,-0.036209553,-0.04375268,-0.0736365,0.021600857,-0.07181091,-0.031242305,-0.07094456,-0.034883738,-0.0012808442,-0.0659721,-0.07959881,-0.01912529,-0.07704002,-0.07361355,-0.020131981,-0.007695603,0.0020107077,-0.021718355,-0.036985803,-0.058811687,-0.07726518,-0.015994966,0.0015341428,-0.06926796,-0.023493722,-0.0077692536,-0.004829004,-0.026655547,-0.07078737,-0.032778885,-0.0544201,-0.013487693,-0.041994102,-0.006615667,-0.010434598,-0.009842756,-0.0125970915,0.030283818,-0.09660438,-0.047807902,0.014479016,-0.10953203,-0.0118072815,0.025202932,-0.02326179,-0.10825853,-0.046675567,-0.049357206,-0.08286758,-0.041524347,-0.04119333,-0.037874613,0.032518532,-0.00022949923,-0.05182456,-0.000831749,-0.05857502,-0.023532402,-0.040495325,-0.03548626,-0.023867575,-0.075745374,-0.027392736,-0.0030468835,-0.02377275,-0.024260135,-0.0151363425,-0.023546979,-0.07522587,-0.05895953,-0.03909293,-0.005994539,-0.07766083,-0.06002488,-0.019243246,-0.0461978,-0.02233569,-0.00854838,-0.05414469,-0.02848467,-0.041895535,0.029092697,-0.0743772,-0.0875138,-0.07728796,-0.016862702,-0.0204515,-0.038568497,-0.08734564,-0.036082152,-0.09236301
1958,0.9659895,0.011204089,0.027925154,-0.018780295,0.016622845,0.01310376,-0.052155025,-0.041646667,-0.01179564,-0.003441959,-0.007510504,0.0073440056,-0.051832877,-0.00040317336,-0.021797314,-0.042858176,-0.04294661,-0.037556875,0.003308652,-0.029029263,-0.024783049,-0.07703161,0.04790324,-0.019299095,-0.04454263,0.02784617,-0.004260475,0.010888847,-0.027343724,-0.020609854,-0.023708735,-0.0013449203,0.0034481497,0.04488268,-0.017481992,-0.015031613,0.017262036,-0.026113717,-0.0209514,-0.05309711,-0.046730883,-0.039463397,-0.02168588,-0.0045404816,0.008673397,-0.032179233,-0.011716781,-0.025416551,-0.0057768403,0.0027076844,-0.05683107,-0.059315685,-0.024067665,0.006431653,0.03486533,0.022765411,0.0001284321,-0.038573246,-0.021852534,0.016323434,-0.006412322,0.004051342,0.015141638,0.010896193,-0.030021792,-0.008607542,-0.04077411,-0.037745804,-0.008099091,-0.07982451,-0.06765252,-0.020390924,-0.041894693,-0.0366457,-0.033516992,-0.044058044,-0.051303007,0.01145989,-0.010489494,0.02546195,-0.016331812,-0.0053338073,-0.0024947298,-0.059401534,0.05591436,0.012412159,-0.030535417,-0.047363125,-0.0323823,-0.005444205,0.04821038,-0.0051141246,-0.028893685,-0.053918548,0.036681917,0.081789285,-0.057435703,-0.020074718,-0.06526901,-0.06709534,-0.0012921523,0.020399926,0.010716782,-0.05385214,-0.035673603,-0.0060968185,-0.049054746,-0.010499915,-0.05810636,0.02827987,-0.042338382,0.0409263,0.0016934671,-0.0914368,0.01876716,0.00071176223,-0.070523255,-0.06762047,-0.012632941,0.022230668,-0.027263008,-0.02456295,-0.0045407396,-0.032934826,-0.08345671,-0.019514024,-0.002055418,-0.021863777,-0.036630586,0.02577273,-0.04441181,-0.05370727,-0.009841805,-0.032578528,-0.023723628,-0.0007423293,0.038490236,0.036784112,-0.012284065,-0.022481695,0.009646831,-0.044338427,0.021296049,-0.03441109,0.018138198,0.07716428,-0.01728477,-0.039711136,0.030817585,-0.04218478,-0.017859003,0.016085444,-0.044384237,0.0012281229,-0.0083349785,0.020139793,-0.035980247,-0.03518337,-0.020743871,0.0035095606,-0.0009787213,-0.04732553,-0.0023362273,0.035867304,-0.04177353,0.003645375,0.020188253,-0.025452739,0.007971197,-0.024440946,-0.028102795,0.0077453866,-0.020052861,-0.037936654,-0.014789637,0.0011073736,-0.038083147,-0.013811795,0.029115526,-0.038587995,-0.0658995,-0.019304536,-0.012378957,-0.06939065,-0.05012012,-0.042695824,-0.022840515,0.020655738,-0.0034264203,-0.037935417,-0.03713012,-0.014645761,-0.018265095,-0.04696387,-0.0445848,-0.015723417,0.010400808,-0.024960415,-0.024527606,-0.056375854,-0.031954695,-0.08398774
1959,0.9600039,0.011965817,0.0021950398,-0.06990634,0.0066254004,-0.056707136,-0.052098155,-0.02841495,-0.006855789,-0.025339628,-0.020603236,-0.054995805,-0.1142956,-0.060919788,-0.038547967,-0.051646315,-0.087852515,-0.01747779,-0.06517942,-0.052528057,-0.053853624,-0.09662158,-0.006656969,-0.014172918,-0.07624665,0.002203416,-0.050704416,-0.016944291,-0.056805413,-0.084741786,-0.064347886,0.014719928,-0.02678885,-0.004073428,-0.05641244,-0.06679411,-0.015695486,-0.077296324,-0.056590434,-0.07430406,-0.07308405,-0.083798006,-0.08401915,-0.023760963,-0.07985146,-0.027063426,-0.057091538,-0.040071994,-0.019063134,-0.048424743,-0.07079007,-0.018117953,-0.07510363,0.011590052,0.02872271,-0.019941904,-0.058797307,-0.039180268,-0.06439296,-0.010472297,-0.0065748915,-0.05116458,-0.05218193,-0.013069861,-0.055049814,-0.02504545,-0.051532507,-0.0928132,-0.040039364,-0.12415904,-0.07220209,-0.03136658,-0.038524937,-0.04033926,-0.08420492,-0.06715409,-0.0737294,-0.059204295,-0.060436975,0.0066890796,-0.010112564,-0.042720895,-0.082321934,-0.09754841,-0.011763898,-0.09526513,-0.05042778,-0.07529546,-0.07649878,-0.053289257,0.020653035,0.0027388383,-0.042692274,-0.029566241,-0.0606122,0.0061606094,-0.05018529,-0.02890786,-0.09652055,-0.04726975,-0.042667948,-0.0069477214,-0.047472548,-0.052914992,-0.08268316,-0.08994124,-0.035139415,-0.06954097,-0.08699214,-0.070400156,-0.026729759,-0.031762823,-0.04780698,-0.07110848,-0.020208588,-0.024413073,-0.05301503,-0.06898384,-0.031730264,0.0027637207,-0.07192156,-0.06534523,-0.012586329,-0.03711381,-0.09174677,-0.003472702,-0.03691397,-0.05428871,-0.019225363,-0.029295737,-0.071730524,-0.07375252,-0.08063152,-0.061946664,-0.059091616,0.0043108375,-0.015144315,-0.043024708,-0.03778364,-0.063264,-0.047688626,-0.10543151,-0.013334505,-0.040019933,-0.00832914,-0.044785358,-0.058624037,-0.029661832,-0.0011326066,-0.070497565,-0.06311756,-0.011423644,-0.09223663,0.008087379,-0.057786357,-0.036727488,-0.08890859,-0.07297842,-0.07125693,0.0034541604,0.019823015,-0.027934624,-0.028825978,0.0176556,-0.043060437,-0.07589915,-0.06568972,-0.08129729,0.02851403,-0.035393488,-0.07036768,-0.051390525,-0.06469414,-0.06891614,-0.070466846,-0.022127172,-0.023519548,-0.0483002,-0.015943669,-0.10285598,-0.07138347,-0.050621744,-0.019943196,-0.061263327,-0.020805698,-0.07728174,-0.065948054,-0.034476064,-0.04717522,-0.052859627,-0.049229983,-0.025582979,0.008507438,-0.052536726,-0.106902674,-0.09333751,-0.012705614,-0.043005742,-0.09642441,-0.09490185,-0.050741833,-0.08906777
1960,0.9660263,0.011091873,-0.09353324,-0.12765525,-0.118643485,-0.09946388,-0.105212614,-0.095101334,-0.121128924,-0.08553928,-0.08008125,-0.07768731,-0.12807086,-0.13394096,-0.16494305,-0.090411626,-0.14902352,-0.12859175,-0.13137637,-0.10963097,-0.11921985,-0.16618817,-0.06392583,-0.09498516,-0.095932715,-0.10553975,-0.11219051,-0.08748742,-0.12713084,-0.10423769,-0.12723738,-0.08031626,-0.071027756,-0.027447527,-0.12253835,-0.12100188,-0.11145127,-0.12433832,-0.09739702,-0.088143624,-0.18266118,-0.10542851,-0.136896,-0.12203214,-0.10749021,-0.09630104,-0.14916123,-0.080177546,-0.10439835,-0.08039228,-0.15635888,-0.103564315,-0.15632081,-0.092828825,-0.041254897,-0.1307781,-0.10016211,-0.12294069,-0.11068315,-0.07914406,-0.12504566,-0.1172449,-0.14793015,-0.119506694,-0.13418147,-0.109830216,-0.119133584,-0.15500823,-0.13012649,-0.16324282,-0.12829347,-0.11043346,-0.13213792,-0.09496744,-0.14428797,-0.13735057,-0.14202215,-0.1332804,-0.11998858,-0.05217322,-0.12586643,-0.09832902,-0.11115135,-0.16202225,-0.095119044,-0.13575342,-0.12275569,-0.14090641,-0.13927607,-0.10764144,-0.07578703,-0.08427668,-0.10483846,-0.14963695,-0.13362193,-0.059156217,-0.115766644,-0.07209935,-0.13086803,-0.09696189,-0.08753523,-0.05982456,-0.13028334,-0.12710044,-0.076378904,-0.10526101,-0.1226685,-0.11636949,-0.09995657,-0.12164705,-0.09693743,-0.07631459,-0.107283905,-0.12843654,-0.14100036,-0.11261752,-0.10622004,-0.14366224,-0.11711596,-0.086120166,-0.11006307,-0.13447282,-0.074550346,-0.09448024,-0.13915537,-0.11459142,-0.11612165,-0.085875705,-0.09184683,-0.104551226,-0.13913879,-0.17853299,-0.14169447,-0.12783507,-0.13094836,-0.08406499,-0.0743134,-0.1231006,-0.11678821,-0.09077549,-0.1447939,-0.09630072,-0.15057357,-0.126017,-0.12580943,-0.102675304,-0.14327817,-0.103155054,-0.09826782,-0.17200758,-0.12729557,-0.13514705,-0.1213834,-0.07412511,-0.12939072,-0.12827703,-0.12401267,-0.12837718,-0.079629235,-0.07655485,-0.101808146,-0.06286273,-0.085396126,-0.09319903,-0.11541353,-0.12335722,-0.09020032,-0.16715264,-0.09900558,-0.079796836,-0.10322754,-0.111288235,-0.10362458,-0.12720843,-0.14521286,-0.1091527,-0.09729954,-0.09810149,-0.086904265,-0.15662606,-0.13725097,-0.10612803,-0.117439784,-0.12071918,-0.14656025,-0.098977976,-0.120931044,-0.105739765,-0.09973146,-0.1527243,-0.11330894,-0.1099213,-0.103226505,-0.12399382,-0.13364267,-0.1261665,-0.10112962,-0.071390234,-0.13340935,-0.10350565,-0.11473644,-0.12916884
1961,0.9709526,0.0090700025,0.017406292,0.0001854103,-0.012264749,0.030315278,0.0020534187,0.019609863,-0.050951164,-0.007970155,0.015377581,0.0077606495,-0.061656352,-0.0011429397,-0.009927836,-0.0074314578,-0.0024093222,-0.04028421,-0.04629731,0.014295764,-0.021775976,0.003127865,0.019016165,0.024641193,-0.029912572,-0.023300916,-0.018655775,-0.003813821,-0.03769778,-0.015920749,-0.017129758,0.030386124,-0.018010285,0.05677984,-0.02299282,-0.026657466,0.04244906,0.000761857,-0.016092679,-0.02858345,-0.06826948,-0.015791893,-0.014492531,-0.04794472,-0.003995123,0.013645979,0.010371343,-0.0016720077,-0.005067425,0.007485671,0.007842888,-0.07480321,-0.012222348,-0.013782022,0.04749902,-0.04442059,-0.0007605224,-0.015477032,-0.033983152,-0.024209097,-0.00028421343,-0.032992892,0.0024639308,-0.014256018,-0.01864178,-0.017589945,-0.015205451,-0.029726267,-0.004180394,-0.041106585,-0.04512485,-0.0063299565,-0.025673727,-0.027116561,-0.057668496,-0.005994058,-0.029038724,0.005800487,-0.03420656,-0.018382257,-0.026175125,-0.0260815,-0.024766017,-0.00058106246,0.015177146,-0.02146142,-0.017863013,-0.030617446,-0.03574158,-0.026617706,0.04298347,-0.0033523196,-0.0041282615,-0.042005796,-0.0021450606,0.004254639,0.012654676,0.010113595,-0.028138056,-0.04625721,-0.03238473,0.0075016986,-0.022906752,-0.06827217,-0.01636377,-0.0140271485,-0.008392981,0.009963151,-0.02040136,0.0012078421,-0.023271902,-0.025193682,-0.021307623,0.029650329,-0.03371782,-0.029483845,-0.027465794,-0.043004252,-0.008254274,0.0061035245,-0.061609715,-0.014996742,-0.03241988,-0.0025830788,-0.011608971,-0.0041725608,0.007653085,-0.02018788,0.0015078544,-0.00901647,-0.036117986,-0.027172454,-0.03748301,-0.0063940613,-0.037510633,0.006480517,0.027307313,0.005882431,-0.00987478,-0.004905305,-0.01636748,-0.044058993,-0.08588238,0.0037233739,0.0010592409,-0.08390558,-0.009686454,-0.008362385,-0.00016872019,-0.049240585,-0.050856724,-0.03430469,-0.016091881,-0.030888708,-0.014530168,-0.017385993,-0.06256909,-0.029816538,-0.05770658,0.0076364176,-0.01895637,0.020091752,0.026908198,0.014587434,-0.001133914,-0.035955243,-0.034810197,-0.019285116,-0.03152451,0.009541388,-0.0015235714,-0.026039928,-0.017527476,0.0051501943,-0.027668111,0.0121197505,-0.005645304,0.0022474702,0.034830637,-0.03274116,-0.022234665,-0.035210606,0.004396852,-0.010875892,-0.022843672,0.017771287,-0.021879733,0.023556989,-0.027505085,-0.01628161,0.006507399,-0.0127485795,-0.0012060737,-0.040245645,-0.04996152,0.010420792,-0.02485859,-0.007052604,-0.01920347,-0.021847034,-0.051322505,-0.030818535
1962,0.9651293,0.01151807,-0.03418328,-0.05028022,-0.03721611,-0.039548147,-0.052838847,-0.08693665,-0.06582545,-0.045429375,-0.024592092,-0.042002536,-0.066917054,-0.06279601,-0.05914029,-0.07448075,-0.053790197,-0.0029999258,-0.06846395,-0.05630439,-0.07167039,-0.05905002,-0.03079349,-0.047636323,-0.056684244,-0.020404007,-0.06312924,-0.03744179,-0.10566708,-0.08582149,-0.07060352,0.0005038168,-0.051437862,-0.0046698586,-0.025547227,-0.031951547,-0.069624096,-0.10553174,-0.05742466,-0.06653105,-0.07468335,-0.06980098,-0.07331856,-0.065296896,-0.052412204,-0.11164602,-0.045116898,-0.08706543,-0.03293575,-0.05841774,-0.06512254,-0.062472384,-0.07350707,-0.039666615,-0.0015246818,-0.12922105,-0.0064241393,-0.08569891,-0.097815745,-0.057318605,-0.037117485,-0.0600453,-0.06215858,-0.085483335,-0.023249606,-0.04493597,-0.04149419,-0.082610995,-0.05707416,-0.09579544,-0.055495087,-0.037675112,-0.09334489,-0.063754894,-0.120442495,-0.045320537,-0.04267329,-0.03641085,-0.056569654,-0.059939116,-0.05429018,-0.053114712,-0.04984799,-0.04269585,-0.029285835,-0.035082225,-0.08001821,-0.050343934,-0.07723596,-0.017020378,-0.015111299,-0.065910675,-0.09216193,-0.039288867,-0.08495288,0.012884693,-0.05504692,-0.041373577,-0.013543128,-0.07546008,-0.058800563,-0.030817414,-0.054348316,-0.08105126,-0.069411375,-0.06614785,-0.05607951,-0.06703095,-0.084371634,-0.058430593,-0.06374511,-0.042122528,-0.06975799,-0.07673764,-0.0044684843,-0.07822756,-0.029268857,-0.11689457,-0.078856975,-0.063979015,-0.08603317,-0.054127686,-0.068551846,-0.04634135,-0.04244435,-0.0533882,-0.028252888,-0.039915178,-0.06844978,-0.047714304,-0.03369622,-0.08302168,-0.07501933,-0.057976667,-0.07634832,-0.08845469,-0.039703522,-0.06866503,-0.080243364,-0.054109287,-0.05196086,-0.05620571,-0.09126038,-0.046285618,-0.052250944,-0.1146385,-0.05146265,-0.035934076,-0.044104658,-0.042467073,-0.07915224,-0.06946619,-0.059755668,-0.086997785,-0.058241293,-0.08108016,-0.09724739,-0.08048571,-0.08801539,-0.04909821,-0.02569375,-0.041033067,-0.038914554,-0.06952585,-0.044065572,-0.044328153,-0.088307634,-0.08115088,-0.034181308,-0.05323234,-0.02725586,-0.06921882,-0.034269493,-0.089942254,-0.08466132,-0.06273889,-0.07356143,-0.09661501,-0.040254317,-0.053082645,-0.05049119,-0.03883903,-0.04287961,-0.09993028,-0.041176762,-0.026073623,-0.083688624,-0.03316597,-0.040120482,-0.015585816,-0.07893904,-0.042355243,-0.07639603,-0.08669383,-0.11512064,-0.07874891,-0.05698111,-0.07576601,-0.08883265,-0.084045336,-0.071721695,-0.073689505
1963,0.9666641,0.01095075,-0.009579412,-0.023699008,-0.03453847,0.018107431,-0.051829178,-0.011936345,-0.03376344,-0.021574365,-0.033797126,-0.029066762,-0.00931496,-0.005640282,-0.043551505,-0.05736753,-0.00947697,-0.015378404,-0.073124714,0.01077249,-0.018564202,-0.03590325,-0.022622997,-0.023831146,-0.051348504,-0.042741686,-0.047512278,-0.030556632,-0.07585582,-0.03320476,-0.023523033,-0.031981558,-0.031118814,0.012761408,-0.036500946,-0.02060938,-0.022599287,-0.009049863,-0.033786997,-0.05889332,-0.06789997,-0.036807172,-0.013230325,-0.05426024,-0.023253981,-0.049125362,-0.034095366,-0.02024055,-0.040186618,0.0029107588,-0.03751573,-0.054171417,-0.056836132,0.018199816,0.010090765,-0.05435536,-0.005394936,-0.05236208,-0.051680457,-0.040466957,0.008653897,-0.027195252,0.013150466,-0.07945497,-0.023484755,0.011961389,-0.043306746,-0.07883523,-0.04074274,-0.06936916,-0.09407099,-0.02566449,-0.04540095,-0.019162819,-0.053407717,-0.022102991,-0.038253676,-0.012013649,-0.022903029,-0.052991606,-0.045628235,-0.051077005,-0.019217676,-0.018972091,-0.00012196492,-0.034145158,-0.004316758,-0.049818635,-0.027536165,-0.03241259,-0.00649602,-0.060229413,-0.0499878,-0.04107544,-0.0462357,0.027806904,-0.054848235,-0.037134986,-0.030469257,-0.05903373,-0.046963006,-0.04818754,-0.05306283,-0.026073497,-0.051880497,-0.020573324,-0.034551404,-0.01518091,-0.07252405,-0.030022174,-0.025112187,0.013183739,-0.054217346,-0.05812621,-0.00014361928,-0.02500517,0.013519588,-0.057220936,-0.004592205,-0.02943808,-0.047714278,-0.05844352,-0.065338984,-0.051885784,-0.041084714,-0.059084646,-0.0016704709,-0.015547585,-0.008456025,-0.053986166,-0.038766123,-0.04346004,-0.08321746,-0.0042105056,-0.0022903634,-0.021296708,0.00855887,-0.042487934,-0.04290738,-0.051049292,-0.015428168,-0.04362999,-0.051984794,-0.04487731,-0.04540264,-0.07908472,-0.045281056,-0.063218474,0.01651152,-0.05711519,-0.059434075,-0.017684009,-0.011149279,-0.019537576,-0.021522805,0.0024339268,-0.037523624,-0.037800975,-0.039169215,-0.024914784,-0.053155806,0.015506288,-0.004161314,-0.052686926,0.003240098,-0.019106362,-0.0023991165,-0.022930222,-0.010370325,-0.0027975852,-0.017907033,-0.05323009,-0.009726358,-0.077086255,-0.05247656,0.012757576,0.012747885,-0.011416789,-0.06221026,-0.043307964,-0.05723208,-0.01994497,-0.022929711,-0.018963039,0.011584619,0.013362622,-0.07615903,-0.019242415,0.0007124235,-0.025440292,-0.017026307,-0.025455551,-0.012491313,-0.042398997,-0.071732104,-0.030489298,-0.06851416,-0.018403191,-0.0362542,-0.0522832,-0.053220723,-0.052578762
1964,0.9756795,0.0074315667,-0.28038064,-0.3259445,-0.3125695,-0.25826132,-0.3021808,-0.25701195,-0.3008009,-0.31337896,-0.26254976,-0.27382845,-0.2824969,-0.32742116,-0.28544897,-0.31092846,-0.27142364,-0.2820228,-0.31774032,-0.28762448,-0.33104354,-0.32589814,-0.2845144,-0.31019926,-0.31897637,-0.28146225,-0.32201353,-0.3060777,-0.3109985,-0.27998492,-0.265413,-0.30722943,-0.29581127,-0.26968777,-0.29966018,-0.29609463,-0.29116952,-0.28857133,-0.34041005,-0.3250874,-0.32101342,-0.32621506,-0.32326213,-0.31582153,-0.28778142,-0.3020389,-0.32197312,-0.2956832,-0.26958978,-0.329607,-0.27161703,-0.29341584,-0.285874,-0.27147686,-0.2572818,-0.3381723,-0.25499418,-0.30049917,-0.3318087,-0.34042946,-0.28117913,-0.30011654,-0.29348043,-0.32079118,-0.2805353,-0.3201935,-0.3157659,-0.31098032,-0.30461207,-0.3496207,-0.30559844,-0.29960573,-0.30494893,-0.32040557,-0.29810983,-0.30882287,-0.3518962,-0.26359898,-0.30206212,-0.32670847,-0.30076241,-0.33673862,-0.3409009,-0.34004214,-0.30717477,-0.32913512,-0.32679513,-0.30447656,-0.32793152,-0.2931429,-0.2508749,-0.29338673,-0.3018642,-0.29700598,-0.29164493,-0.2432305,-0.3108187,-0.32373965,-0.29955012,-0.34831762,-0.2804023,-0.29342288,-0.31451425,-0.31576684,-0.2819638,-0.31093454,-0.2910601,-0.3016853,-0.33079568,-0.3055452,-0.29017645,-0.2911755,-0.31239727,-0.31164768,-0.26473624,-0.32350555,-0.28278965,-0.28807852,-0.27796558,-0.3357254,-0.32624617,-0.25842008,-0.30162358,-0.27952996,-0.33569196,-0.3013051,-0.24302365,-0.2935784,-0.3303202,-0.29547104,-0.30646855,-0.30834895,-0.33217284,-0.2896346,-0.2644099,-0.27460104,-0.27146173,-0.28894565,-0.29392877,-0.30058256,-0.30638367,-0.3046334,-0.33454508,-0.3073103,-0.29408154,-0.30973732,-0.31906986,-0.30395433,-0.31559533,-0.3167362,-0.3543132,-0.283323,-0.3138456,-0.30901447,-0.32890016,-0.29272056,-0.30880085,-0.34007853,-0.2767102,-0.2699416,-0.2533944,-0.2829253,-0.271813,-0.32814905,-0.2685755,-0.31905353,-0.31566462,-0.31551677,-0.30437908,-0.26618916,-0.29096133,-0.3004224,-0.2931065,-0.33260828,-0.30027652,-0.29819623,-0.2942544,-0.30516958,-0.3120382,-0.29384997,-0.3359906,-0.31230277,-0.31531948,-0.30554464,-0.29201695,-0.26710752,-0.31731367,-0.31346086,-0.29626137,-0.29203036,-0.26001224,-0.27957022,-0.31804484,-0.31137744,-0.3106943,-0.32533818,-0.3129567,-0.28300244,-0.29379818,-0.3243618,-0.332947,-0.32065004
1965,0.977842,0.007970679,-0.17174357,-0.20125683,-0.21290311,-0.18951143,-0.15985008,-0.20641023,-0.21426865,-0.19117306,-0.19563286,-0.19260475,-0.2570659,-0.1907609,-0.1815075,-0.18722846,-0.20008883,-0.20011596,-0.21564925,-0.20594355,-0.18237919,-0.21314074,-0.20618252,-0.22332673,-0.23493363,-0.17764868,-0.17359254,-0.2186838,-0.16866848,-0.17394999,-0.18996045,-0.18970646,-0.171671,-0.15286413,-0.18814342,-0.19673505,-0.19973679,-0.1977251,-0.16134337,-0.19800384,-0.2161581,-0.192652,-0.22482863,-0.20477971,-0.22021562,-0.19039306,-0.19976847,-0.22013535,-0.19262597,-0.245687,-0.17928548,-0.19278196,-0.18666758,-0.17946011,-0.18114963,-0.21421096,-0.1776821,-0.2315895,-0.20298031,-0.22317466,-0.14951384,-0.21597631,-0.16869262,-0.19367944,-0.22334516,-0.14834441,-0.231363,-0.21528408,-0.18850689,-0.25551656,-0.2361741,-0.22459438,-0.17791276,-0.1972702,-0.24033205,-0.2034669,-0.25464875,-0.1745964,-0.20277634,-0.1990653,-0.23211648,-0.1967663,-0.19733977,-0.21492589,-0.18490288,-0.21065754,-0.18848532,-0.23177296,-0.24107294,-0.15616947,-0.12828097,-0.22756341,-0.20956238,-0.20404372,-0.19399151,-0.18809943,-0.21811421,-0.20779584,-0.17475459,-0.21694773,-0.22192442,-0.2061723,-0.2298868,-0.20839857,-0.20733234,-0.18840338,-0.1879376,-0.21361363,-0.21921746,-0.2109758,-0.22381344,-0.18598397,-0.19634883,-0.20356941,-0.20406175,-0.17375791,-0.21906032,-0.226173,-0.20671383,-0.21470384,-0.21089575,-0.17213798,-0.2156631,-0.22308035,-0.24069807,-0.16736515,-0.17028348,-0.20915018,-0.16710322,-0.19227853,-0.26756176,-0.20603092,-0.18746193,-0.21889362,-0.15738702,-0.17674965,-0.19023605,-0.22437018,-0.19901755,-0.18970403,-0.22705126,-0.20734699,-0.22268032,-0.17164984,-0.19729114,-0.20497385,-0.25958425,-0.21373287,-0.1985054,-0.23974094,-0.2528123,-0.1790411,-0.1835271,-0.22176197,-0.19624706,-0.2036456,-0.22710738,-0.21518281,-0.21890053,-0.13926227,-0.18631719,-0.15850216,-0.15326685,-0.25482348,-0.20224887,-0.20721775,-0.2279191,-0.21458215,-0.18851331,-0.14876293,-0.19673064,-0.21119736,-0.17970634,-0.24269912,-0.20971985,-0.22796781,-0.1682795,-0.2021005,-0.25712582,-0.21599206,-0.24253912,-0.20547475,-0.21109426,-0.20080976,-0.17436852,-0.23430438,-0.21185912,-0.17537233,-0.13592668,-0.19588362,-0.2033501,-0.20966972,-0.191989,-0.25080714,-0.22413175,-0.19909352,-0.1913292,-0.20309643,-0.19570339,-0.18154415,-0.24253292,-0.21816337
1966,0.97550863,0.008833393,-0.1689208,-0.11661938,-0.14949225,-0.11248801,-0.1405907,-0.11759646,-0.14501488,-0.10687697,-0.14425202,-0.11860421,-0.17180479,-0.1466707,-0.101592004,-0.14606601,-0.16107675,-0.120459065,-0.14356624,-0.1493545,-0.16525945,-0.13325092,-0.12730291,-0.1355044,-0.18012324,-0.1483703,-0.14829803,-0.15641083,-0.1555895,-0.11866664,-0.14731513,-0.17154999,-0.1433603,-0.1340567,-0.15305366,-0.14703728,-0.12603933,-0.106612444,-0.11547898,-0.17571248,-0.15012914,-0.12429267,-0.20112872,-0.14944965,-0.12431682,-0.13559222,-0.16708477,-0.14648548,-0.14197424,-0.15122052,-0.11799755,-0.11821226,-0.13856307,-0.10819786,-0.14376408,-0.14597914,-0.12131835,-0.12745757,-0.1345997,-0.15343206,-0.116702385,-0.1305258,-0.119929604,-0.19039252,-0.11666324,-0.1653428,-0.15867051,-0.15808356,-0.14837174,-0.18847302,-0.20564069,-0.14669594,-0.13452606,-0.16841519,-0.13953578,-0.12337101,-0.17039932,-0.11616567,-0.16527648,-0.16403356,-0.2061691,-0.14036739,-0.20026664,-0.15547045,-0.12795505,-0.16925319,-0.13655747,-0.16963527,-0.14917026,-0.1467304,-0.10667205,-0.12303048,-0.16299465,-0.16885202,-0.15759438,-0.13127391,-0.14525257,-0.17205472,-0.13815315,-0.13803138,-0.12094723,-0.15122543,-0.1334314,-0.113757536,-0.1257341,-0.14383766,-0.15182269,-0.15372561,-0.15971643,-0.1812359,-0.15124364,-0.13215874,-0.16285226,-0.12340881,-0.1579764,-0.15125847,-0.13690907,-0.1327491,-0.14041774,-0.15805691,-0.14873491,-0.13024098,-0.14065905,-0.13783069,-0.14417882,-0.15103139,-0.08669685,-0.16315654,-0.13927057,-0.1314838,-0.13851838,-0.18864092,-0.1442819,-0.1392451,-0.11007716,-0.1380666,-0.09038161,-0.16028476,-0.13640198,-0.15685794,-0.12887922,-0.15516235,-0.18228438,-0.13871391,-0.14182022,-0.16109826,-0.15888458,-0.15716249,-0.16794443,-0.15141693,-0.19119474,-0.11354266,-0.13772689,-0.14899977,-0.13560534,-0.11452809,-0.13460201,-0.17069465,-0.14709812,-0.13017264,-0.14983943,-0.11176131,-0.15248294,-0.12742166,-0.11645406,-0.19309075,-0.15166481,-0.17294484,-0.14754485,-0.100351915,-0.1429337,-0.1172787,-0.12154551,-0.1823898,-0.18715894,-0.17410879,-0.12926869,-0.122199476,-0.14322606,-0.18120416,-0.18385154,-0.14648691,-0.16171014,-0.13916689,-0.13333043,-0.16824886,-0.17196618,-0.13879651,-0.09158537,-0.10265909,-0.11696866,-0.13814808,-0.1307568,-0.18927248,-0.13627553,-0.17015502,-0.16687685,-0.121857926,-0.111679405,-0.18693072,-0.20013234,-0.19103965
1967,0.97548425,0.008841896,-0.100962296,-0.12980855,-0.14224847,-0.09471696,-0.12508556,-0.1063785,-0.09731574,-0.101649515,-0.08973781,-0.13045272,-0.13494925,-0.07692614,-0.08716253,-0.11055867,-0.13317,-0.12792794,-0.10881537,-0.12884875,-0.15086173,-0.09402911,-0.12054308,-0.114559256,-0.14694631,-0.10267363,-0.09538541,-0.118974715,-0.11216339,-0.10475635,-0.13002153,-0.11625119,-0.11455658,-0.11619018,-0.14341041,-0.115780026,-0.12224078,-0.103659645,-0.12295421,-0.14522518,-0.09895309,-0.12121476,-0.13077582,-0.12284073,-0.11023406,-0.10697223,-0.09953878,-0.10757288,-0.114383966,-0.115003824,-0.071719535,-0.09564934,-0.08121213,-0.07299914,-0.07984092,-0.104871586,-0.11151123,-0.14662305,-0.0781118,-0.13478924,-0.10817728,-0.106944345,-0.11313172,-0.11183877,-0.111837536,-0.13306677,-0.12031342,-0.14739826,-0.12448582,-0.1345846,-0.111456186,-0.10464736,-0.120149225,-0.14971504,-0.08691368,-0.12143628,-0.14066255,-0.0879437,-0.11694248,-0.08274083,-0.14073156,-0.10277586,-0.10996445,-0.1519825,-0.080354385,-0.07697909,-0.100901745,-0.1329574,-0.18075918,-0.093872964,-0.07673585,-0.133956,-0.1428596,-0.13352089,-0.090144925,-0.09660459,-0.15631163,-0.10786774,-0.08852019,-0.15303397,-0.10686862,-0.11344522,-0.108211376,-0.11113641,-0.12346335,-0.11681404,-0.12415547,-0.101075,-0.12756465,-0.12308746,-0.1265534,-0.0753273,-0.13409801,-0.12742372,-0.13492884,-0.11826826,-0.12522458,-0.11465193,-0.11633236,-0.09172947,-0.1066135,-0.16164188,-0.13179573,-0.10843889,-0.15988974,-0.0759758,-0.07147723,-0.10570435,-0.09999442,-0.10193669,-0.13745216,-0.13554403,-0.14000283,-0.10382114,-0.11871484,-0.12352324,-0.0681911,-0.09987001,-0.09215039,-0.12889951,-0.117901735,-0.10665976,-0.1506199,-0.14204594,-0.11292336,-0.120915025,-0.11968641,-0.14566004,-0.13163862,-0.10686808,-0.11176848,-0.09768807,-0.13764185,-0.14522286,-0.09712832,-0.10088955,-0.11511284,-0.096612185,-0.13357253,-0.09600821,-0.12084195,-0.08931149,-0.093499556,-0.10882321,-0.090511404,-0.10800101,-0.12404467,-0.123050384,-0.10679641,-0.12666118,-0.09361797,-0.14211869,-0.10404933,-0.09758735,-0.1445371,-0.121685185,-0.07946024,-0.09929654,-0.13149117,-0.15422514,-0.13607489,-0.118717365,-0.1204734,-0.12553714,-0.07541278,-0.12801997,-0.14188114,-0.11649686,-0.12031449,-0.11235293,-0.11800974,-0.11329725,-0.098137334,-0.1201927,-0.11464783,-0.111401685,-0.12121901,-0.12346109,-0.1133529,-0.1535297,-0.177033,-0.13584381
1968,0.9786933,0.008258797,-0.16150106,-0.17183201,-0.19695596,-0.12029838,-0.12752146,-0.2028763,-0.11837959,-0.1525228,-0.15058438,-0.15440217,-0.19199243,-0.12722613,-0.15356681,-0.13337643,-0.17816521,-0.16877939,-0.1641793,-0.13483952,-0.15815438,-0.13866284,-0.18002112,-0.18199803,-0.17596272,-0.15006858,-0.16893995,-0.1930505,-0.21011491,-0.18551664,-0.1887793,-0.19391921,-0.15756579,-0.14778468,-0.18284272,-0.15310298,-0.15976192,-0.15280822,-0.12815115,-0.17900214,-0.17961212,-0.18820034,-0.172589,-0.19215462,-0.16008715,-0.16383538,-0.15346077,-0.18615489,-0.16025367,-0.16120529,-0.19176073,-0.1844975,-0.1468814,-0.15177622,-0.16792427,-0.15052304,-0.1710509,-0.171282,-0.16066357,-0.18221566,-0.18122415,-0.12581663,-0.14674887,-0.1569417,-0.18171626,-0.16188435,-0.17101829,-0.16721645,-0.17035693,-0.1932588,-0.20580961,-0.19585058,-0.13934328,-0.1879424,-0.17759341,-0.17357022,-0.17926775,-0.13935074,-0.18286106,-0.15052254,-0.21037593,-0.16637841,-0.17005622,-0.15434462,-0.15636125,-0.1652956,-0.17908418,-0.15071063,-0.17832588,-0.17937262,-0.1289598,-0.15135278,-0.1740998,-0.16641949,-0.15683173,-0.120155394,-0.18206638,-0.16581315,-0.1778465,-0.20077716,-0.12283661,-0.18714252,-0.18074101,-0.11995051,-0.19553892,-0.17357223,-0.17761083,-0.15774094,-0.13657261,-0.14398046,-0.14583611,-0.14557904,-0.17564264,-0.1628947,-0.14403428,-0.1704762,-0.12558123,-0.1595617,-0.23351043,-0.15093094,-0.16684404,-0.17542243,-0.14311522,-0.1433966,-0.17440273,-0.14965709,-0.13220333,-0.16135666,-0.13228309,-0.15296584,-0.17660461,-0.16851091,-0.1712143,-0.15995897,-0.13975376,-0.15676577,-0.11818993,-0.16429967,-0.13408169,-0.14959289,-0.15536885,-0.14506185,-0.17999361,-0.18382297,-0.21379589,-0.15779777,-0.17888227,-0.14905539,-0.1794585,-0.16492444,-0.16866069,-0.17368186,-0.17788751,-0.20595345,-0.17706212,-0.1991603,-0.14057338,-0.16461733,-0.14803612,-0.14929527,-0.13750024,-0.18311192,-0.15265025,-0.17394498,-0.17091702,-0.19606985,-0.15316145,-0.15126958,-0.165955,-0.10712702,-0.1350197,-0.1781107,-0.1603263,-0.1354717,-0.14628507,-0.19078754,-0.10852338,-0.16842481,-0.18418388,-0.18291953,-0.160531,-0.14520624,-0.15852173,-0.14979725,-0.14074376,-0.17826515,-0.18050821,-0.14451224,-0.14533743,-0.17529841,-0.18001968,-0.14141878,-0.18576364,-0.18744603,-0.13932128,-0.14303155,-0.17397895,-0.17381884,-0.13075556,-0.18456158,-0.22148226,-0.16289952
1969,0.9830989,0.006566802,-0.023413764,-0.019633792,-0.03617798,-0.0011427191,-0.008884184,-0.0133238025,-0.020519644,-0.018715227,-0.02291185,0.0014782482,-0.025945986,0.011771524,-0.013219312,-0.03993568,-0.011841996,0.0054020965,-0.049438685,-0.02743678,0.0013499438,-0.017860793,-0.03948753,-0.04463104,-0.046360128,-0.009542218,-0.021580873,-0.011693896,-0.025810396,-0.012978203,-0.035824984,-0.015377545,-0.0396184,-0.028653475,-0.042862467,-0.008189398,-0.02653638,-0.03135833,-0.020777727,-0.022663202,-0.02678173,-0.044921722,-0.045642987,-0.02441067,-0.022440182,-0.014705808,-0.011522306,-0.027824884,-0.040250573,-0.039121963,-0.01944715,-0.028737605,-0.034900256,-0.011820058,-0.05241812,-0.017100677,-0.017696109,-0.030244123,-0.028236127,-0.054835707,-0.0009930545,-0.032699637,-0.03756269,0.0017532341,-0.024672579,-0.026396696,-0.051664278,-0.039346017,-0.055152394,-0.043822505,-0.032479838,-0.026457187,-0.038840026,-0.05156574,-0.026029745,0.0071553653,-0.0279896,-0.018592158,-0.049270015,-0.042803895,-0.067851484,-0.039286155,-0.00989025,-0.029587738,-0.017660908,-0.01703324,-0.05834306,-0.0018773985,-0.056178447,-0.05581007,0.029577395,-0.03652143,-0.07977719,-0.06731558,-0.02603033,-0.024578996,-0.034251615,-0.053061448,-0.054855477,-0.045579746,-0.0064727985,-0.013034386,-0.016845748,-0.03502746,-0.054080922,-0.04759164,-0.016267203,-0.044511497,-0.008420722,0.0021123341,-0.036559183,-0.00022502689,-0.033287223,-0.04467753,-0.03201307,-0.044673026,-0.041126505,-0.0052760774,-0.04594531,-0.056414027,0.0010715927,-0.021822607,-0.03714382,-0.049747046,-0.041277472,-0.008866144,-0.0052350005,-0.023465384,-0.034429193,-0.030288614,-0.06049607,-0.019043064,-0.001228766,-0.032218587,-0.0032812306,-0.027803073,-0.028489638,-0.040159628,-0.020127546,-0.020542312,-0.023854652,-0.014176757,-0.051661983,-0.0328899,-0.0063294847,-0.009799027,-0.0051602744,-0.058871303,-0.06835575,-0.040681433,-0.021690868,0.026871352,-0.046239555,-0.037824377,-0.04435228,-0.008508276,-0.021806646,-0.038863093,-0.025845988,-0.035027217,-0.034762703,-0.02146813,-0.013100059,-0.01723637,-0.05773521,-0.024301393,-0.044336487,-0.07038433,-0.061487358,-0.025912814,0.013531671,-0.023162985,-0.044771586,-0.032860544,-0.032171562,-0.045185424,0.015549679,0.025001023,-0.07393338,0.00138653,-0.028942166,-0.033412613,-0.009504137,0.0027169173,-0.01805796,-0.022177262,-0.037935443,-0.023301382,-0.001987146,-0.031720307,-0.018025381,-0.027467316,-0.02488267,-0.013720903,-0.02114173,-0.03533369,-0.03166851,-0.002331893,-0.04250373,-0.05987457,-0.064098135,-0.02560788
1970,0.9815474,0.008106548,-0.07163559,-0.05733723,-0.07261642,-0.07557873,-0.098264754,-0.05267793,-0.059942227,-0.06650975,-0.07817162,-0.07097511,-0.09798752,-0.03437403,-0.0853606,-0.11524347,-0.092210986,-0.07122058,-0.04483709,-0.10272105,-0.08604859,-0.07180543,-0.10173315,-0.08133466,-0.08873326,-0.098858684,-0.08774244,-0.07291254,-0.08111227,-0.056878593,-0.109902285,-0.07648626,-0.0716314,-0.09099726,-0.09371541,-0.09217748,-0.07899,-0.09486306,-0.08593579,-0.05312161,-0.07672366,-0.06932631,-0.07568238,-0.065771036,-0.082399726,-0.093054265,-0.0836737,-0.0941149,-0.07977798,-0.058627784,-0.060794085,-0.09813815,-0.07138585,-0.07471526,-0.11945421,-0.078356855,-0.06976269,-0.07166427,-0.08404767,-0.08163297,-0.0713568,-0.06488752,-0.09127738,-0.06368331,-0.09681809,-0.06361422,-0.09202481,-0.11386562,-0.11106777,-0.08474156,-0.08395693,-0.073905595,-0.08988655,-0.097218394,-0.07191791,-0.10087368,-0.10494153,-0.07054014,-0.07287353,-0.070901796,-0.06495569,-0.07772639,-0.07031803,-0.09329606,-0.06717637,-0.10825566,-0.05724462,-0.05843387,-0.121882565,-0.08958067,-0.11514133,-0.082246564,-0.092516705,-0.07437997,-0.0747172,-0.060850684,-0.08626062,-0.110540986,-0.1032478,-0.060194023,-0.076530136,-0.100187,-0.08150765,-0.078419864,-0.09386465,-0.11367938,-0.123112306,-0.07103344,-0.09086359,-0.090511754,-0.11540187,-0.11702003,-0.09202265,-0.10191792,-0.094968304,-0.070797175,-0.06854333,-0.082924485,-0.06051837,-0.09561533,-0.09850392,-0.09282874,-0.032887835,-0.10631025,-0.06854782,-0.09061769,-0.07956459,-0.08588506,-0.07532639,-0.08107701,-0.06704508,-0.10906899,-0.08649147,-0.072116494,-0.08283607,-0.100357346,-0.07603503,-0.075643666,-0.08210142,-0.07235076,-0.11374132,-0.08986726,-0.11520771,-0.109322585,-0.09704546,-0.099316396,-0.09409417,-0.09369671,-0.075323716,-0.09958465,-0.096828625,-0.079380624,-0.10263709,-0.07354013,-0.120411925,-0.1229967,-0.06514387,-0.061559282,-0.10182897,-0.023108192,-0.0909705,-0.08821092,-0.08563447,-0.07443357,-0.07809379,-0.11123256,-0.06326992,-0.09558886,-0.08439327,-0.07454315,-0.055088077,-0.09247492,-0.08504361,-0.080101095,-0.102875814,-0.11211048,-0.062180497,-0.081072055,-0.08592534,-0.0789024,-0.05584876,-0.092983834,-0.09167315,-0.089355275,-0.06348938,-0.0982081,-0.09978577,-0.06426571,-0.07725485,-0.09380035,-0.06616459,-0.082252696,-0.07598377,-0.096707866,-0.09907137,-0.08786579,-0.102614954,-0.07650273,-0.09272182,-0.11542139,-0.06521133,-0.07305405
1971,0.981439,0.008761637,-0.19408517,-0.21085502,-0.22709627,-0.19795613,-0.19996996,-0.19118142,-0.22400884,-0.18747534,-0.19291367,-0.19010788,-0.21234314,-0.1974004,-0.20909923,-0.21050765,-0.20005995,-0.19471323,-0.18054728,-0.18830173,-0.19065708,-0.2136256,-0.21871771,-0.18018536,-0.24194609,-0.18421237,-0.19981013,-0.2091988,-0.20136923,-0.19361849,-0.2010008,-0.20829722,-0.21287467,-0.1809505,-0.24641323,-0.21244901,-0.2288255,-0.20663051,-0.1888738,-0.20201962,-0.1890185,-0.21053141,-0.1921057,-0.20789641,-0.19186683,-0.205924,-0.20282517,-0.19544289,-0.22024745,-0.19110368,-0.20825845,-0.19134372,-0.21226014,-0.19035757,-0.21093734,-0.18507089,-0.18706664,-0.23512211,-0.19794391,-0.24039286,-0.19129758,-0.20204961,-0.18918248,-0.19584255,-0.20055313,-0.19789441,-0.18153685,-0.21263194,-0.2054478,-0.24087553,-0.20488356,-0.18089767,-0.2023518,-0.22096725,-0.19124708,-0.1860072,-0.21659723,-0.18641858,-0.20897712,-0.19486114,-0.19949909,-0.17597547,-0.1576806,-0.22968158,-0.18565895,-0.21976905,-0.2262832,-0.20764293,-0.21174833,-0.18969715,-0.19910873,-0.1925757,-0.20533594,-0.20683534,-0.20462477,-0.23066397,-0.22098401,-0.25442404,-0.23823981,-0.20063978,-0.16524492,-0.21341635,-0.20208167,-0.18327627,-0.2179769,-0.23529781,-0.2371354,-0.22060284,-0.19330448,-0.22201829,-0.20147209,-0.23439811,-0.17370191,-0.22045165,-0.20704162,-0.213889,-0.19736956,-0.23448242,-0.20714504,-0.19265968,-0.1851413,-0.1983676,-0.206167,-0.19916423,-0.22764595,-0.18531197,-0.2040514,-0.19100107,-0.20703514,-0.22105108,-0.22877619,-0.1670969,-0.19544303,-0.19868192,-0.20634371,-0.21151294,-0.21873432,-0.19172713,-0.18940721,-0.20047314,-0.18650346,-0.20228805,-0.2224327,-0.22930008,-0.18995932,-0.1990639,-0.1886321,-0.21029209,-0.2073873,-0.19111523,-0.19328462,-0.2244004,-0.2449931,-0.23633364,-0.19320962,-0.20943725,-0.19368906,-0.1915394,-0.20554066,-0.18314506,-0.22608641,-0.15436542,-0.2022395,-0.2285287,-0.21118982,-0.19467862,-0.19876215,-0.22681694,-0.21164018,-0.2079276,-0.18256764,-0.19257438,-0.18975273,-0.21677727,-0.21329519,-0.21977319,-0.1741962,-0.22535169,-0.19678597,-0.20645304,-0.21465108,-0.19412915,-0.19940843,-0.19512957,-0.19319253,-0.20551753,-0.22790462,-0.20720689,-0.22568789,-0.19480453,-0.1979706,-0.20372184,-0.18744631,-0.21013117,-0.16524968,-0.20404342,-0.24344827,-0.21458896,-0.2026669,-0.19106434,-0.21407828,-0.17224576
1972,0.9832539,0.0079535255,-0.09267577,-0.07780683,-0.087508455,-0.07266817,-0.09279116,-0.10609947,-0.1023613,-0.11799166,-0.10457449,-0.07970366,-0.09207752,-0.09743359,-0.061054807,-0.0837366,-0.06346056,-0.13082801,-0.073335975,-0.0720198,-0.091399625,-0.10333456,-0.11380583,-0.091829,-0.096564494,-0.06719663,-0.07988047,-0.11694661,-0.0883432,-0.08244191,-0.109358825,-0.09787745,-0.08342082,-0.08167069,-0.09814136,-0.071279086,-0.07448118,-0.07020707,-0.10359665,-0.106392406,-0.08856139,-0.08912874,-0.0854114,-0.087540545,-0.08695923,-0.062369283,-0.09649887,-0.09619562,-0.11046569,-0.09208416,-0.059704944,-0.10928405,-0.06569516,-0.056021426,-0.09413137,-0.072738834,-0.08673789,-0.09053623,-0.081025794,-0.10897126,-0.077534996,-0.06903861,-0.10438543,-0.112983435,-0.08552517,-0.078518935,-0.07248229,-0.08933185,-0.091923,-0.071559496,-0.066855915,-0.08104635,-0.10342228,-0.11309749,-0.101494744,-0.06820937,-0.072728984,-0.085540265,-0.08266112,-0.084901705,-0.0968031,-0.11508124,-0.0978169,-0.07258889,-0.08362076,-0.0809994,-0.08229667,-0.117149815,-0.09592676,-0.07028109,-0.061798997,-0.12753753,-0.106585495,-0.09900884,-0.10125104,-0.059226684,-0.11722222,-0.12057972,-0.10506742,-0.10123953,-0.08034549,-0.08144163,-0.084122926,-0.0829495,-0.10122327,-0.102984145,-0.12943569,-0.09460947,-0.09695936,-0.10879436,-0.09383966,-0.091933824,-0.096778,-0.0936604,-0.11527092,-0.10233782,-0.10418128,-0.094087705,-0.09327057,-0.11166532,-0.079026654,-0.06809918,-0.09747023,-0.07866461,-0.054413408,-0.08217187,-0.08750964,-0.0925973,-0.06510493,-0.11960383,-0.08913282,-0.08607115,-0.09060467,-0.077331565,-0.07621826,-0.101861954,-0.094949506,-0.07583413,-0.1129741,-0.08020064,-0.088446595,-0.07482525,-0.09407345,-0.08856493,-0.10566898,-0.1043112,-0.0998019,-0.11930944,-0.10809985,-0.09367852,-0.075569585,-0.10670808,-0.112296596,-0.09233172,-0.09343409,-0.093111746,-0.0766007,-0.07179865,-0.06829804,-0.10314013,-0.10316293,-0.057006434,-0.117139764,-0.08966828,-0.09717812,-0.08015969,-0.11141573,-0.060116693,-0.10283058,-0.11408349,-0.06910296,-0.079637416,-0.09964561,-0.08367802,-0.062486283,-0.10573255,-0.0772869,-0.09535435,-0.07652248,-0.111845806,-0.06564208,-0.09312424,-0.097466856,-0.09481951,-0.07878251,-0.056378093,-0.109024025,-0.077880554,-0.05982528,-0.1033718,-0.08252502,-0.101492174,-0.10480527,-0.05771751,-0.043329805,-0.0918386,-0.10212824,-0.092126995,-0.13552707,-0.10011688,-0.10298003,-0.06927854
1973,0.98578763,0.007350936,0.018224338,0.03537203,0.05799706,0.021200622,0.034241892,0.08072037,0.054499775,0.008149911,0.05565179,0.091065526,0.050252967,0.035177693,0.07779905,0.016920177,0.057510853,0.026518455,0.05190505,0.043868482,0.03255837,0.064821884,0.0452047,0.058956854,0.042421564,0.057894077,0.060576614,0.041262247,0.059566185,0.05998868,0.04831865,0.04118494,0.037191555,0.03780519,0.056335192,0.09014123,0.060625263,0.042001177,0.055979468,0.07146748,0.043643158,0.044962503,0.07328294,0.03067559,0.06242881,0.05444319,0.06990708,0.058149423,0.02406184,0.053366795,0.029016193,0.046313945,0.08127743,0.0748368,0.04461614,0.061141875,0.0091748,0.038303003,0.09196754,0.027899304,0.05526352,0.036308784,0.04729292,0.023554593,0.06866635,0.059244473,0.036858615,0.080431335,0.020698655,0.07832442,0.07257664,0.040557545,0.071313724,0.06124051,0.07674013,0.0645951,0.06770149,0.03384697,0.04746798,0.040088944,0.07433562,0.013616641,0.062330697,0.055630088,0.07210321,0.06853366,0.04230441,0.046493147,0.04633434,0.06676889,0.020491911,0.0029011434,0.057623662,0.08085761,0.039093696,0.06418915,0.06814078,0.072167456,0.039534055,0.051460776,0.029692678,0.050471045,0.061365094,0.08079143,0.03478988,0.049992997,0.06325252,0.055967525,0.066529855,0.08733168,0.037493143,0.06508842,0.07097168,0.06217399,0.045705475,0.027710812,0.06223476,0.056986187,0.042428404,0.063789584,0.07150702,0.057445206,0.021720426,0.033106055,0.057691928,0.03991494,0.062196117,0.05126753,0.054636456,0.06583802,0.07003917,0.07258396,0.058291662,0.054190923,0.08662607,0.028075209,0.055613462,0.06841401,0.056426182,0.054352693,0.07813829,0.07304909,0.03731461,0.020573787,0.022833899,0.03141738,0.056007385,0.04979676,0.036799774,0.036393616,0.07074369,0.04573452,0.031384096,0.042271346,0.049617443,0.024953082,0.04856591,0.054649696,0.058477264,0.05455779,0.005839581,0.066857755,0.066915065,0.040829122,0.03680836,0.0754204,0.040104453,0.053050295,0.054464366,0.045309223,0.07159283,0.06980982,0.043975916,0.05811235,0.077896126,0.045290228,0.052385874,0.06544367,0.04127391,0.08283678,0.06248335,0.035213687,0.068092324,0.064497314,0.048488908,0.07094765,0.048121773,0.06399895,0.06750366,0.019516906,0.050974067,0.045988947,0.04413786,0.07025825,0.07836848,0.053653087,0.05482517,0.035252042,0.049248323,0.055750698,0.058482464,0.068815425
1974,0.97901607,0.009172293,-0.17855246,-0.1629883,-0.1617224,-0.16946913,-0.14069773,-0.156503,-0.18853015,-0.19685277,-0.1981644,-0.18971936,-0.14527223,-0.17133816,-0.14459977,-0.15352368,-0.15950517,-0.15106283,-0.14245011,-0.17896706,-0.17643161,-0.11966718,-0.19384049,-0.16259347,-0.17996906,-0.16189857,-0.17337386,-0.1690272,-0.1933694,-0.15264656,-0.16738543,-0.1532693,-0.18478249,-0.16043618,-0.14937368,-0.14043501,-0.17465188,-0.17103197,-0.18317749,-0.16515172,-0.16423827,-0.18171169,-0.16292739,-0.15300581,-0.14646223,-0.15752016,-0.17347267,-0.17919637,-0.18531631,-0.17631646,-0.13962288,-0.17328417,-0.2000453,-0.17036486,-0.1912561,-0.15447134,-0.19148369,-0.15469593,-0.15959379,-0.17520341,-0.1545796,-0.1544408,-0.16393445,-0.14498903,-0.17422831,-0.18902944,-0.19290087,-0.16290163,-0.17728047,-0.13527237,-0.17375211,-0.1625195,-0.17684337,-0.14980516,-0.14747763,-0.20183495,-0.1498263,-0.18851702,-0.16314587,-0.1697685,-0.1371695,-0.14543344,-0.19320229,-0.18422198,-0.16692443,-0.1444163,-0.20515156,-0.19573271,-0.1845933,-0.14277686,-0.1852173,-0.18704984,-0.17674403,-0.17403634,-0.1833651,-0.17215966,-0.176744,-0.16281022,-0.19524886,-0.15675837,-0.17899261,-0.15875237,-0.15817177,-0.15986311,-0.17519148,-0.18491277,-0.14846641,-0.13878664,-0.15936269,-0.1740634,-0.18423915,-0.17340125,-0.18645707,-0.14367566,-0.19011864,-0.17642678,-0.1383604,-0.16943645,-0.1795642,-0.17195596,-0.1634495,-0.16270193,-0.1745768,-0.16998482,-0.16954723,-0.17457932,-0.18222983,-0.14778438,-0.19148323,-0.16221432,-0.17829596,-0.157202,-0.14615431,-0.1631682,-0.17732897,-0.13238911,-0.20702824,-0.15588467,-0.18966374,-0.16158329,-0.15647823,-0.13032897,-0.17986403,-0.20028293,-0.18690148,-0.15714508,-0.1617822,-0.17602254,-0.17852563,-0.167106,-0.13155188,-0.16959001,-0.1587844,-0.17908211,-0.17699425,-0.1546338,-0.16102538,-0.16367918,-0.17844158,-0.16980365,-0.2077412,-0.17126097,-0.17583911,-0.15396184,-0.17277846,-0.15685453,-0.17812422,-0.18346581,-0.1959747,-0.16898632,-0.18840453,-0.17830236,-0.1687003,-0.18567656,-0.14484815,-0.1898999,-0.15642475,-0.16870555,-0.1789239,-0.17370285,-0.16185841,-0.16904251,-0.15201871,-0.17638518,-0.15233044,-0.1737694,-0.16976349,-0.17731541,-0.19618425,-0.1415753,-0.19495042,-0.18447314,-0.18372676,-0.17522068,-0.15263069,-0.13971461,-0.18961552,-0.16549599,-0.16271064,-0.16713108,-0.14340588,-0.13777691
1975,0.9787916,0.0087499255,-0.103185855,-0.11374355,-0.095070414,-0.111136675,-0.091096506,-0.11214098,-0.0993025,-0.1005793,-0.08777463,-0.11052212,-0.1007084,-0.13450612,-0.110265456,-0.1260464,-0.10790288,-0.10569944,-0.1274577,-0.1389933,-0.121958494,-0.14814487,-0.14614347,-0.12584022,-0.11762933,-0.105109654,-0.09972749,-0.10842008,-0.104791746,-0.11457064,-0.13117607,-0.094402626,-0.12991376,-0.11320228,-0.103298336,-0.10654168,-0.121322855,-0.13613217,-0.09526197,-0.09054972,-0.14850569,-0.100286216,-0.0883175,-0.10474827,-0.106871545,-0.10079389,-0.09348201,-0.07220582,-0.11322621,-0.09985033,-0.09157154,-0.10172227,-0.07943564,-0.15410449,-0.110561274,-0.097185746,-0.116797134,-0.079109184,-0.11809815,-0.10133811,-0.12983769,-0.071038835,-0.09268046,-0.083070494,-0.098784864,-0.11285909,-0.09959971,-0.10064819,-0.08692894,-0.113028176,-0.08050208,-0.09233592,-0.107671075,-0.119017415,-0.11421504,-0.124501556,-0.13094921,-0.12747462,-0.122412175,-0.0915888,-0.10578592,-0.12905914,-0.114521824,-0.11297081,-0.11614775,-0.088225454,-0.108440466,-0.110919885,-0.11570621,-0.11756536,-0.110871926,-0.09827139,-0.07360106,-0.10545789,-0.13200326,-0.09775995,-0.107382625,-0.110695295,-0.11746136,-0.12339023,-0.094673604,-0.10359629,-0.093719855,-0.09495351,-0.09790193,-0.12878582,-0.105842285,-0.114201955,-0.079775535,-0.11035979,-0.1275148,-0.10853757,-0.09708717,-0.090041615,-0.13020635,-0.12798409,-0.10466782,-0.099760145,-0.095082656,-0.1337554,-0.09934028,-0.08652739,-0.10695442,-0.14819264,-0.09443328,-0.12722985,-0.12928338,-0.107511654,-0.115468696,-0.11544664,-0.09196331,-0.05385479,-0.0902982,-0.095364004,-0.090850815,-0.13121687,-0.12125596,-0.090467684,-0.10168157,-0.09962587,-0.09461882,-0.10959812,-0.11561541,-0.11841122,-0.11518793,-0.08916799,-0.105466306,-0.12609096,-0.10731089,-0.13604704,-0.09104974,-0.10812798,-0.0843125,-0.12091738,-0.10414873,-0.12758236,-0.09908825,-0.10473856,-0.109728344,-0.082832605,-0.102857865,-0.12046143,-0.09572878,-0.09462043,-0.11691577,-0.10355987,-0.11516156,-0.13787709,-0.107276395,-0.08350508,-0.07561809,-0.08204952,-0.07770636,-0.11336201,-0.08458153,-0.10513116,-0.066512495,-0.11653327,-0.10736636,-0.106709264,-0.08225172,-0.08873182,-0.114434056,-0.118742734,-0.09360353,-0.084868476,-0.08479155,-0.08480621,-0.09952769,-0.09944696,-0.105134904,-0.11117484,-0.122329205,-0.07385918,-0.10295445,-0.07541914,-0.10974868,-0.0902942,-0.089128345,-0.103734076,-0.0938842,-0.103009835
1976,0.97221506,0.011362692,-0.21104734,-0.19772394,-0.21172781,-0.22219686,-0.20083664,-0.20318073,-0.19510584,-0.22583963,-0.20932114,-0.24680385,-0.19955178,-0.21473429,-0.19231583,-0.204273,-0.19398566,-0.23126416,-0.22379382,-0.21338782,-0.21426348,-0.22382966,-0.20921093,-0.19974548,-0.20428659,-0.23325576,-0.21974348,-0.19682099,-0.20650311,-0.23442803,-0.25800034,-0.20126335,-0.196656,-0.2055834,-0.20428362,-0.20124707,-0.19845842,-0.23225,-0.20205198,-0.20835006,-0.22626403,-0.1913924,-0.18002579,-0.19588076,-0.22732292,-0.22867647,-0.19699305,-0.18799104,-0.21730879,-0.20897913,-0.22439526,-0.21450049,-0.23494455,-0.23474726,-0.22024973,-0.19720773,-0.2052685,-0.21972065,-0.23491,-0.19741665,-0.22433804,-0.19530323,-0.22051346,-0.21210414,-0.1908184,-0.21910568,-0.21369176,-0.21226002,-0.17658141,-0.2120718,-0.18311661,-0.22699457,-0.22532012,-0.1997267,-0.17594875,-0.21583334,-0.20453943,-0.19901808,-0.21841034,-0.20935968,-0.20354722,-0.20834534,-0.20644076,-0.20577484,-0.24305908,-0.18863729,-0.21184482,-0.1932083,-0.2102571,-0.23912986,-0.24447834,-0.1963715,-0.19542168,-0.22145362,-0.22253066,-0.23204602,-0.19564773,-0.18843582,-0.22234516,-0.21052495,-0.24504851,-0.2003211,-0.19302945,-0.21450566,-0.21144155,-0.21099462,-0.26182583,-0.21339414,-0.22163205,-0.2478729,-0.21790177,-0.21787035,-0.18937378,-0.2229558,-0.25268185,-0.21904613,-0.22683538,-0.18975015,-0.22605428,-0.18568392,-0.20819205,-0.19480224,-0.22121793,-0.22327362,-0.19027881,-0.21059021,-0.21104063,-0.20268898,-0.23163351,-0.26097986,-0.20904809,-0.15455073,-0.20155191,-0.23225687,-0.19504176,-0.23482524,-0.21912286,-0.17910397,-0.19453341,-0.19338642,-0.1737445,-0.21228188,-0.21125919,-0.23587097,-0.23080945,-0.24435872,-0.20182389,-0.21675655,-0.21182081,-0.18233906,-0.19462374,-0.23780768,-0.16148077,-0.21521753,-0.21341507,-0.2164573,-0.22072695,-0.2189775,-0.21150692,-0.22545037,-0.19125049,-0.21568358,-0.20557241,-0.20844916,-0.21411464,-0.21366963,-0.22571144,-0.19763044,-0.2184153,-0.1982999,-0.2166639,-0.19295539,-0.22310567,-0.20389917,-0.1873281,-0.20078142,-0.23542657,-0.24859366,-0.19893318,-0.19473186,-0.19204627,-0.2165475,-0.21719344,-0.21081826,-0.19927865,-0.205186,-0.20335737,-0.1918867,-0.21569009,-0.21152431,-0.19747928,-0.23154365,-0.23009074,-0.17732626,-0.1912582,-0.19829857,-0.20547016,-0.21563952,-0.21271303,-0.1944346,-0.2042576,-0.208699
1977,0.9796467,0.010085857,0.11198365,0.106005885,0.10349566,0.082515314,0.08497016,0.09472654,0.10902001,0.11350042,0.10751966,0.107790805,0.119330235,0.09736868,0.12453881,0.09444911,0.11660947,0.08842956,0.104030855,0.103429265,0.12713498,0.112122014,0.1068613,0.10357369,0.12010972,0.050991856,0.110768385,0.09752194,0.09546022,0.09842195,0.12067155,0.10070464,0.11284349,0.10627382,0.1061351,0.10944491,0.08001619,0.10205535,0.10308896,0.14342265,0.08416212,0.094313934,0.10336373,0.09417344,0.13513531,0.099558845,0.14565665,0.120876566,0.123135224,0.12900917,0.087462306,0.09908614,0.08170513,0.06893762,0.10258357,0.14835697,0.10069468,0.1495556,0.086824246,0.088110454,0.08673996,0.09229511,0.100101806,0.11372566,0.096502505,0.09726682,0.13945982,0.10145154,0.09943891,0.12357174,0.1174915,0.1308258,0.11103847,0.12537047,0.13521051,0.113354266,0.14714633,0.072934456,0.09243594,0.07338395,0.108264305,0.09059508,0.106850624,0.09761995,0.09074329,0.10334805,0.0708442,0.07436663,0.106813736,0.099575765,0.08272621,0.0673668,0.11054045,0.10374875,0.098827295,0.08007115,0.13382669,0.084784135,0.12786706,0.13215584,0.08905705,0.10709637,0.08300261,0.12963277,0.09213601,0.081869185,0.07691828,0.13500997,0.066945605,0.09712983,0.09591581,0.07039403,0.1234174,0.10888235,0.1099578,0.10636406,0.09890139,0.1032634,0.12782727,0.13694502,0.09031668,0.11618872,0.089696966,0.12486134,0.1125104,0.09672358,0.059731975,0.11005504,0.11540789,0.083238885,0.0925688,0.1238751,0.11188543,0.09716454,0.13046625,0.08724752,0.052744,0.10816472,0.12819642,0.09065401,0.11762357,0.106112234,0.10481085,0.11089496,0.103623085,0.11453944,0.11906431,0.082383886,0.08998121,0.12099004,0.13405347,0.114611916,0.10298396,0.084447734,0.1123082,0.11968079,0.12697664,0.13078602,0.10744512,0.101064295,0.100882754,0.085455626,0.10351023,0.12369312,0.0883975,0.11408669,0.11413775,0.09803479,0.10800663,0.06883531,0.114163734,0.11208809,0.11749217,0.11341346,0.095174514,0.08625243,0.10247318,0.090340406,0.12875053,0.10207243,0.13973472,0.1250378,0.10834927,0.13349935,0.12223233,0.08095105,0.08661562,0.1067801,0.116626054,0.089322284,0.102473564,0.07679768,0.10603066,0.11279876,0.11792548,0.09874018,0.116735525,0.072932646,0.114627585,0.16029204,0.11059308,0.12528388
1978,0.9793382,0.009245185,-0.013693651,0.009844059,-0.021866638,-0.008665676,-0.0014155469,0.00898816,-0.022531962,0.006378896,-0.0011578713,-0.020994756,0.021721143,-0.013933163,0.010598459,0.016359217,0.018517511,-0.012027375,0.025391746,-0.0014821874,0.0066398615,-0.016841594,-0.031985376,0.03671315,0.030209694,0.023440879,0.01912485,-0.010344627,0.022037148,-0.0016724309,-0.0072257235,-0.007526833,0.0074775293,0.021514134,0.005396106,-0.0191558,-0.026670335,-0.013675897,0.02916668,0.02022453,0.024486965,0.033297643,0.040046755,0.02775625,0.020956252,0.011637502,-2.14563e-05,0.00010457326,-0.010988631,-0.0060652136,0.004068437,0.024334323,-0.019868791,-0.017111408,-0.0015628074,0.017651618,0.02836697,0.0055578332,0.018881608,0.01860994,0.004652732,-0.009665285,-0.033761885,-0.014426878,0.015369739,0.006983455,0.01840106,-0.0061369203,-0.009655231,0.030893575,0.017421916,-0.0022114597,0.019882262,0.016850632,0.0021013487,0.007813904,0.0033516046,0.037285127,0.03038841,-0.022250395,0.030597987,0.022215221,0.0048411805,0.025022568,-0.010475477,-0.0026746455,0.007110932,-0.012112682,-0.005709293,0.0030511182,-0.020308213,0.026712853,0.027017161,-0.0031789169,-0.015258567,0.010681292,0.027751429,0.011722492,0.0101566445,0.015257475,0.003076124,0.0024350807,-0.0293741,0.0136279985,0.004270879,0.018162461,0.015082902,-0.005127757,-0.0015533024,0.012766433,0.015247981,-0.009400827,0.004598095,0.015290318,0.049600255,0.015103385,0.007237478,0.035207205,-0.009581159,0.022792336,-0.0047124936,0.013424096,0.007847477,0.011010813,0.04063143,-0.016530788,-0.03357168,0.038149137,-0.0079015475,-0.025809899,-0.010183537,-0.005996112,0.012977137,0.007022708,0.0037415826,0.004616928,-0.010277993,-0.026196556,0.002428553,0.040791478,-0.004494251,-0.00914434,-0.005107517,-0.014381826,0.0052351486,0.005999624,-0.010115091,-0.0058426457,0.01378259,0.026031116,0.019902095,0.025621109,0.009706584,0.017783316,0.003742185,0.003243115,0.019228797,0.022419367,-0.022580516,0.018288871,0.023592504,0.0016512584,0.018435735,-0.0016005606,0.00274089,-0.0031815087,0.006922413,-0.0070807314,-0.012959197,-0.016892204,0.00497594,-0.01572329,-0.02704449,-0.009609229,0.003594841,0.004138521,0.009895197,-0.0079926485,-0.034835737,0.0670451,0.013330412,0.026998693,0.025899155,-0.0013558046,0.007909598,-0.008754862,0.01897747,0.025631363,0.0057739457,-0.010720753,0.003933988,-0.034078054,-0.020614523,0.0121242935,0.040445928,0.008117156,0.025397656,0.013495686,-0.00039902536,-0.017814899,0.030528275,0.01709308
1979,0.99428487,0.005218116,0.077808365,0.10224017,0.08581304,0.067442,0.09246422,0.082618915,0.08246936,0.069000065,0.086888194,0.07166701,0.08864728,0.07519688,0.10370916,0.100991346,0.100433365,0.10464968,0.0835756,0.098051995,0.08995046,0.101239644,0.092682645,0.1166802,0.11450253,0.069884814,0.08864936,0.092301525,0.085805096,0.093341514,0.094890684,0.06784013,0.0965456,0.08262186,0.08470985,0.06746728,0.08117641,0.08486855,0.07897703,0.09887027,0.05266246,0.09053248,0.10440311,0.09641345,0.09690252,0.076415844,0.10418025,0.07808807,0.07603876,0.09504195,0.09320323,0.094882585,0.07662582,0.0829478,0.08071484,0.09307561,0.07908097,0.07194648,0.0979935,0.06973294,0.07220483,0.060342703,0.06693793,0.07101964,0.102427326,0.089170985,0.08922221,0.09653099,0.08589172,0.10003287,0.10274345,0.06817675,0.08588891,0.08655195,0.106172666,0.08475186,0.10921561,0.06562934,0.0751621,0.07745999,0.08396708,0.08382358,0.11503492,0.08858527,0.05279026,0.086284205,0.06840045,0.09363946,0.101056315,0.07251731,0.082784675,0.06993539,0.11094078,0.073016755,0.09688539,0.0934152,0.09839008,0.0989194,0.089585766,0.084830254,0.08785747,0.07123715,0.08731771,0.10946728,0.10733778,0.109986246,0.0889951,0.078161635,0.102783605,0.07175212,0.06278225,0.051167436,0.08948084,0.10616258,0.067123875,0.07472562,0.08486816,0.09401405,0.08766791,0.0857656,0.096166536,0.1156626,0.09024429,0.09682176,0.10370005,0.06960542,0.0594848,0.10545699,0.08270619,0.102718934,0.086695224,0.07624755,0.08439343,0.08261534,0.08381028,0.08800907,0.088329084,0.09559234,0.074693576,0.07179018,0.10357554,0.07263881,0.09703923,0.090292,0.075486735,0.092801936,0.10161138,0.09761361,0.11703816,0.1079286,0.10744724,0.095628895,0.09595508,0.10451038,0.08220639,0.086679004,0.07926408,0.098004185,0.11311602,0.100353256,0.08438825,0.07592408,0.09348689,0.08694372,0.080776595,0.092631,0.1183443,0.083878405,0.08569113,0.09808204,0.06518198,0.09038342,0.083788976,0.09862813,0.08527618,0.07667223,0.08001574,0.09197904,0.08241438,0.10337946,0.101083145,0.114561185,0.08154255,0.08779779,0.09673339,0.07129514,0.0950713,0.07121732,0.09077148,0.06524683,0.069583915,0.07997109,0.09092736,0.11718452,0.07451535,0.09811907,0.08868441,0.07207736,0.09465071,0.1056352,0.09931745,0.096447825
1980,0.9951381,0.0038545905,0.17156379,0.21367252,0.18975364,0.16467713,0.19363713,0.1749225,0.17923187,0.18596327,0.20235401,0.18549886,0.2095364,0.19135462,0.2084713,0.19994241,0.17996554,0.17274776,0.19653676,0.16547857,0.24173854,0.1945506,0.17581783,0.21383913,0.1838767,0.17525472,0.1862284,0.18191789,0.1908326,0.19344917,0.17573363,0.18720247,0.1795834,0.15033665,0.17743202,0.17181495,0.1783633,0.20558229,0.18889177,0.17778476,0.168127,0.19403392,0.24176502,0.17121503,0.18890469,0.21057841,0.19246037,0.16978304,0.18251792,0.22100481,0.19262674,0.18414845,0.18925159,0.1852819,0.19723964,0.16081649,0.19928598,0.1808005,0.20254597,0.20934404,0.18094423,0.21305719,0.17189983,0.16456203,0.18890184,0.17478186,0.21828052,0.21022679,0.17057504,0.20320828,0.20156126,0.20599249,0.21710022,0.19985715,0.19079389,0.18106516,0.20057045,0.16059238,0.227933,0.17187095,0.18966621,0.17924605,0.18810171,0.19710872,0.19027196,0.18661596,0.18055208,0.21338472,0.19793601,0.20187037,0.17170861,0.1756412,0.1912137,0.19170079,0.1776827,0.19217338,0.21980567,0.20905016,0.19842651,0.21487427,0.18817411,0.14044715,0.18357918,0.17884725,0.20260568,0.20332395,0.23040721,0.18731171,0.1916229,0.181973,0.19309914,0.17343338,0.19268298,0.19815044,0.21642835,0.21108788,0.17113478,0.2115913,0.19347754,0.18529065,0.19249526,0.19993964,0.16654389,0.18561772,0.20415281,0.17499967,0.18087906,0.18385072,0.20701723,0.19112939,0.19082314,0.19471107,0.19713432,0.19110666,0.19088712,0.19558817,0.19778712,0.17035487,0.20747468,0.19242595,0.21165745,0.18706794,0.23081549,0.18728147,0.19504893,0.198978,0.18396598,0.18035163,0.19457413,0.20410839,0.20263597,0.18825223,0.19067343,0.18357566,0.1892956,0.20077278,0.1885612,0.19066486,0.17598854,0.2041572,0.20947121,0.17712702,0.19120184,0.20206,0.19280952,0.18566176,0.20241244,0.22665463,0.19647506,0.18201284,0.1866366,0.17334849,0.15547721,0.18475169,0.20225066,0.17607516,0.1812552,0.17588818,0.19821203,0.23716609,0.18455063,0.1998752,0.17937218,0.20071651,0.22807045,0.18783581,0.2065773,0.1950794,0.1811831,0.17809927,0.1868462,0.18789244,0.18974973,0.17367496,0.18384595,0.19144797,0.18248945,0.19004978,0.20340824,0.21879287,0.20245981,0.19942582
1981,0.990908,0.005736189,0.25293234,0.22381327,0.25363526,0.23572125,0.2594284,0.23433375,0.23577064,0.27016944,0.25184757,0.24128224,0.2654836,0.23591515,0.24293683,0.24121772,0.25043985,0.22414719,0.24643995,0.27236214,0.26527935,0.25392592,0.2279762,0.23157725,0.24843863,0.25060228,0.2558449,0.2423214,0.22577427,0.25563553,0.24629456,0.22875465,0.24449414,0.2364753,0.24485089,0.24709897,0.23515049,0.24671614,0.2332327,0.24634188,0.2698928,0.2602777,0.26287487,0.2333944,0.26083463,0.29386058,0.26333302,0.23699376,0.23627989,0.2426073,0.24378484,0.25252068,0.22613442,0.22425722,0.20932618,0.22891326,0.23339364,0.2409826,0.258514,0.251181,0.21097346,0.26686877,0.21724948,0.2341566,0.2441934,0.24387103,0.24586505,0.2600738,0.25972134,0.2547901,0.26005337,0.25466684,0.25411355,0.23747127,0.26540712,0.23786508,0.2600893,0.22875835,0.23770043,0.24078235,0.24075079,0.25657403,0.23728274,0.2700181,0.22547096,0.26246753,0.2789494,0.23285025,0.25623506,0.2217483,0.25281522,0.25825977,0.23620014,0.26037937,0.23200698,0.23042347,0.24691018,0.27094135,0.22533429,0.27107006,0.26860118,0.24407566,0.23959778,0.25759646,0.24802065,0.23552965,0.27562672,0.23244219,0.25432777,0.25082067,0.2562201,0.22603503,0.2710427,0.2572629,0.25771633,0.23353754,0.25321668,0.2546494,0.23904099,0.2599966,0.240376,0.24755438,0.26287267,0.23441723,0.2471228,0.25421453,0.22556616,0.25326747,0.24030682,0.2683065,0.257162,0.2659943,0.2570359,0.20921582,0.24960625,0.22642542,0.22393398,0.27050915,0.2643842,0.22103062,0.25520253,0.22400136,0.25737134,0.2602341,0.24728489,0.25045884,0.2681973,0.25152773,0.27201635,0.24177684,0.27109653,0.23971091,0.233955,0.23920521,0.22820677,0.26118597,0.24738787,0.24155192,0.2686456,0.24056305,0.25274247,0.214383,0.23301685,0.2444082,0.25049052,0.25622118,0.25793412,0.2683904,0.24316803,0.25055504,0.24845031,0.2365518,0.24900019,0.24921024,0.23497611,0.2505542,0.22807933,0.24433629,0.2527894,0.26405996,0.23951401,0.2658931,0.24696848,0.23313467,0.24567975,0.2288943,0.24103571,0.24137686,0.22975244,0.2618551,0.24101086,0.24457854,0.2559852,0.24924114,0.22873366,0.2570128,0.25111747,0.24570978,0.2447097,0.28115717,0.2553961,0.22562352
1982,0.988263,0.0065730135,0.030431237,0.03159972,0.028951397,0.01985203,0.011151946,0.025472226,0.058344427,0.025400402,0.026872234,0.03520836,0.04150733,0.019406006,0.039794445,0.041641995,0.050009474,0.009993051,0.030808993,0.016744476,0.06532788,0.06619643,0.0313863,0.021015918,0.055750392,0.0026587998,0.033605896,0.051158395,0.05926097,0.024167078,0.014233307,0.01481161,0.05356885,0.019682633,0.07477128,0.01957814,0.04916735,0.0039833123,0.0039315145,0.013724438,-0.023146518,0.04613244,0.03882589,0.048858248,0.05662876,0.033388164,0.035491884,0.037436813,0.031865448,0.023131141,-0.004916536,0.04329552,-6.5454486e-05,0.02531675,0.0003510708,0.05132856,0.031950414,0.042045847,0.04077353,0.016972713,0.029425325,0.042299263,0.001985067,0.051672976,0.053400278,0.021218868,0.0410045,0.029910006,0.022427987,0.058467995,0.02999374,0.054713566,0.034828436,0.028664473,0.04557162,0.0009982204,0.005458517,0.04677911,0.029957648,0.015144685,0.03735254,0.034683067,0.029957863,0.0344288,0.0013368978,0.04641731,0.014633208,0.009783315,0.07643648,0.03619923,-0.0028165693,0.040711123,0.041095264,0.038856123,0.063084394,0.0074952757,0.027990174,0.0727128,0.027997555,0.06588129,0.024534637,-0.0012431336,0.033703133,0.02066978,0.031492498,0.03293936,0.002834481,0.014233932,0.040532943,0.06289303,0.024342328,0.022038471,0.029981136,0.011851358,0.05744131,0.014570031,0.018587971,0.07698925,0.0074398234,0.02706094,0.056665983,0.053758726,0.056591757,0.020514736,0.036140285,0.003996015,0.022112008,0.05090912,0.009066727,0.03138578,0.0025106012,0.0030656238,0.040423743,0.01672711,0.03224297,0.028735869,0.010504245,0.03385466,0.032963287,0.032793142,0.01785582,-0.01491129,0.026582029,0.03129303,0.0035578075,0.03987911,0.04043409,0.038182195,0.05965333,0.039516993,0.05184732,0.029801106,0.011577503,0.06896472,0.06052162,-0.008431853,0.00203941,-0.0033623818,0.050062496,0.029727736,0.018090185,0.017368287,0.03967212,0.046897296,0.023990856,0.021154169,0.04058366,0.050106063,0.011620903,0.026982112,0.029930305,0.016601164,-0.0031172838,0.049353924,0.03980505,-0.0076974784,0.007891556,0.036314607,0.043127317,0.041659627,0.014558235,0.028919717,0.051243126,0.057357814,0.022851828,0.016083764,0.03995046,0.015895953,0.051989995,0.01482991,0.045725584,-0.0055021457,0.06488777,0.025539082,0.04481907,0.0646146,0.03881567,0.025294837,0.04615325,0.05696186,0.04937762,0.025075393
1983,0.9911911,0.0052428176,0.22690834,0.25833246,0.2220096,0.19975258,0.19790418,0.20944263,0.22228035,0.22327672,0.22536582,0.20337619,0.23467968,0.23553757,0.22591172,0.23751292,0.20760089,0.21594594,0.23738703,0.22547132,0.19782546,0.20282987,0.18802004,0.20748238,0.22821699,0.22924682,0.21763676,0.23238535,0.21668425,0.19397211,0.22292261,0.19521925,0.2331799,0.20547698,0.21474902,0.22566356,0.21100497,0.18292332,0.2043802,0.20201327,0.21053052,0.24661048,0.23339252,0.22045727,0.20490023,0.25564128,0.22822823,0.2200341,0.21223055,0.21977502,0.2387264,0.24801494,0.23401454,0.23603076,0.23000781,0.23768531,0.21869642,0.22402652,0.25756595,0.27992845,0.1883252,0.21735577,0.22204652,0.23010585,0.21606855,0.20506111,0.25556996,0.22512995,0.20914905,0.23902853,0.2424633,0.21975844,0.2323811,0.19541551,0.19165775,0.2182323,0.21380436,0.20527136,0.21830578,0.24421312,0.20063953,0.21952774,0.25521877,0.21089953,0.23642284,0.22512823,0.22951385,0.2199537,0.22551721,0.22042964,0.21964958,0.22563967,0.2032131,0.22410458,0.19670667,0.20639123,0.20215744,0.20146488,0.20455156,0.25238493,0.23462282,0.21334444,0.24794514,0.22080266,0.24869405,0.2190897,0.23001564,0.2342362,0.24394867,0.22847544,0.22657597,0.2066778,0.1989854,0.25571918,0.2316892,0.23331615,0.19498272,0.21805762,0.2297163,0.22182655,0.23068313,0.21526536,0.22142512,0.21003951,0.21360803,0.21859767,0.20023598,0.21453671,0.24091657,0.19962463,0.2153205,0.20827156,0.2449423,0.22389933,0.23048186,0.24562751,0.1911025,0.23690507,0.2320525,0.20804317,0.21491382,0.2026128,0.19269,0.2188239,0.17636316,0.24003203,0.21802913,0.20365056,0.21882421,0.18846707,0.22701815,0.19936384,0.24230342,0.24435622,0.22671343,0.23072658,0.22825815,0.21810782,0.2360215,0.18814279,0.23593976,0.20428674,0.21271077,0.23496415,0.21434087,0.22483893,0.24774799,0.22363257,0.19473612,0.24170922,0.18348858,0.2043082,0.2270801,0.1935593,0.2502221,0.20316269,0.21781346,0.2166504,0.19681391,0.22763044,0.20693363,0.2157016,0.20783289,0.25560164,0.22246271,0.22463283,0.22650777,0.22745249,0.20945105,0.23799384,0.22256881,0.2246813,0.20869954,0.21409523,0.2184908,0.23293835,0.22013615,0.21575966,0.22534326,0.2413475,0.24939145,0.2039485
1984,0.993788,0.0049506207,0.06527773,0.06371261,0.03227862,0.031418845,0.046828203,0.02110718,0.035738055,0.045041703,0.064925335,0.049532965,0.041869354,0.026488364,0.018323204,0.05806901,0.038189713,0.03836931,0.06310948,0.031025289,0.048073452,0.06119778,0.066585734,0.038250666,0.030521244,0.03380878,0.04344246,0.025625316,0.043225046,0.038316883,0.049312524,0.038038813,0.048699398,0.023627458,0.07935756,0.047003932,0.046664666,0.057716012,0.05145894,0.05488222,0.079836205,0.05077599,0.04810722,0.052836444,0.05932562,0.06029051,0.05980218,0.036678188,0.05009132,0.05002167,0.036822606,0.068034455,0.03492754,0.030784389,0.049518608,0.04086666,0.024801757,0.035863828,0.038738064,0.056164518,0.049281575,0.046363257,0.04745103,0.051799484,0.047443513,0.033605523,0.03761987,0.06907347,0.038467783,0.053664856,0.056335893,0.05446674,0.014232761,0.05482239,0.005303659,0.04555479,0.06612292,0.03769815,0.017303417,0.0691423,0.0383868,0.05996887,0.052110076,0.0722536,0.06490594,0.046303906,0.051728256,0.044489816,0.056457996,0.028446592,0.044306353,0.025817977,0.050236907,-0.00085981,0.05257912,0.054231036,0.016032258,0.045879368,0.046216797,0.076247185,0.016165232,0.02897836,0.05434263,0.018330574,0.05380708,0.06392295,0.040135827,0.032463547,0.038847677,0.047406986,0.048232377,0.050887555,0.031378064,0.049969267,0.0357741,0.034662265,0.021885855,0.042289726,0.049558852,0.044980038,0.06361387,0.06791827,0.037448097,0.055250466,0.056921564,0.041219596,0.06730978,0.013650119,0.026951103,0.009054894,0.049933646,0.04502362,0.044706855,0.063291356,0.034308728,0.02834761,0.03150167,0.055919748,-0.0006519526,0.04712203,0.031467967,0.024495425,0.0795851,0.046451315,0.038112875,0.040987026,0.042661242,0.04378684,0.060958866,0.080140024,0.040754408,0.03542559,0.057884447,0.06321235,0.06867387,0.044154342,0.061282553,0.07344875,0.061995912,0.03850252,0.041665956,0.02187114,0.03747197,0.050310235,0.06448153,0.040401705,0.034958154,0.054400936,0.05184916,0.07419641,0.047686357,0.07446129,0.018822715,0.044553425,0.08969491,0.04643164,0.045293383,0.052558735,0.031518828,0.05682546,0.03164875,0.047090936,0.040343955,0.055435047,0.013906345,0.028492583,0.058513038,0.04887975,0.03432842,0.07384324,0.024523627,0.05898914,0.036596566,0.07210636,0.07439199,0.027849032,0.094888665,0.041792713,0.043236155,0.049574204,0.07648001,0.035466123
1985,0.996512,0.0039559696,0.04433089,0.044062495,0.060408838,0.058673803,0.06165646,0.004204344,0.07684132,0.05400358,0.07037856,0.020843402,0.06828495,0.04150477,0.023106948,0.048000343,0.031432796,0.049089063,0.03397949,0.04087845,0.04120668,0.024036638,0.030044017,0.03208891,0.045852263,0.04526263,0.0045862594,0.027329912,0.04716014,0.044137985,0.03566217,0.024942728,0.054356895,0.031344347,0.05118874,0.03986842,0.06508485,0.043498263,0.027332675,0.033961684,0.04252951,0.050603382,0.074279524,0.027043011,0.03391622,0.03385895,0.047824565,0.041277643,0.04551148,0.06975656,0.017857729,0.03808251,0.044783108,0.038788788,0.036936477,0.053322077,0.05893685,0.05888974,0.051879853,0.07115694,0.054358006,0.025682855,0.054202784,0.039792176,0.06283313,0.039907526,0.06681581,0.030905593,0.066320114,0.07535585,0.043447997,0.035257854,0.038704745,0.018385077,0.049978748,0.049857456,0.056174226,0.06990336,0.056901563,0.04357121,0.05215418,0.042029582,0.036255322,0.037417427,0.044212367,0.087608606,0.057527985,0.06413597,0.05932577,0.03691628,0.015718209,0.037406944,0.08721644,0.037513394,0.05044486,0.051240206,0.04580129,0.046604395,0.0419793,0.03482068,0.019778881,0.00834443,0.05586056,0.039013248,0.07768226,0.06494901,0.066383846,0.06542729,0.034683537,0.04489425,0.05581514,0.032420654,0.077399954,0.048581682,0.056837376,0.061383367,0.023626328,0.07539627,0.054746483,0.027682802,0.06053063,0.032972988,0.04595598,0.05372639,0.054881528,0.021350928,0.04872197,0.03895543,0.04786399,0.055602353,0.030236943,0.050039478,0.05523639,0.025101077,0.03556251,0.047483955,0.03674976,0.0552419,0.04717567,0.04795606,0.04669675,0.046453614,0.059594076,0.0368333,0.06319449,0.07867018,0.05844217,0.06448762,0.080587,0.061958708,0.070664294,0.046007294,0.042236038,0.060241815,0.0351453,0.06066342,0.033312958,0.041033603,0.09574652,0.03759077,0.049841065,0.026790323,0.040885463,0.031678278,0.032512736,0.024808599,0.028453022,0.06917097,0.03773291,0.037246168,0.031152168,0.026479457,0.027446363,0.041317362,0.057273936,0.035572823,0.04376391,0.057827603,0.042441387,0.059292853,0.03818753,0.035916984,0.060922626,0.041392,0.03226571,0.021806842,0.008214919,0.059312064,0.0434865,0.052011702,0.021478653,0.026780054,0.032018602,0.06771221,0.050729055,0.042157214,0.04107354,0.023480719,0.07095397,0.07884641,0.045999624,0.036848687
1986,0.9965902,0.0035347806,0.092549846,0.117283314,0.10849425,0.095258094,0.10710988,0.07067751,0.08245938,0.097065635,0.09056801,0.09119621,0.097062476,0.07830325,0.08816701,0.086577065,0.08983147,0.117789194,0.10955665,0.086390555,0.12528403,0.09157532,0.10511425,0.08355215,0.09919787,0.11265942,0.10319013,0.116514705,0.109316476,0.11624439,0.106482945,0.108395256,0.11371611,0.05621944,0.09967689,0.1030506,0.12358939,0.07939458,0.07008436,0.08970651,0.112693295,0.09300463,0.10721121,0.08763468,0.08057909,0.07449844,0.09430289,0.042204347,0.088948876,0.087176204,0.057523515,0.10756944,0.07866306,0.070400104,0.06862677,0.08848252,0.07187769,0.092804916,0.08792466,0.08737328,0.0885667,0.07424823,0.10138587,0.09840744,0.07690746,0.05821796,0.105314575,0.108672775,0.07852582,0.12119147,0.08921542,0.09974173,0.07728103,0.07949185,0.11617424,0.08644979,0.11493483,0.092452236,0.101936564,0.07588217,0.10589945,0.07173217,0.07977919,0.10380066,0.11600351,0.10083572,0.096789725,0.09941649,0.12756267,0.08232018,0.075619996,0.09286623,0.062438246,0.08930931,0.0850406,0.07626988,0.08305071,0.101392716,0.08998333,0.09005074,0.115249194,0.07678093,0.112960935,0.10529908,0.07948982,0.11918378,0.08101094,0.086180106,0.13689475,0.09609982,0.09055412,0.088143714,0.121681735,0.08975946,0.08511601,0.08319506,0.068667926,0.084524654,0.090278715,0.08842783,0.081499554,0.07777891,0.102579355,0.079068914,0.09392022,0.12227739,0.06289441,0.0990743,0.109834746,0.102848016,0.11628335,0.08616654,0.1162119,0.06619995,0.09218463,0.09313555,0.1027082,0.08900236,0.10640842,0.086634256,0.08902416,0.076145366,0.11632063,0.11673515,0.103746146,0.11004357,0.10109982,0.099390306,0.10372658,0.08970615,0.09305024,0.10018521,0.097449355,0.10842801,0.10312527,0.09204691,0.07110056,0.06204204,0.07649262,0.0898119,0.08766386,0.08460124,0.08677448,0.09824514,0.090921156,0.105889715,0.058085717,0.08519612,0.08084952,0.096681185,0.06997451,0.10224529,0.0885947,0.09308605,0.09860318,0.0886335,0.057660725,0.09310645,0.089271866,0.07529721,0.09400624,0.08129366,0.08440825,0.096122876,0.087613255,0.09258101,0.0855051,0.085828885,0.067416616,0.06064887,0.07129163,0.0699794,0.09713357,0.114806145,0.08165245,0.07931639,0.11262448,0.09244796,0.103114285,0.12171384,0.10948954,0.08398169
1987,0.996741,0.003427047,0.24338736,0.25796878,0.23991847,0.23894279,0.23038216,0.2222349,0.23345745,0.2655387,0.22626689,0.22721145,0.24290588,0.23759526,0.23457217,0.23226598,0.22456697,0.22635403,0.27005672,0.23525347,0.24357915,0.21875079,0.24078806,0.24326472,0.25731048,0.24515285,0.2417267,0.24758524,0.23765662,0.23404168,0.23123929,0.24120931,0.2221474,0.2193838,0.23466793,0.21921179,0.24063502,0.22972669,0.2375112,0.23912047,0.23775654,0.24525629,0.22563012,0.2348892,0.24328288,0.26426637,0.26838416,0.25714454,0.21630695,0.24889128,0.20673153,0.2504213,0.26356164,0.21444987,0.25298166,0.24867813,0.228156,0.23246104,0.25284407,0.2770372,0.23315735,0.22261705,0.24016838,0.22881673,0.24451534,0.23276003,0.23949434,0.23528932,0.2596991,0.24495646,0.25268245,0.23670399,0.2264873,0.2568257,0.20848824,0.23242342,0.22010483,0.24435453,0.22103685,0.21600175,0.24005578,0.21467231,0.24206497,0.2263308,0.23668832,0.24657659,0.24725221,0.24944168,0.25893822,0.22912475,0.20314683,0.2595414,0.24028279,0.25301176,0.23999889,0.22365995,0.20109187,0.26387796,0.24569622,0.2529174,0.19939151,0.22367045,0.22583649,0.23513724,0.24057227,0.23070435,0.24898474,0.24421115,0.2518052,0.22129257,0.24359126,0.2254749,0.2577517,0.2530783,0.24437635,0.21148314,0.20517996,0.22542605,0.25884458,0.24361457,0.24247985,0.24645108,0.25887045,0.24801974,0.20040314,0.23979138,0.23269708,0.25457743,0.23330131,0.23074472,0.23820305,0.21360031,0.21914148,0.2624451,0.24379328,0.24869768,0.21500151,0.22973417,0.23886128,0.23983112,0.2278086,0.2281027,0.27014923,0.27017716,0.24656779,0.2345253,0.24564043,0.21734825,0.26194543,0.24710006,0.24761665,0.23448578,0.2504452,0.24362719,0.25517583,0.26142922,0.24220157,0.2404083,0.22605245,0.20393446,0.22827081,0.23159221,0.2224763,0.24415457,0.2522467,0.246987,0.23046072,0.2573952,0.21575782,0.21260938,0.23965494,0.24875385,0.2404521,0.22881554,0.24241151,0.24174239,0.23785172,0.23379923,0.24914515,0.26718917,0.23862699,0.2221064,0.25662977,0.23380168,0.20334038,0.23456384,0.24788076,0.24996808,0.2270894,0.25383452,0.22371872,0.25007245,0.24651365,0.23386298,0.2286807,0.23912875,0.22966425,0.22437608,0.23475894,0.26217836,0.23181915,0.2604643
1988,0.994627,0.004476139,0.2839311,0.28112346,0.2795509,0.26613775,0.26392856,0.27151832,0.26372147,0.25953126,0.25974867,0.28115606,0.31396002,0.24984983,0.24534193,0.27803668,0.30174387,0.25935414,0.28694415,0.2631945,0.29283962,0.29153958,0.24153033,0.27253056,0.27363825,0.28249085,0.28654876,0.25263333,0.29364327,0.28491879,0.27747855,0.2727307,0.28449616,0.27384585,0.28374752,0.26134792,0.29134154,0.2664381,0.25925174,0.28962314,0.25531727,0.27727655,0.30648032,0.3024987,0.29696843,0.29878595,0.28695044,0.27903727,0.28653887,0.27842692,0.2671082,0.27334684,0.27221113,0.2363895,0.2863495,0.28591746,0.27355522,0.2700248,0.27250296,0.28415003,0.26487473,0.270523,0.28237522,0.28921786,0.28655007,0.24731593,0.32781875,0.3183181,0.29489222,0.30143595,0.27950132,0.3037785,0.27298543,0.27615163,0.2589615,0.29377532,0.27472597,0.2618246,0.28855392,0.29184407,0.26526955,0.2626453,0.27439457,0.290718,0.2773522,0.24285503,0.28184715,0.27631474,0.2735092,0.24807191,0.25556582,0.26471227,0.27453917,0.2834075,0.300255,0.29347086,0.2736705,0.3106092,0.25884625,0.3092181,0.26639515,0.2939404,0.30569965,0.2912962,0.3050108,0.2712838,0.32975546,0.2961103,0.27975512,0.2864104,0.25854367,0.2801187,0.29416934,0.25970662,0.26529044,0.29550582,0.25082755,0.24333811,0.30370227,0.28220856,0.27898633,0.25906748,0.2647147,0.28402132,0.28979352,0.26834717,0.28596166,0.27927288,0.23872733,0.28880212,0.2680078,0.27415746,0.30780354,0.26809818,0.28483993,0.27942047,0.2740852,0.28373846,0.27720785,0.2589717,0.27489474,0.25423497,0.30650234,0.30807114,0.29066357,0.29402953,0.29027563,0.30148673,0.28234297,0.30162373,0.2716083,0.27048296,0.28101724,0.28450355,0.26250634,0.27935535,0.26874778,0.2920225,0.26723975,0.26284462,0.24316522,0.25579053,0.27108487,0.2715131,0.27585196,0.27281472,0.29560286,0.25072098,0.2803246,0.27882612,0.25682053,0.28728727,0.26700327,0.26841488,0.29344323,0.25302312,0.26514345,0.28006312,0.26464877,0.2855,0.28771088,0.2766644,0.26522475,0.2428606,0.23948385,0.29520807,0.27826753,0.2732706,0.26777866,0.26789165,0.26878595,0.28637642,0.27663097,0.27911013,0.2610843,0.25064042,0.297141,0.3006684,0.27927315,0.29559106,0.29966527,0.26453674
1989,0.9926242,0.0054296665,0.20181155,0.16403195,0.1794501,0.16700536,0.17896016,0.17189015,0.17907968,0.1749037,0.16988766,0.16941158,0.20036288,0.17659637,0.19319281,0.16463675,0.19128065,0.19150405,0.18116812,0.21033852,0.18158524,0.170462,0.14889355,0.17388126,0.14887564,0.2038809,0.17921998,0.17606132,0.18978696,0.16811943,0.16518617,0.13603948,0.18561983,0.13294901,0.17413624,0.17166376,0.169255,0.18020993,0.15549238,0.16006874,0.15849964,0.18454476,0.19901805,0.16554822,0.1819774,0.1925867,0.19924456,0.16153158,0.19487815,0.1507486,0.15242839,0.18948095,0.16136459,0.17194171,0.1838387,0.16437829,0.18211702,0.18814369,0.18094878,0.15676558,0.16201435,0.1572359,0.1443526,0.15517357,0.20839648,0.14905554,0.22569323,0.190934,0.19182435,0.19251148,0.17279506,0.15803945,0.17116067,0.18214759,0.16793142,0.18174411,0.16904342,0.15754378,0.16345605,0.1619804,0.16465494,0.17460567,0.18896733,0.1465595,0.17880946,0.16551884,0.21306913,0.19318874,0.21487005,0.16494086,0.13819052,0.19891271,0.16617167,0.15850598,0.16678865,0.13910018,0.14524835,0.18641418,0.19043553,0.18497723,0.17151286,0.17233467,0.16977562,0.16112632,0.20188695,0.15963326,0.1898046,0.16229782,0.20506255,0.15747063,0.1782038,0.18535455,0.156209,0.19912677,0.18802674,0.17681395,0.15283583,0.16585152,0.18573861,0.19192582,0.18841611,0.16552031,0.17540914,0.18747993,0.15746847,0.17179188,0.17601149,0.16768518,0.15802734,0.16096781,0.17555413,0.16712749,0.17668997,0.19426364,0.15319596,0.1949025,0.14745314,0.1674181,0.20607144,0.1843177,0.16807905,0.16638525,0.22078,0.19071673,0.17871769,0.20919098,0.19127439,0.17694281,0.20765504,0.17704862,0.15881702,0.18203694,0.18566795,0.1555676,0.17537826,0.16223086,0.14701459,0.1646953,0.17493224,0.15896685,0.15429917,0.16004278,0.17129177,0.19986232,0.16920969,0.17354438,0.20708513,0.17047366,0.1614262,0.16653895,0.15258142,0.15868479,0.16833752,0.15814395,0.20009872,0.16111124,0.15151401,0.19439413,0.18300238,0.19257487,0.16350998,0.18023843,0.16847317,0.19212334,0.16003162,0.176917,0.19933058,0.17780025,0.18063897,0.15983878,0.17830898,0.18812118,0.1696163,0.17210081,0.16657522,0.18749578,0.18544193,0.17084348,0.15937057,0.19525501,0.1798986,0.15438882
1990,0.9944443,0.0047282297,0.34798798,0.34282237,0.38025835,0.34579176,0.35367936,0.33329204,0.31200504,0.3580205,0.35110235,0.36590588,0.35963583,0.35616434,0.3476298,0.3376946,0.36425486,0.3621943,0.33950704,0.37004504,0.3662715,0.3391996,0.3386637,0.3416068,0.36420825,0.37625805,0.3357188,0.36538523,0.37364182,0.35828686,0.3643875,0.362757,0.3728759,0.33773467,0.34313264,0.3415471,0.35666013,0.34908462,0.33668292,0.3426525,0.3874268,0.39518222,0.35551518,0.34583098,0.35987732,0.3372391,0.36873788,0.36532032,0.38665426,0.3533758,0.3257673,0.39687413,0.34972897,0.3569929,0.32065263,0.37095666,0.3449915,0.33783263,0.34218714,0.37085837,0.35073534,0.32481056,0.3259084,0.34604356,0.36038244,0.3722339,0.37511596,0.34813076,0.3635561,0.36585063,0.37759832,0.3546042,0.3235919,0.36447424,0.3429487,0.33403453,0.35745758,0.36103088,0.30888054,0.373426,0.37175825,0.37727204,0.37343925,0.34049186,0.33449796,0.37190273,0.36802846,0.3476659,0.4065,0.377494,0.30528244,0.38406712,0.38202184,0.36616975,0.3226221,0.35837927,0.33849597,0.36553004,0.37387803,0.34673706,0.3519128,0.36328983,0.37584007,0.3664308,0.36639136,0.37539554,0.36150151,0.36750904,0.37785777,0.37181818,0.36464423,0.33599487,0.35780725,0.34541413,0.36005795,0.35680825,0.33985788,0.35176644,0.3717661,0.36884025,0.32236296,0.3228228,0.35786724,0.36373988,0.35913423,0.32279062,0.34920028,0.3492183,0.34717768,0.354666,0.37687898,0.33239868,0.35916457,0.34410742,0.36769196,0.34707484,0.3688115,0.35162112,0.35662413,0.34080818,0.3360595,0.36278462,0.36479545,0.37468636,0.36503494,0.35844523,0.34157482,0.33962485,0.35494635,0.33804485,0.3610012,0.38691896,0.3485925,0.32572052,0.35860863,0.3442831,0.36850724,0.35379052,0.36612517,0.34344006,0.34238055,0.33029845,0.36176625,0.39299718,0.36737654,0.36522764,0.34983632,0.36108506,0.3628919,0.33966416,0.3696884,0.38448757,0.33205488,0.35602272,0.3625483,0.3677528,0.32299003,0.36330086,0.34330505,0.35769966,0.33639044,0.32813802,0.34586447,0.3573167,0.35823002,0.35365158,0.36552882,0.37205783,0.36997214,0.36160907,0.33473405,0.33227268,0.36858115,0.34015027,0.32754385,0.36465687,0.36550963,0.3362705,0.35856265,0.35433766,0.3615125,0.3545356
1991,0.99640113,0.0034241755,0.35549787,0.33941585,0.3701189,0.32542166,0.3729575,0.33226532,0.32729116,0.34917274,0.33975857,0.37419495,0.3518508,0.31535944,0.35171285,0.30889568,0.3433601,0.3450227,0.3282102,0.33850744,0.31373546,0.31718954,0.32103023,0.33997083,0.33355305,0.31462315,0.32280222,0.34511846,0.33626735,0.31869164,0.33854842,0.34080634,0.34591526,0.3273731,0.3435437,0.30887738,0.3404427,0.343463,0.33137837,0.32408848,0.32857528,0.34715423,0.3580711,0.3280086,0.32590243,0.29900464,0.3372832,0.31502563,0.35642862,0.34708992,0.28909487,0.32522687,0.30001017,0.32129177,0.30096674,0.2895653,0.3401529,0.31975666,0.3482195,0.32991487,0.30729276,0.348709,0.31782198,0.3388785,0.33175787,0.36050555,0.33414415,0.35487494,0.35099015,0.31984988,0.3586909,0.33333433,0.33455667,0.32914096,0.31660697,0.3580642,0.3463676,0.31704867,0.30365717,0.34983188,0.33727086,0.34293756,0.31768632,0.32342023,0.31959754,0.34626743,0.353815,0.3500463,0.37764663,0.31129953,0.3294562,0.3174257,0.33694062,0.31508544,0.3174205,0.30645254,0.34489363,0.3545867,0.34265062,0.32076555,0.32452816,0.3471832,0.3357938,0.3406727,0.391499,0.33641967,0.3417173,0.31249508,0.31986567,0.35730585,0.33961013,0.32753217,0.32318193,0.31272966,0.3406941,0.34647122,0.312577,0.3244014,0.33913907,0.35096493,0.3349424,0.33431646,0.31104243,0.31678823,0.33491462,0.3344903,0.30724642,0.33727467,0.34862792,0.34571984,0.33003217,0.359075,0.32878897,0.29717514,0.33007646,0.35988867,0.3293143,0.28808653,0.32604957,0.36794636,0.34068045,0.33734402,0.36153844,0.34190434,0.3455265,0.34656903,0.34577322,0.34617501,0.31155655,0.36124355,0.34105864,0.33191428,0.3264628,0.32490858,0.31038338,0.3519273,0.34141204,0.34257966,0.35845402,0.31706506,0.32083926,0.3575049,0.30593398,0.33791065,0.33201,0.3202168,0.3423188,0.3438947,0.3214704,0.30705503,0.32439733,0.33795345,0.34371105,0.34631518,0.32800034,0.32753155,0.31614298,0.34886384,0.34655303,0.35863522,0.3482596,0.31457302,0.33047298,0.33137313,0.30025122,0.34308082,0.33459014,0.30083954,0.32224867,0.34059685,0.3352371,0.32469228,0.31208885,0.3428552,0.33725193,0.36036232,0.31011215,0.32680503,0.3283348,0.34984893,0.3728791,0.3358897
1992,0.9930226,0.0063228537,0.14207564,0.12763856,0.123366386,0.09615179,0.10477358,0.1297187,0.111367166,0.116832614,0.09686017,0.10895844,0.12783593,0.10821406,0.12650655,0.11777424,0.12029304,0.11560704,0.115272865,0.10383158,0.13461453,0.11497492,0.09193912,0.09868043,0.09534919,0.117922485,0.1349887,0.11356937,0.08903798,0.13543174,0.12725517,0.12166954,0.113193974,0.11846419,0.15103963,0.09809824,0.12311419,0.12417868,0.1017017,0.10999655,0.121638104,0.12617496,0.14370991,0.13933867,0.110080935,0.09412004,0.12574135,0.1258238,0.12826705,0.109914765,0.09523745,0.124739826,0.106145136,0.095710784,0.12718926,0.108792804,0.13277346,0.13979349,0.100436024,0.10353056,0.107827835,0.14497477,0.12190289,0.087501876,0.13795352,0.12596549,0.12597723,0.12079516,0.120966755,0.13554753,0.10885712,0.12981302,0.11345574,0.091441266,0.13368131,0.13006346,0.14038958,0.10263025,0.122992314,0.13015053,0.11003491,0.1162438,0.11584487,0.13481903,0.120574884,0.10508619,0.12801026,0.1340595,0.14752948,0.110187374,0.11919537,0.13062848,0.1238513,0.14642532,0.09850956,0.09964854,0.102947034,0.12862408,0.11643064,0.13497823,0.13246247,0.10604768,0.11898209,0.10458504,0.14092062,0.13059531,0.13645148,0.12798907,0.1268555,0.15315093,0.124176174,0.12541167,0.1405369,0.09996342,0.11033648,0.12595613,0.10041342,0.10623385,0.11996541,0.10145676,0.113558,0.13148879,0.10378913,0.11565711,0.108776696,0.11967448,0.117795534,0.1411959,0.12472173,0.1531908,0.12107544,0.124103084,0.13937217,0.09374643,0.1489829,0.1066084,0.10232392,0.12032805,0.1272452,0.08876307,0.11329751,0.09045626,0.12561223,0.1380511,0.14917995,0.14632954,0.13320231,0.12718718,0.116634265,0.1318992,0.14280297,0.13468824,0.11177542,0.11483949,0.11120453,0.11027519,0.10157489,0.12962082,0.13095939,0.11658993,0.11213736,0.13882352,0.13778162,0.11183294,0.11154472,0.121328056,0.13245726,0.13448219,0.13109803,0.08927223,0.12577307,0.116042,0.09103385,0.14137545,0.14110826,0.1192726,0.107644685,0.11298929,0.13699311,0.11914173,0.112003446,0.10138873,0.11233474,0.14942387,0.08860235,0.10823904,0.12214847,0.12509067,0.10608303,0.13517208,0.074526295,0.13075937,0.12670907,0.11640488,0.11322104,0.09803547,0.15299037,0.13599072,0.13180052,0.1556723,0.13960215,0.101844616
1993,0.99058694,0.0064239483,0.17028022,0.16125542,0.18690173,0.14924155,0.16590689,0.16478743,0.16512059,0.1483646,0.17110771,0.17090823,0.17005216,0.12832999,0.1486251,0.15697584,0.17751941,0.15826093,0.16421682,0.13697354,0.19697502,0.14962634,0.1774108,0.15703292,0.14153194,0.14297691,0.13037114,0.16470818,0.16845375,0.14974084,0.19190541,0.1602463,0.1578889,0.1392331,0.20116812,0.11716855,0.18823178,0.1504433,0.15486844,0.1752585,0.1775665,0.16924977,0.17598298,0.15999523,0.132004,0.17662138,0.1714287,0.14700417,0.18432924,0.15203059,0.13277216,0.17499085,0.18125844,0.13190798,0.18639314,0.17984217,0.14192486,0.16824202,0.17254041,0.13166532,0.14618568,0.14324181,0.14246291,0.15839373,0.17574891,0.20518449,0.1746317,0.12801781,0.17139682,0.14229089,0.18149331,0.15422887,0.17528762,0.148836,0.16354565,0.18527636,0.1428924,0.1749555,0.15980835,0.1514129,0.1759334,0.1413131,0.14701593,0.16837452,0.14879651,0.16443473,0.17645548,0.15474936,0.21059954,0.15673415,0.14511581,0.16266626,0.1765763,0.18623334,0.14857234,0.13329247,0.15125278,0.1775699,0.1724895,0.15160665,0.14859281,0.16486025,0.13598207,0.14022638,0.17574061,0.16450766,0.1718081,0.15891178,0.16949612,0.16114381,0.16131972,0.17115217,0.17755511,0.15672421,0.195519,0.15615064,0.14826474,0.14714743,0.15034944,0.16667588,0.18960899,0.20299362,0.16307196,0.12819041,0.16077699,0.15356082,0.1155958,0.15956217,0.15728708,0.17133467,0.14538427,0.188213,0.17821033,0.13786553,0.17339626,0.15229306,0.1638188,0.12660958,0.16958095,0.121723466,0.18032536,0.14314485,0.17234303,0.12842782,0.16439353,0.1980388,0.15471925,0.15329579,0.15190351,0.17489444,0.1887113,0.1663775,0.1451314,0.14797084,0.16206814,0.16602576,0.16485997,0.16997024,0.16843794,0.18572663,0.1416857,0.19269425,0.15283972,0.17710723,0.15027447,0.16406165,0.16941042,0.17319196,0.12716183,0.15961136,0.141324,0.16964598,0.13958064,0.18042901,0.16573292,0.15650064,0.17536311,0.18312982,0.14858057,0.16348748,0.13556406,0.19782884,0.1647843,0.16074903,0.12229611,0.16064471,0.1561218,0.15155052,0.15306132,0.18091868,0.12768514,0.16258538,0.14690924,0.14898048,0.13533947,0.15680519,0.13997757,0.17590712,0.15983544,0.17608048,0.17158532,0.20038503
1994,0.99222714,0.0054017673,0.24156429,0.21045363,0.24072061,0.19870338,0.2327268,0.21031517,0.24907641,0.18487462,0.21704833,0.21527876,0.22946773,0.21919356,0.22883461,0.22456372,0.2359318,0.22215703,0.21624734,0.22132908,0.25620466,0.21676159,0.22373624,0.24230264,0.2532096,0.22445339,0.21841091,0.24281465,0.22074822,0.23899929,0.23909888,0.21697095,0.23316011,0.18313101,0.2565557,0.22785485,0.25101906,0.22604999,0.2224718,0.2598057,0.23185666,0.23838207,0.25764596,0.21220766,0.22734194,0.24653764,0.23322453,0.23436481,0.22048818,0.24817173,0.22847664,0.22988145,0.22828825,0.20583001,0.22291923,0.21661557,0.23522075,0.22774467,0.25543362,0.20725495,0.21610229,0.2386598,0.28342354,0.19190584,0.23024265,0.205847,0.24675903,0.22414842,0.25048393,0.2321297,0.26394546,0.22240724,0.20753904,0.20041068,0.23610012,0.24252431,0.23140751,0.20734759,0.2299782,0.19154578,0.23656225,0.25442335,0.22481792,0.22683612,0.2022554,0.20048638,0.23209679,0.22803386,0.24143049,0.20497933,0.20883101,0.23686792,0.25198412,0.2469621,0.23159826,0.21439059,0.23707165,0.23259604,0.23263015,0.24039476,0.181176,0.21643692,0.24873687,0.240851,0.24324355,0.24190362,0.26396185,0.21519727,0.24350321,0.24930109,0.21700495,0.22994044,0.20350073,0.22557145,0.22232418,0.22279458,0.20638931,0.22328623,0.22513412,0.22333993,0.26748356,0.23518497,0.20719345,0.21627848,0.23646949,0.24748991,0.18325964,0.22579673,0.2488833,0.2289859,0.21512896,0.21087734,0.24225198,0.2217965,0.24692829,0.22184221,0.22196311,0.20773225,0.23277646,0.21372211,0.24745908,0.21571492,0.21649055,0.2059028,0.24339607,0.24386398,0.21053348,0.21969211,0.24192098,0.20979159,0.25152928,0.23713526,0.22775307,0.24140972,0.21917158,0.20925248,0.23026094,0.24777369,0.24276535,0.20745961,0.19832276,0.21516158,0.20207287,0.23842277,0.21550441,0.22148095,0.21001789,0.2269612,0.22232659,0.19148222,0.22854498,0.22612494,0.214541,0.2348808,0.22146854,0.22182113,0.22037168,0.20743115,0.254237,0.22589737,0.21726738,0.21903512,0.22157864,0.23699963,0.21560057,0.21336088,0.23880583,0.25851738,0.21474794,0.24983935,0.18774025,0.23170179,0.22023383,0.2379306,0.21615832,0.26092488,0.2335623,0.2531029,0.21743043,0.26826084,0.21600871,0.21896552
1995,0.9935647,0.0053141974,0.36801428,0.36486298,0.37613064,0.35577828,0.3618264,0.3815488,0.35451335,0.35027972,0.36673644,0.37040552,0.37612638,0.35175234,0.35656652,0.36892223,0.36273223,0.37165833,0.3667826,0.38958648,0.39136425,0.36382556,0.35880098,0.37379715,0.36129045,0.3741159,0.378726,0.3691489,0.37317124,0.3637744,0.3706604,0.3773258,0.38797972,0.34073055,0.3895767,0.34624776,0.38893434,0.35941723,0.3505998,0.37441513,0.3880661,0.40528408,0.39479122,0.3415416,0.37062803,0.36614922,0.37340564,0.38212964,0.3771941,0.37055826,0.35787186,0.35077325,0.38568884,0.35800874,0.3547008,0.36599904,0.35615915,0.3917617,0.38311073,0.36033148,0.3507481,0.38757822,0.3699352,0.36300346,0.39232266,0.3904892,0.3768416,0.37947732,0.37064737,0.39902896,0.4403294,0.36042708,0.37512982,0.37471467,0.3525249,0.36221436,0.3989107,0.37541157,0.35566977,0.37240043,0.37374404,0.38273862,0.3820085,0.40709218,0.34993932,0.36011115,0.36316025,0.38379756,0.37444586,0.3757956,0.354004,0.36347148,0.3679663,0.39472193,0.3744434,0.33985484,0.3770519,0.40195104,0.37426305,0.36072418,0.36595705,0.3830208,0.39579213,0.35112715,0.36179638,0.35164008,0.3776445,0.36760515,0.37181357,0.34659523,0.37563035,0.3856413,0.3730696,0.39603063,0.37236997,0.35650846,0.35640502,0.35921434,0.37168866,0.36167625,0.36333475,0.39353222,0.38265038,0.37926385,0.35775903,0.36561307,0.38545603,0.37608743,0.3680594,0.382145,0.3879768,0.36750594,0.36530095,0.36335126,0.36576617,0.3628319,0.37046456,0.34761104,0.37948304,0.36970186,0.35767865,0.37958807,0.34749195,0.40348834,0.37707245,0.40955827,0.34501946,0.37038118,0.37991172,0.37080464,0.38501787,0.37477595,0.36850205,0.37847558,0.3485375,0.38638973,0.38608202,0.36687398,0.3539261,0.35867614,0.350799,0.38104382,0.36877513,0.380325,0.34820905,0.39489287,0.3701237,0.37941414,0.3585073,0.3422986,0.37161314,0.3998247,0.35814276,0.35615712,0.3604893,0.36980605,0.35626808,0.34828252,0.40286273,0.36996222,0.3602364,0.38684523,0.35737714,0.39857745,0.35170922,0.36793756,0.40202296,0.37383717,0.35514507,0.3878644,0.33239415,0.37157565,0.3615362,0.37817678,0.3392672,0.36290544,0.36227494,0.38447148,0.3634643,0.39215535,0.40397823,0.37024373
1996,0.9935931,0.0056562317,0.2800767,0.24894112,0.27405486,0.25602368,0.27255008,0.26738486,0.29192108,0.2216749,0.27418873,0.2596406,0.2837116,0.22948502,0.26863784,0.2958997,0.30107063,0.28655648,0.28134602,0.26787543,0.28678235,0.25858697,0.270997,0.28539082,0.26375344,0.27892494,0.29565352,0.2766826,0.27449545,0.25155586,0.2676597,0.27903083,0.26831102,0.26130918,0.27793795,0.27111962,0.26330128,0.2656826,0.2668829,0.29538774,0.2769242,0.26993263,0.28471583,0.2716278,0.25275788,0.31132057,0.28059337,0.26870742,0.2768747,0.29454356,0.28513953,0.24935617,0.2869722,0.25534207,0.24668293,0.2602149,0.25983134,0.29672632,0.28356192,0.2601163,0.26606113,0.2620777,0.28521186,0.2760065,0.2686597,0.27780274,0.2918792,0.26459056,0.31746042,0.27521685,0.28672543,0.28326306,0.27444756,0.2780533,0.26058456,0.27544275,0.26084214,0.2592741,0.2792545,0.27575988,0.2780112,0.26591432,0.25672147,0.2813668,0.27497664,0.24749447,0.2588836,0.296038,0.28071237,0.27627066,0.263024,0.29156718,0.27985525,0.27960688,0.29179108,0.23933005,0.2700545,0.27676114,0.27923763,0.26911744,0.24934544,0.26343405,0.25908104,0.2661911,0.28909263,0.25927216,0.26716492,0.27305835,0.2881931,0.26536265,0.2472638,0.2934809,0.2690708,0.2807822,0.2806394,0.24881287,0.25540996,0.24627924,0.26305518,0.29461986,0.27601734,0.2839174,0.2604784,0.25440374,0.22713716,0.25215217,0.25825632,0.2805561,0.27994436,0.28992572,0.2839062,0.26092124,0.28752607,0.24409771,0.28806388,0.27805364,0.2544524,0.25769177,0.25602672,0.26485655,0.26265356,0.26262662,0.2672361,0.26887977,0.29255253,0.26411086,0.27526718,0.26139683,0.27425158,0.2701693,0.2985485,0.2811924,0.2617001,0.27270007,0.27762267,0.3022084,0.25498074,0.26971963,0.2505431,0.2551622,0.2627519,0.2570471,0.26791498,0.27668038,0.2788944,0.26750508,0.26994845,0.26501542,0.26153186,0.28256175,0.27117556,0.29577115,0.2513474,0.24067046,0.27062604,0.26318383,0.2636927,0.25460565,0.27903768,0.28947026,0.2697157,0.25852054,0.22952883,0.2714064,0.25708604,0.27179185,0.27519125,0.2858032,0.23474921,0.26224348,0.25424403,0.29449108,0.2730146,0.27351224,0.26614845,0.2849815,0.26124638,0.27112293,0.26495102,0.27191707,0.30082864,0.27668127
1997,0.9945665,0.0046312725,0.43035257,0.44172096,0.43361026,0.39738598,0.41491958,0.41215947,0.42027178,0.40314883,0.42169982,0.41532174,0.43168786,0.39313418,0.38983938,0.40232298,0.4269984,0.41482395,0.42080787,0.4174755,0.43706614,0.40696526,0.3957017,0.41447413,0.39597926,0.4236082,0.4305028,0.42891517,0.41929844,0.40854573,0.39807287,0.4121305,0.41940975,0.41984928,0.42710608,0.4097784,0.37548214,0.41085663,0.40320617,0.4237552,0.41092944,0.44193822,0.42079023,0.3966843,0.41346174,0.4190642,0.41624764,0.4032508,0.43243796,0.41721642,0.4069244,0.4114869,0.43798983,0.37259465,0.3864635,0.4272577,0.38954484,0.44949976,0.43807882,0.4136053,0.41117668,0.4186696,0.42315358,0.40241677,0.43547493,0.41054103,0.43537694,0.39479664,0.39483076,0.41733652,0.44276765,0.41533026,0.4238843,0.43642858,0.40677154,0.40123427,0.41072428,0.41715747,0.3928639,0.42053673,0.4266889,0.4097131,0.41629177,0.40461576,0.4025356,0.40522176,0.4342503,0.39614835,0.43554184,0.4286818,0.40796313,0.43013668,0.41456893,0.40330136,0.38855192,0.40777922,0.3866543,0.42734146,0.41825348,0.4114963,0.39428526,0.40565744,0.40593994,0.42549762,0.4233781,0.41490677,0.42949963,0.40299964,0.4268893,0.42656404,0.4242853,0.4176067,0.41798803,0.3866696,0.42054826,0.42960572,0.39770305,0.38965946,0.41500342,0.40095183,0.43885008,0.43899444,0.41169634,0.40434423,0.40945294,0.4040831,0.3917292,0.41241592,0.40478364,0.42298374,0.44776678,0.42085874,0.42241266,0.39799938,0.4444598,0.40262723,0.433384,0.42487678,0.42102793,0.39674243,0.42187023,0.40686908,0.4268149,0.41701487,0.40089753,0.430443,0.3983445,0.43125257,0.42625296,0.42085958,0.45811385,0.4335967,0.4081509,0.44716722,0.39370638,0.41823682,0.42781585,0.41382217,0.4187259,0.36930478,0.39262965,0.41662392,0.41275617,0.40803245,0.43789214,0.41375467,0.41911963,0.4518292,0.41065186,0.43093407,0.3972271,0.4122502,0.4123805,0.43445206,0.40894237,0.3955844,0.4233245,0.3941284,0.43124828,0.4210932,0.40392274,0.43842298,0.4050045,0.4302276,0.401885,0.42331746,0.41981244,0.41176188,0.40176025,0.39418674,0.36489394,0.4269667,0.40756357,0.39496756,0.4193095,0.44254386,0.41820443,0.40735725,0.41007948,0.42699072,0.4193733,0.4234108
1998,0.993039,0.0051925997,0.57552254,0.5837569,0.594688,0.5812333,0.5810332,0.59505385,0.5756791,0.5607374,0.56106144,0.5786948,0.5748564,0.5757422,0.5428851,0.55792993,0.58332646,0.5623858,0.5765561,0.57002246,0.6214841,0.5544586,0.5746293,0.5771525,0.56982774,0.57970107,0.57323974,0.5628598,0.5697321,0.56433576,0.57368267,0.5598513,0.55420303,0.5362709,0.59325725,0.57838273,0.5522617,0.5844777,0.60683554,0.5888608,0.55277824,0.5750135,0.59451795,0.58016217,0.60541373,0.57394934,0.5889542,0.56550986,0.5689717,0.57944196,0.5666649,0.5831839,0.5906375,0.5481352,0.5773309,0.5736818,0.56503785,0.5812319,0.55973154,0.56876737,0.5562234,0.55580336,0.57976186,0.56226057,0.5795499,0.5853583,0.5765268,0.5630196,0.5744321,0.58716094,0.5806586,0.57693934,0.5609865,0.5607504,0.57691133,0.5329098,0.58778757,0.54906553,0.57521737,0.5577887,0.58121485,0.5648364,0.57040054,0.56791085,0.560996,0.5712605,0.56368166,0.56884795,0.59839135,0.56793404,0.5879346,0.5954417,0.5706238,0.56054443,0.5792808,0.5265282,0.554884,0.5747848,0.5521928,0.56666064,0.54767925,0.5597262,0.5866413,0.5898469,0.5634678,0.5798789,0.59671557,0.57517666,0.59890485,0.5846522,0.5321443,0.58020836,0.5708039,0.58981955,0.58076036,0.5637142,0.5660342,0.54214627,0.5493655,0.5867467,0.5675092,0.57427436,0.55697376,0.57466507,0.55352026,0.56565213,0.56018823,0.59035116,0.56003016,0.56060743,0.5949612,0.59812075,0.6062418,0.5486442,0.6064868,0.6046143,0.56896937,0.5602544,0.59569323,0.5683514,0.5855441,0.5664003,0.56596476,0.56491053,0.57514125,0.5899998,0.55331105,0.57571375,0.5754985,0.55537754,0.58409,0.5913397,0.5680272,0.57365614,0.5916537,0.5684921,0.5514148,0.5617357,0.58389634,0.5333005,0.5518511,0.5650422,0.55827683,0.59002763,0.5734047,0.59473896,0.5746404,0.58735293,0.58031774,0.550997,0.5687876,0.5794239,0.5387818,0.57165915,0.587636,0.56008923,0.56158066,0.5661674,0.5646573,0.5805287,0.5718424,0.58020294,0.5575195,0.567571,0.5416368,0.58012307,0.5685769,0.5729228,0.54564697,0.6007438,0.5685464,0.57490295,0.57349473,0.55763793,0.558434,0.57547355,0.57452136,0.54226863,0.5782763,0.6004685,0.59326977,0.55689335
1999,0.9941793,0.0052871155,0.3172233,0.30502376,0.34478343,0.27781042,0.32196102,0.29220226,0.31687734,0.31318828,0.29149103,0.33897528,0.33541968,0.30562636,0.31528348,0.30805463,0.3357382,0.31118867,0.30041134,0.34000865,0.33847973,0.3106553,0.31881654,0.34000778,0.3071731,0.3106817,0.28533357,0.31646046,0.32258222,0.33221835,0.30806324,0.3137608,0.3022698,0.32367408,0.33646676,0.28299934,0.3327201,0.31465888,0.31791773,0.34527603,0.32792327,0.32278046,0.3339934,0.31601745,0.33088917,0.32664683,0.32395282,0.32332608,0.3337494,0.3299514,0.2979429,0.3261869,0.33393267,0.31547764,0.30813,0.31173545,0.33060175,0.34798607,0.31918368,0.33606443,0.30775428,0.3070542,0.31760192,0.31852767,0.30416554,0.29165137,0.34156084,0.3319626,0.29425618,0.35618776,0.32088846,0.29785857,0.33502603,0.29678252,0.31019872,0.29918817,0.3221889,0.3140824,0.3055218,0.2966123,0.31771246,0.3463248,0.33020645,0.29897174,0.32693428,0.32170042,0.31600118,0.314266,0.3094032,0.32636234,0.30195156,0.3359902,0.3389604,0.3188251,0.3354504,0.2845242,0.3428704,0.3404961,0.3101041,0.33644718,0.3122041,0.32867256,0.31848082,0.31495085,0.32497332,0.31058633,0.30112284,0.3131603,0.32279712,0.32667935,0.30076844,0.31189266,0.32466328,0.3155572,0.33195287,0.31304255,0.28949967,0.31535476,0.32520816,0.31706154,0.32729134,0.3156792,0.29199234,0.32795987,0.28645122,0.3240389,0.30758986,0.32788777,0.32829872,0.32988125,0.3328394,0.3282067,0.31549498,0.31597906,0.3054055,0.3130739,0.32549486,0.3339621,0.29598343,0.3294673,0.31037977,0.31351733,0.31960213,0.31433624,0.32508922,0.32276896,0.2949033,0.33204067,0.33046606,0.33433068,0.3542277,0.3140624,0.34360534,0.34671432,0.31164557,0.32045966,0.30785286,0.33482528,0.32479653,0.29210603,0.28944808,0.31257126,0.30013892,0.33769885,0.31695658,0.33453932,0.32187596,0.33116928,0.3179057,0.3209242,0.2833284,0.3128701,0.2940202,0.29175517,0.3335016,0.28879303,0.31877026,0.29936925,0.30091408,0.30520347,0.30107173,0.3241338,0.31306565,0.32495433,0.3099976,0.31326315,0.3212783,0.327101,0.30203107,0.32846496,0.28468716,0.31306475,0.31088522,0.31597638,0.30624703,0.31994063,0.33587036,0.30051425,0.33045182,0.34910843,0.35523412,0.32860136
2000,0.9938126,0.0050852243,0.32924873,0.3471417,0.3305896,0.3174245,0.31268135,0.34033594,0.3267033,0.30284268,0.3387465,0.33324257,0.32104206,0.30864948,0.32440057,0.31125593,0.34066325,0.33720514,0.33487782,0.31992012,0.3300363,0.32901257,0.33811998,0.3401081,0.31470984,0.34802708,0.3217688,0.3333553,0.29785404,0.29726255,0.31708238,0.32532638,0.30915427,0.32110104,0.3340999,0.29358405,0.31558678,0.32244417,0.32797793,0.32688716,0.34435928,0.32986093,0.36376765,0.34085038,0.31847888,0.33581796,0.3200059,0.320295,0.32317036,0.336251,0.33320892,0.32679972,0.33991438,0.3096424,0.33695975,0.31772497,0.3130291,0.33658907,0.342122,0.3231619,0.28606376,0.3169494,0.31803188,0.33823138,0.32469884,0.334704,0.3348311,0.3002453,0.33351988,0.3651979,0.3333959,0.3176038,0.31142762,0.32434797,0.29661593,0.3382116,0.34860948,0.32459748,0.33834356,0.3146731,0.3292908,0.32936776,0.33943078,0.32978475,0.30923957,0.30890712,0.34930205,0.3376297,0.34046322,0.30644327,0.30813754,0.32702863,0.34950352,0.356734,0.33024794,0.31142056,0.3173694,0.34991404,0.31853378,0.31533664,0.32228842,0.3328387,0.3462438,0.31677324,0.35421634,0.30925676,0.33856523,0.3294606,0.3405354,0.35037607,0.29720238,0.29823497,0.3468385,0.31202978,0.3261989,0.33635598,0.30092373,0.31201935,0.31859452,0.3312807,0.35671937,0.3160317,0.3166006,0.3021558,0.3332145,0.30504674,0.33289173,0.32377347,0.3167903,0.32045904,0.36439726,0.30753535,0.30072278,0.3077146,0.35967937,0.34885478,0.32001802,0.34219497,0.3139331,0.33658525,0.32216206,0.31021893,0.31943044,0.3271547,0.32277098,0.3251952,0.30742475,0.29152307,0.30639553,0.33625215,0.3229148,0.34411415,0.34427553,0.3540538,0.32515424,0.3432049,0.3244004,0.31136128,0.3203706,0.30227274,0.30282065,0.33019173,0.30975378,0.31637248,0.3433873,0.3243529,0.32293436,0.313407,0.32556993,0.3102324,0.3118143,0.32630107,0.316355,0.3171982,0.33257484,0.31413475,0.3248672,0.3232212,0.32194582,0.3546936,0.3344736,0.32241574,0.2899196,0.3452433,0.3108848,0.3196971,0.32507414,0.30849585,0.286324,0.3459629,0.3282447,0.34528333,0.33309507,0.29801103,0.32159862,0.320661,0.3401261,0.3413863,0.33739135,0.34063667,0.35240278,0.30924034
2001,0.99238867,0.006081585,0.4966267,0.48377237,0.48640501,0.47629148,0.49776262,0.46130368,0.49693486,0.44460902,0.4614175,0.48878065,0.5007424,0.48135498,0.47659978,0.48722258,0.5054122,0.50320894,0.49545997,0.5001883,0.50547165,0.46649608,0.4980362,0.4767229,0.47795424,0.5066289,0.49128535,0.48343715,0.49725893,0.48366573,0.4702637,0.4775948,0.4842822,0.46092612,0.47357544,0.4659006,0.4842314,0.47977072,0.4717275,0.49440747,0.4845442,0.45953095,0.49698204,0.50034857,0.49494353,0.5013478,0.4815596,0.47217983,0.48292926,0.48233488,0.48884198,0.47928244,0.46582952,0.4592616,0.48107368,0.49226835,0.47080192,0.50399506,0.48462966,0.49197185,0.4970785,0.4839339,0.4932032,0.44264466,0.46726575,0.50091666,0.501008,0.4597458,0.48055413,0.47622445,0.52051705,0.4801153,0.46682635,0.45997944,0.48017743,0.47631526,0.5067015,0.48641694,0.46214545,0.47784904,0.4983421,0.5052293,0.51097184,0.51203233,0.48426092,0.46627015,0.50633323,0.4823134,0.49428546,0.48289776,0.44961312,0.5090545,0.50118005,0.5061922,0.4826133,0.48136523,0.47712234,0.519595,0.45586935,0.48614505,0.49933904,0.4817734,0.49318057,0.4823901,0.49548602,0.49029222,0.47828868,0.47916475,0.5017606,0.4663885,0.46291372,0.47849792,0.4889068,0.46086878,0.46863002,0.48852798,0.4617444,0.46456107,0.47398382,0.49464783,0.48741826,0.484666,0.49200657,0.49460956,0.46398717,0.47076002,0.47348827,0.48038095,0.45965278,0.5093152,0.49988157,0.48707005,0.4894969,0.47724417,0.48800448,0.48091233,0.4877478,0.4986409,0.46428537,0.4951341,0.4816891,0.46065712,0.475603,0.5072032,0.50427264,0.48975378,0.47197708,0.48503247,0.45548984,0.5215063,0.48322082,0.48321685,0.5112283,0.4916498,0.484284,0.50958115,0.4923036,0.48397675,0.48029202,0.43920007,0.4760032,0.45395938,0.4847888,0.488514,0.49991378,0.47066396,0.4994027,0.49871972,0.50177974,0.46816552,0.4630075,0.47651565,0.4852138,0.46010488,0.47472462,0.4640247,0.46047974,0.48968357,0.48179552,0.48607922,0.5080958,0.49992117,0.4709199,0.47577196,0.4456669,0.4475286,0.49598464,0.50004923,0.44588262,0.46972507,0.47728252,0.47816977,0.48893407,0.48854148,0.491702,0.49173534,0.4876609,0.4691624,0.496522,0.5036181,0.48853594,0.47725967
2002,0.9942772,0.0049745645,0.53741705,0.51805043,0.5350683,0.52952266,0.53215086,0.5039432,0.5499027,0.5122175,0.5115239,0.54025507,0.5397633,0.52910644,0.55355173,0.5529918,0.530868,0.5488336,0.54399556,0.52681303,0.5698035,0.5421302,0.5512254,0.54196197,0.54875696,0.54474694,0.5478093,0.561113,0.53945804,0.5109392,0.5321741,0.56509453,0.5093327,0.5340738,0.53535074,0.53077394,0.53796524,0.5353797,0.5230534,0.55705464,0.53521854,0.5433919,0.5601042,0.53524166,0.5433506,0.53131336,0.533572,0.54043204,0.532528,0.5366659,0.54565257,0.52783644,0.55177546,0.52340126,0.5369597,0.5340698,0.52999866,0.55457616,0.5259646,0.5492373,0.5129264,0.5461739,0.5255671,0.5342945,0.54633695,0.5515304,0.54480964,0.54262215,0.5501097,0.52343607,0.56185794,0.5441884,0.53780043,0.51145375,0.54794264,0.55129296,0.5522489,0.5447463,0.5406163,0.52971417,0.54729724,0.5551165,0.55577296,0.5586449,0.5554377,0.52171504,0.54402065,0.55520725,0.5505308,0.55388457,0.5132133,0.55322695,0.5492205,0.5260467,0.52145845,0.5011324,0.54441786,0.54126513,0.5383665,0.5356955,0.53971434,0.54185396,0.5443295,0.5460619,0.5563038,0.524869,0.54007703,0.5286175,0.5436325,0.56461877,0.5106026,0.53092605,0.54302526,0.52690357,0.53766626,0.5497973,0.51548475,0.5310236,0.52798843,0.5310372,0.5605371,0.5446841,0.5094906,0.55356026,0.5378418,0.53678495,0.5120927,0.53597,0.5310419,0.5326922,0.53861815,0.5458047,0.5312294,0.5158148,0.5549364,0.5281276,0.5193795,0.5435337,0.52124757,0.5072377,0.5427999,0.5420173,0.54629546,0.51989853,0.5366687,0.5429388,0.5163215,0.5464206,0.5499379,0.52590865,0.5376753,0.53012854,0.5642664,0.5350682,0.52186114,0.55675787,0.5369464,0.555737,0.5178084,0.5184421,0.51478714,0.5068917,0.5169107,0.5366276,0.54463303,0.5593743,0.5416829,0.5269537,0.5366347,0.50778604,0.53525245,0.54005617,0.53238976,0.52652454,0.5545884,0.536495,0.5298739,0.54558957,0.54689825,0.52219385,0.55596846,0.5367622,0.53438133,0.55992156,0.50264585,0.53123033,0.5515299,0.56154066,0.5071568,0.53600454,0.5213696,0.5552033,0.54559535,0.5477739,0.5102657,0.5488059,0.5530417,0.51058114,0.53844386,0.5334954,0.5338186,0.5482425
2003,0.9956947,0.0043488494,0.53343153,0.531472,0.5550026,0.51686716,0.54277545,0.51790047,0.5238148,0.54245055,0.52072453,0.5671168,0.5462783,0.52183104,0.53321016,0.5466321,0.554755,0.56072295,0.54102147,0.53403777,0.55999017,0.5345942,0.55147165,0.5515159,0.517752,0.55776703,0.5227962,0.54483753,0.5457644,0.5485799,0.53928924,0.55390084,0.5187915,0.544465,0.53838867,0.5231148,0.5236221,0.57090014,0.5462543,0.5452471,0.5450907,0.5431012,0.54669595,0.5342841,0.54592085,0.5450846,0.531873,0.52505577,0.5422781,0.5182663,0.55036885,0.5450749,0.54953897,0.53886825,0.5408942,0.50839674,0.530021,0.5461357,0.53627217,0.5525194,0.563553,0.5469014,0.52140623,0.53027797,0.5220766,0.54428023,0.52686256,0.5289043,0.54117954,0.5656741,0.5509182,0.56088006,0.53201574,0.53326017,0.5300446,0.558894,0.5529037,0.5300265,0.545527,0.5469297,0.53264326,0.53245693,0.5510226,0.53987986,0.5225054,0.5303672,0.53071034,0.55106896,0.5536531,0.5548242,0.5463978,0.5564141,0.5281373,0.5465763,0.5318811,0.5174736,0.538297,0.54713184,0.54069585,0.51076,0.5265523,0.522509,0.5538265,0.5265725,0.5556943,0.54532504,0.5407524,0.54226476,0.518252,0.5219028,0.5079581,0.53342193,0.52792376,0.55449116,0.559576,0.5480473,0.5089709,0.5322403,0.56031233,0.56020963,0.5210931,0.53877807,0.52935886,0.5408071,0.53898287,0.51388866,0.5187153,0.5466423,0.51478934,0.56938285,0.5410959,0.537537,0.54166675,0.5226452,0.52491194,0.5620227,0.5118269,0.5399647,0.54882175,0.5113589,0.5484491,0.5282359,0.5420203,0.5467911,0.55767584,0.560298,0.52960765,0.5630009,0.52267337,0.52945614,0.57486874,0.53686076,0.54644,0.5253598,0.5201123,0.55712044,0.5181654,0.55373055,0.52248234,0.53212875,0.5225492,0.5493357,0.5270634,0.54623514,0.56421286,0.558739,0.5621944,0.5473169,0.50940454,0.5217047,0.5037978,0.5582692,0.5183631,0.5454823,0.55533797,0.5551222,0.47694635,0.52612036,0.553046,0.5107733,0.5482967,0.5354627,0.55358016,0.5442033,0.49189255,0.5526291,0.5493042,0.5530492,0.5089328,0.5193108,0.4929608,0.55843484,0.5217971,0.54593825,0.53540623,0.53332317,0.5527576,0.5297589,0.53895545,0.543296,0.5766026,0.52117866
2004,0.9943015,0.005202262,0.4626659,0.48021293,0.47903943,0.44706738,0.46051934,0.4696783,0.46346375,0.49107996,0.4483837,0.49079496,0.47076806,0.43769616,0.45546922,0.47163433,0.4772567,0.47278243,0.4880954,0.46425337,0.48240632,0.46317273,0.4690479,0.45351198,0.45780593,0.46259075,0.45098,0.47595218,0.47000825,0.46631083,0.45944265,0.4729357,0.4744937,0.4503159,0.47306985,0.45481908,0.46298227,0.46341476,0.4667177,0.45386615,0.4586014,0.46784338,0.50875264,0.47214097,0.45259154,0.47805443,0.4740169,0.44120094,0.4578074,0.46134764,0.46684697,0.45507863,0.45836627,0.43167424,0.44195035,0.45000464,0.43620795,0.48610133,0.48484737,0.4697587,0.4356656,0.43725258,0.46918342,0.4456316,0.45915702,0.46447203,0.4526615,0.42689767,0.45618656,0.4453501,0.4681186,0.4382905,0.45487246,0.46237612,0.44989392,0.47345364,0.48719275,0.44752687,0.45635152,0.46643382,0.48205802,0.45012924,0.46743727,0.48874703,0.45158383,0.4348635,0.46298128,0.44759905,0.47621867,0.46498522,0.46109542,0.48827165,0.4547972,0.46707886,0.46728268,0.4497399,0.46715066,0.460104,0.45878655,0.45963496,0.45625317,0.44714928,0.47985366,0.47024968,0.46886295,0.47993493,0.4561458,0.46577442,0.45452428,0.46583125,0.45493674,0.43664774,0.45902273,0.46079963,0.47938687,0.45955136,0.46488038,0.4701053,0.44991717,0.4705711,0.47864595,0.47473294,0.4708367,0.45361835,0.4555481,0.4654912,0.46483895,0.45641097,0.4337907,0.47279498,0.45699134,0.48727053,0.47223923,0.4690327,0.4600568,0.46586257,0.46046555,0.44950765,0.47062212,0.43669719,0.45792425,0.44319865,0.44984457,0.4687495,0.46588254,0.48863497,0.45190063,0.46148664,0.47015116,0.45791528,0.47894806,0.4708166,0.46793902,0.47634485,0.45105055,0.46662617,0.48274156,0.46850365,0.460488,0.41243348,0.42857078,0.45991188,0.42610598,0.46110645,0.46309972,0.4583523,0.4637693,0.46214372,0.45581007,0.4579143,0.4643928,0.4510937,0.4628552,0.48034745,0.48067498,0.4575418,0.4434607,0.43856657,0.47330672,0.47576913,0.47837394,0.47420746,0.44861245,0.4746374,0.451177,0.46429178,0.48887607,0.4802277,0.44445518,0.46600807,0.46241087,0.45260793,0.46816733,0.4392026,0.4477735,0.46971583,0.4863578,0.46192834,0.4476296,0.49401584,0.482499,0.45421422
2005,0.9945323,0.004373616,0.6362114,0.56299055,0.60077953,0.59058774,0.604998,0.59534293,0.61166257,0.5580308,0.5829691,0.6117908,0.57617015,0.5931685,0.5894132,0.6153401,0.6025588,0.6244083,0.6164126,0.60281134,0.6280078,0.60536146,0.59123385,0.6189382,0.61618406,0.60661346,0.61148846,0.60398614,0.6299536,0.5916312,0.60232866,0.5972808,0.61036557,0.5920757,0.62330556,0.62494534,0.5981568,0.6137491,0.6088246,0.60561645,0.59899795,0.6338835,0.62095183,0.6026789,0.6057611,0.61100197,0.5980674,0.5866659,0.6237608,0.5862593,0.6124443,0.61318517,0.60766816,0.59366804,0.6076585,0.619699,0.6147855,0.6088841,0.61102515,0.60100156,0.5772804,0.58551186,0.58916503,0.5892049,0.61028916,0.6142165,0.62429196,0.57928073,0.6175769,0.6076398,0.6168588,0.61941516,0.58359134,0.5990909,0.6271316,0.5826292,0.61675656,0.5909681,0.6072241,0.58639663,0.6111454,0.608909,0.5915876,0.61776847,0.59716773,0.59181964,0.62283605,0.61751014,0.61403775,0.5917342,0.58244056,0.6039864,0.60124826,0.6412828,0.6027769,0.57878065,0.5946142,0.6073219,0.5849319,0.591285,0.58138686,0.6093991,0.62573665,0.58514345,0.60912234,0.5908584,0.61233306,0.61451626,0.6003789,0.5896747,0.5928345,0.60485864,0.57024366,0.5994426,0.6040374,0.5952975,0.5792928,0.6009552,0.5795539,0.61385936,0.59378916,0.62455267,0.60785156,0.5799484,0.58854246,0.5959003,0.6061176,0.5966181,0.6118196,0.60376346,0.58244264,0.6250286,0.59779215,0.6036839,0.59966725,0.60085803,0.6032646,0.6019626,0.59273016,0.58445907,0.6080075,0.5778169,0.609437,0.602943,0.5982196,0.62743104,0.5825282,0.6267197,0.57984924,0.6061759,0.6133525,0.6213794,0.6164341,0.61181194,0.59032995,0.59751713,0.5789597,0.6028365,0.6024395,0.5621618,0.57430047,0.6097107,0.6032429,0.58720535,0.6160978,0.62752575,0.57155496,0.60538834,0.6105947,0.57988113,0.6037901,0.6127834,0.58381486,0.5888377,0.614796,0.57780325,0.6099959,0.5842979,0.5991296,0.6050822,0.6165165,0.60821575,0.6043569,0.6235046,0.5745009,0.60684425,0.60873663,0.62792826,0.59486526,0.5801393,0.62125856,0.6012808,0.5942124,0.60116667,0.5946624,0.6024958,0.5999835,0.59963804,0.5980906,0.6166904,0.625124,0.6278987
2006,0.9957006,0.0042301985,0.5750016,0.568443,0.5819398,0.54641056,0.5766634,0.57611537,0.59338474,0.54132116,0.5514306,0.5802658,0.5896421,0.54834276,0.5555007,0.56574893,0.5672901,0.59270304,0.5814848,0.5624183,0.5768798,0.55782974,0.5574716,0.5713393,0.56100744,0.5698811,0.56063074,0.5758095,0.578396,0.56923175,0.5753828,0.5539086,0.5638365,0.56792325,0.5649358,0.574257,0.5551676,0.56749374,0.56534696,0.5901804,0.5323087,0.56266904,0.58667296,0.5833573,0.57196295,0.57124156,0.56803507,0.5626618,0.55268234,0.57502186,0.53985417,0.5726069,0.582117,0.539755,0.5408507,0.6010771,0.5558837,0.57022524,0.58057624,0.58973897,0.5645333,0.53141963,0.55508894,0.5728885,0.5579702,0.55966836,0.6088767,0.5375014,0.5686893,0.56349593,0.5834848,0.582017,0.56064874,0.5391398,0.5677278,0.54576373,0.56293756,0.56786096,0.5530906,0.54943657,0.57761794,0.5920215,0.5808216,0.56192195,0.55944276,0.5474022,0.56302065,0.58928424,0.58071846,0.5629969,0.55505776,0.59239507,0.5757145,0.5800147,0.5332123,0.52553874,0.5748756,0.57687074,0.5606886,0.5501639,0.5547772,0.57561386,0.5638656,0.55740565,0.58734554,0.5585,0.5551474,0.576709,0.5884961,0.56358194,0.55497164,0.5436725,0.57597417,0.56732833,0.591453,0.5731767,0.547543,0.5633641,0.5603724,0.55731696,0.57644325,0.5652955,0.54626805,0.5732071,0.55605006,0.5545483,0.5643812,0.5779675,0.56157774,0.5878615,0.5522238,0.559133,0.5758562,0.5503355,0.57831645,0.5729656,0.5460088,0.5806034,0.5556886,0.56186634,0.5572879,0.5487547,0.57383585,0.5759441,0.5837424,0.588741,0.54474825,0.5725827,0.56860745,0.5584913,0.5986337,0.5684741,0.5732811,0.57995254,0.55044645,0.5818502,0.571579,0.5814138,0.57393,0.5499529,0.53985584,0.55137104,0.5459514,0.59002995,0.5509475,0.584396,0.5701624,0.55716956,0.54838234,0.5300761,0.5755041,0.5633152,0.5797945,0.57573414,0.5710271,0.5697681,0.55258256,0.58986515,0.5716326,0.5561748,0.5669773,0.5838928,0.5443178,0.5837605,0.5642843,0.56194097,0.58166456,0.58045375,0.54924893,0.5347489,0.55847347,0.5730336,0.5508148,0.5493492,0.56167245,0.56131774,0.5798695,0.54909134,0.5783027,0.58287096,0.5962122,0.56104314
2007,0.99589056,0.003901599,0.59192425,0.5532899,0.5993241,0.565414,0.5783866,0.5806505,0.59426105,0.576586,0.5890438,0.60732937,0.60849404,0.57493347,0.5733003,0.5884779,0.60283315,0.59655523,0.5880198,0.5960223,0.58872837,0.57845193,0.59706825,0.58430064,0.5800619,0.6015109,0.5784589,0.59654933,0.59596235,0.5789747,0.57034063,0.5910683,0.60659343,0.5922624,0.5872244,0.5785859,0.5916875,0.57897675,0.56960136,0.62121445,0.5982149,0.6238105,0.5946315,0.5826352,0.5740756,0.58699626,0.5873631,0.5635569,0.584491,0.57236123,0.56813955,0.6060544,0.5659665,0.5574871,0.5861865,0.5912488,0.57491934,0.6194479,0.59394956,0.62304556,0.57411355,0.5629,0.5539624,0.5964804,0.58411604,0.594387,0.58781946,0.59327173,0.58462167,0.5827332,0.60436285,0.5850943,0.57922125,0.5600744,0.6052667,0.6127173,0.5846303,0.57471645,0.5869199,0.5787061,0.5795228,0.58125633,0.6005407,0.593114,0.5608667,0.55971044,0.5902405,0.62171066,0.5971884,0.5965304,0.55168897,0.5914565,0.5932119,0.60433805,0.58165294,0.5713559,0.5852501,0.6178096,0.5600368,0.5749823,0.55646753,0.5858337,0.5821458,0.5751396,0.6100305,0.5952903,0.5867399,0.58868766,0.57794577,0.60553813,0.58009994,0.59221655,0.5955788,0.58311266,0.5847077,0.58262354,0.5677567,0.5769697,0.5818148,0.5836868,0.6011279,0.5931661,0.56391096,0.57033914,0.5781646,0.5746628,0.5799888,0.5779459,0.58698076,0.60224885,0.57401776,0.6050642,0.5817904,0.57195395,0.6237485,0.5846248,0.5809496,0.5960055,0.585595,0.59952074,0.5908232,0.56261796,0.59163886,0.61149293,0.5791873,0.58928126,0.57375693,0.57822585,0.5792562,0.5853244,0.5875661,0.5934077,0.59999156,0.5992924,0.60110325,0.5729646,0.58358246,0.57853496,0.58610153,0.5441466,0.55002946,0.6099453,0.57735354,0.5771861,0.5714566,0.59179956,0.5790637,0.5742305,0.5727739,0.55486447,0.5560787,0.59830606,0.5735515,0.5721406,0.6204254,0.59429026,0.5892545,0.59922,0.5793973,0.5791982,0.60938966,0.6146604,0.58856654,0.58592343,0.5497398,0.57341605,0.61315644,0.580311,0.5596285,0.56645495,0.57375395,0.585227,0.5915675,0.57349956,0.5800866,0.58968914,0.5865835,0.5821246,0.5643329,0.59265834,0.6245598,0.5988184
2008,0.9950811,0.0050627147,0.4660865,0.44102734,0.46514598,0.43700287,0.47585,0.4648346,0.44986886,0.45632872,0.45824227,0.49211475,0.45221144,0.42864907,0.4590875,0.46612364,0.47657084,0.47154188,0.45668638,0.44877684,0.4820257,0.44597366,0.45558983,0.45277187,0.46711707,0.4577577,0.44569322,0.46368265,0.46333027,0.45355698,0.46739677,0.43763795,0.47131756,0.4338034,0.4633137,0.44219762,0.45671576,0.4476392,0.4625342,0.4551674,0.4530998,0.47832918,0.47615197,0.46969557,0.46997353,0.4555374,0.46420753,0.44738773,0.4787529,0.47544515,0.47200996,0.4727037,0.45103902,0.44247577,0.45386747,0.44026595,0.43923402,0.4486737,0.46382448,0.46213362,0.41607648,0.45621467,0.45385975,0.48092327,0.45598423,0.45179334,0.45442253,0.46549973,0.45568988,0.44965595,0.46766323,0.46064255,0.4533882,0.44670784,0.46297908,0.47450912,0.48377454,0.48230842,0.4684973,0.45551014,0.4752346,0.4590139,0.484245,0.4874696,0.4296594,0.44750327,0.49480924,0.4643879,0.44994935,0.45231876,0.43849933,0.4988775,0.45770875,0.4779162,0.44501638,0.4156615,0.46510375,0.473932,0.45247427,0.42408186,0.4535814,0.4430014,0.482517,0.45627514,0.50202674,0.46015003,0.4291912,0.45571736,0.47827515,0.44100153,0.4636367,0.42448717,0.4568107,0.46521258,0.46733138,0.46170723,0.4318047,0.43925947,0.44755986,0.47129267,0.462972,0.467541,0.45865524,0.4665804,0.4419692,0.43905935,0.46715778,0.43003744,0.4632627,0.47108626,0.44055432,0.46913192,0.48453793,0.43482625,0.45468217,0.46343827,0.4554178,0.4469447,0.4520722,0.47126672,0.47613886,0.4479878,0.48305705,0.45817146,0.5038792,0.4739829,0.45063618,0.47103146,0.46486488,0.48802358,0.45876884,0.45455456,0.4597505,0.46672285,0.45718744,0.45966116,0.46880552,0.45403275,0.46401444,0.43742222,0.43972507,0.46976677,0.43059188,0.472401,0.45440888,0.4676781,0.4585911,0.47047228,0.46245313,0.44420937,0.43388966,0.48013732,0.43651515,0.4602819,0.469835,0.45371073,0.45306712,0.4487585,0.46536863,0.46022117,0.46889296,0.4512615,0.46675628,0.49016622,0.43731636,0.44482845,0.47963226,0.4752754,0.4382926,0.45214924,0.43088773,0.46123877,0.47442818,0.45831433,0.4637818,0.46029612,0.4588445,0.45580745,0.45124045,0.47408557,0.48279247,0.46269608
2009,0.9959245,0.004240264,0.6128396,0.5898931,0.6077868,0.5707643,0.5698488,0.5703941,0.59439856,0.58279634,0.5848971,0.58867395,0.5931708,0.5695888,0.58598703,0.6044289,0.60105103,0.6165664,0.59426844,0.5909964,0.57462007,0.5881898,0.5734571,0.57107747,0.5825535,0.5837346,0.57033443,0.60667133,0.60327476,0.58931834,0.593789,0.5964163,0.6121391,0.5979492,0.5820832,0.62443256,0.5886126,0.5891985,0.60047597,0.6184557,0.57744807,0.6149118,0.58179414,0.5910378,0.58681065,0.585827,0.5839037,0.57223153,0.5779831,0.5906186,0.5912769,0.57822514,0.609924,0.58467287,0.58956903,0.5885622,0.59278184,0.57837814,0.59390175,0.5947075,0.5912275,0.56389517,0.57632655,0.5968979,0.6070721,0.5903879,0.6042028,0.56377244,0.59421945,0.59338254,0.61308104,0.59308225,0.62055755,0.5785798,0.6201861,0.60393727,0.6020663,0.5764175,0.6072403,0.5662621,0.6078715,0.60069495,0.6140404,0.6152899,0.58920246,0.57388854,0.5776616,0.60460585,0.6112853,0.63123715,0.5524752,0.6188175,0.59719384,0.60178626,0.58993894,0.57491153,0.58054924,0.6141782,0.55764157,0.5783509,0.5810841,0.567996,0.579382,0.59296656,0.5956226,0.58755434,0.5776399,0.57468414,0.5841253,0.6001364,0.5917582,0.5835994,0.59818023,0.5796783,0.6139104,0.5976906,0.57270765,0.5631706,0.5620989,0.5928267,0.59012437,0.59213567,0.5788022,0.6037763,0.5846987,0.5718293,0.60228056,0.59771425,0.59106654,0.58011556,0.54740417,0.6035738,0.58426285,0.57115096,0.5957531,0.58652323,0.5816595,0.58354264,0.57469594,0.609367,0.5739253,0.5732745,0.6091385,0.60702115,0.60501415,0.60841256,0.5959432,0.5949699,0.5887196,0.61494577,0.6048716,0.60071874,0.590348,0.593913,0.56533897,0.5809861,0.58819664,0.57825875,0.5960811,0.5564992,0.57617426,0.59752816,0.59393924,0.60494524,0.61172414,0.5927108,0.61343116,0.57564574,0.56980854,0.5725831,0.5793187,0.58376867,0.572302,0.56966364,0.5995413,0.57773155,0.57993984,0.5775776,0.5948001,0.58616406,0.5864202,0.6063698,0.60444957,0.60959655,0.56202835,0.57874376,0.59099376,0.60375404,0.5654204,0.6005441,0.58732665,0.5986473,0.5892317,0.5925385,0.593803,0.598249,0.5789314,0.5774266,0.5950087,0.5893274,0.61163485,0.6038062
2010,0.9958189,0.0044521987,0.6797312,0.66016775,0.6722411,0.6726265,0.67928076,0.6723292,0.67320776,0.66815764,0.65899813,0.6642636,0.674436,0.6633834,0.6479339,0.69093215,0.69393045,0.69208026,0.67545223,0.66413516,0.68029946,0.64470565,0.6711351,0.68000424,0.67618054,0.6703327,0.67977375,0.680597,0.66176426,0.64047813,0.6872724,0.67605287,0.6834128,0.65889186,0.6783054,0.6767423,0.67900074,0.67263794,0.66758454,0.69469404,0.66651934,0.67196554,0.68619365,0.68025935,0.6696304,0.6912632,0.66814655,0.6624881,0.66639555,0.6752541,0.6799358,0.691374,0.6863276,0.662335,0.6909966,0.6918488,0.6567832,0.65165794,0.69140726,0.6816163,0.6517639,0.6563029,0.7008905,0.67839175,0.6599539,0.66382515,0.6589294,0.6475566,0.66742665,0.67981786,0.67498255,0.6574997,0.66683847,0.664025,0.67494565,0.69183064,0.6942512,0.67430246,0.6740688,0.65211004,0.66898924,0.68362826,0.6786116,0.70400804,0.6792259,0.6533009,0.68236166,0.69678843,0.67560923,0.67843544,0.649538,0.69046825,0.6722095,0.6960445,0.65675455,0.63620126,0.67802083,0.6899146,0.6780161,0.6602177,0.6805124,0.65618956,0.68926316,0.6636937,0.6840548,0.650749,0.691912,0.66263276,0.68170387,0.67080027,0.67669743,0.65661234,0.6890999,0.6607404,0.6668278,0.6801975,0.66292894,0.6617315,0.69711876,0.6670908,0.7021459,0.6671419,0.65950197,0.6850592,0.6842921,0.6621728,0.66177684,0.66759205,0.65494365,0.6943313,0.652559,0.7058562,0.6852117,0.6734883,0.68987966,0.6898214,0.6516285,0.67682135,0.6862722,0.6569959,0.6757715,0.67361444,0.6953574,0.67456865,0.67575157,0.67439306,0.68269867,0.69136083,0.6807145,0.683013,0.70956486,0.6659467,0.6913608,0.7011662,0.66385716,0.66386586,0.6744523,0.6817858,0.689295,0.6368065,0.6519798,0.69514203,0.6803106,0.66839564,0.66291296,0.6819724,0.67854327,0.6515212,0.6667193,0.6583196,0.65604234,0.6665933,0.632891,0.68650335,0.7014635,0.6709719,0.64855546,0.68003625,0.67966884,0.6806152,0.6679374,0.6905593,0.6901667,0.6648717,0.670999,0.64682955,0.6902538,0.6766344,0.66914153,0.66756254,0.66800654,0.67171144,0.6651315,0.6609574,0.64836776,0.67809236,0.675707,0.63783664,0.69438267,0.67749083,0.705799,0.6848993
2011,0.99664646,0.0036077157,0.54640424,0.529317,0.5438561,0.51148945,0.5282532,0.55584097,0.5368282,0.5134683,0.5118389,0.5249256,0.53917885,0.54200214,0.5257071,0.5385426,0.53870785,0.56160086,0.54264563,0.51940536,0.53287107,0.54061115,0.50797445,0.51411855,0.52179486,0.5427591,0.52200526,0.5566383,0.5215229,0.51512194,0.558196,0.51722676,0.54794747,0.5147914,0.54296476,0.50757456,0.52649915,0.5574157,0.51553863,0.53907955,0.5093031,0.54697233,0.53703743,0.54669744,0.513688,0.5518422,0.54580975,0.5106563,0.53646713,0.5342777,0.5306944,0.53309625,0.54762316,0.51491195,0.52490425,0.5275535,0.5412463,0.5385405,0.526779,0.5419511,0.4913649,0.5089916,0.5346646,0.5417199,0.52261573,0.5446087,0.547841,0.5168882,0.5304369,0.5586951,0.56024766,0.5384173,0.5426976,0.5326961,0.5310182,0.5397886,0.55333984,0.5120133,0.5390421,0.51987857,0.5274757,0.5593966,0.539009,0.5323593,0.54865193,0.52854985,0.5380873,0.54666805,0.5268448,0.5414898,0.53086567,0.5394095,0.51914424,0.5617892,0.52232444,0.50946254,0.5183679,0.56242436,0.52364594,0.5492731,0.52130294,0.5063247,0.54578125,0.5233989,0.54557735,0.526473,0.5323808,0.5636483,0.5323835,0.5096855,0.539247,0.5263808,0.54258025,0.51193804,0.53349084,0.54262614,0.5291905,0.50313175,0.52403945,0.5329913,0.5203818,0.5328108,0.51274896,0.5366166,0.52745706,0.52055687,0.5108558,0.53526676,0.5400953,0.5654131,0.5434457,0.5231942,0.52552575,0.5431361,0.55198187,0.5204645,0.52297586,0.5428454,0.5384045,0.5131832,0.5332057,0.51724756,0.5483695,0.5293335,0.5541921,0.5749404,0.5159235,0.5414968,0.53829294,0.5403004,0.5453702,0.5438797,0.5559408,0.5368993,0.5474913,0.49923807,0.5330348,0.5422685,0.52849686,0.50585127,0.49850282,0.5312786,0.5189838,0.5273456,0.53960305,0.563002,0.5535766,0.51354843,0.53314966,0.5053035,0.5280583,0.53514916,0.51483536,0.5215841,0.54020447,0.532377,0.51389074,0.5267916,0.5446513,0.53606117,0.5363793,0.5324686,0.5297985,0.56001043,0.5220805,0.53541464,0.5522649,0.5339769,0.503613,0.5460876,0.5142578,0.5486867,0.5112407,0.52550304,0.5402055,0.5423776,0.5432381,0.5076492,0.52043545,0.53778714,0.5513455,0.5340655
2012,0.99532497,0.0048466,0.55710024,0.5540698,0.56754196,0.5671057,0.55796134,0.53571963,0.58615035,0.56261116,0.56446785,0.5935174,0.5885519,0.5726349,0.5623971,0.5551351,0.5648025,0.5831333,0.5879753,0.5731701,0.585878,0.5759958,0.5719869,0.5761627,0.560139,0.5742238,0.5719161,0.54061526,0.5822461,0.57523984,0.5724378,0.5899361,0.5866138,0.5761437,0.56399727,0.5692638,0.5678984,0.57308865,0.560184,0.61150706,0.5529509,0.5883349,0.55134946,0.5622593,0.6018118,0.5885432,0.58132863,0.5463067,0.5495314,0.5792353,0.5554774,0.58736527,0.5887015,0.5584076,0.5613293,0.5645077,0.5655602,0.56240416,0.5587881,0.5668175,0.55097085,0.55028105,0.5710422,0.5737731,0.5802365,0.57135564,0.5712839,0.56493306,0.5754834,0.5758406,0.5791859,0.5856945,0.5662768,0.5499685,0.57578725,0.62313014,0.5673391,0.5499385,0.54779816,0.5709331,0.5796055,0.58272254,0.60061,0.5833396,0.5731726,0.5553743,0.570115,0.59332263,0.6043194,0.57561976,0.53203064,0.6043762,0.56339353,0.58983105,0.57044876,0.5746406,0.5695094,0.5876875,0.56446177,0.56070024,0.5489504,0.5453555,0.5812704,0.58886105,0.5989053,0.5697721,0.58878154,0.5781779,0.58999497,0.5732375,0.56261355,0.5769194,0.59028447,0.57330483,0.5644876,0.5702803,0.53412926,0.57081944,0.55798,0.57690334,0.5803146,0.56655407,0.5703597,0.5947214,0.6112348,0.5582302,0.5786719,0.5812194,0.5775909,0.5824221,0.53477,0.5916046,0.56133294,0.5451729,0.5847496,0.582124,0.57270443,0.55837584,0.5691315,0.5418593,0.5641851,0.57384366,0.5661168,0.5763518,0.5663629,0.58167225,0.570355,0.58916324,0.5573373,0.5800029,0.5753406,0.5795172,0.5859433,0.56583494,0.57753056,0.56264174,0.5635268,0.59109306,0.57924527,0.54999757,0.5532464,0.5711728,0.55539256,0.582217,0.5778618,0.5679601,0.5542909,0.5606454,0.55865294,0.539034,0.5691455,0.58203304,0.5723568,0.58150905,0.57800657,0.5909996,0.5519002,0.5703283,0.57701576,0.5575778,0.57893646,0.57085466,0.5758889,0.6036187,0.56851566,0.5751057,0.5866304,0.54738146,0.5531344,0.5655544,0.58117783,0.57341933,0.5783532,0.5624647,0.56122816,0.5853526,0.5519138,0.5508768,0.5511397,0.5938021,0.5881884,0.580159
2013,0.99552506,0.004816314,0.6099134,0.6086357,0.6282018,0.60485244,0.6100743,0.6322449,0.6237827,0.57608736,0.58529186,0.61313087,0.64143604,0.6006041,0.6411343,0.6143412,0.6163079,0.65727377,0.63036424,0.60929585,0.62163794,0.6040667,0.61909604,0.6103352,0.6426308,0.613457,0.6162118,0.5948133,0.6147975,0.63313895,0.62472945,0.6114251,0.6504341,0.60187155,0.63868386,0.60224444,0.6120331,0.6372,0.61394566,0.65948576,0.59870887,0.6210721,0.63693404,0.6392204,0.6306525,0.62962234,0.61397505,0.59694797,0.6042632,0.6244853,0.61506015,0.6208233,0.6227487,0.5883477,0.5969021,0.6158923,0.6146259,0.6129533,0.6223999,0.5990718,0.57961494,0.6219373,0.5960315,0.5975091,0.60945535,0.6068869,0.64207566,0.6148048,0.59785956,0.6123233,0.6531257,0.62879926,0.6463006,0.6034898,0.6041768,0.6425495,0.6368833,0.5924525,0.63238055,0.5935541,0.6464468,0.60763454,0.63884825,0.63201594,0.61579716,0.6131596,0.6169551,0.64764476,0.627777,0.63465935,0.58419627,0.62211394,0.6160662,0.6778715,0.6071945,0.6141209,0.6074445,0.62384844,0.6366563,0.603434,0.5976894,0.59456813,0.611535,0.60399014,0.6245121,0.6332472,0.6155191,0.6012096,0.6235732,0.5991972,0.6189081,0.6060562,0.639389,0.6165363,0.62906915,0.63128734,0.6126995,0.6047554,0.62637275,0.6449128,0.61746913,0.6049225,0.5986602,0.6275476,0.6003657,0.59771335,0.61436415,0.61769104,0.6170433,0.6305453,0.6342489,0.65856165,0.64307195,0.6309972,0.64153326,0.63448346,0.61080176,0.60603905,0.6270769,0.63222146,0.6129322,0.61215216,0.6420821,0.6085582,0.6194049,0.6534989,0.63085884,0.6174772,0.6091579,0.6281827,0.6430928,0.6126222,0.60637474,0.63761514,0.62369037,0.5933057,0.5991079,0.6249897,0.61282337,0.5863337,0.6122907,0.6116105,0.595599,0.6532822,0.6112256,0.63756824,0.6266792,0.60547566,0.6080607,0.6045626,0.593649,0.62568516,0.62382495,0.6277623,0.6296045,0.647512,0.59860724,0.5966997,0.6163866,0.6120447,0.6337587,0.59824187,0.6322177,0.6443805,0.634774,0.61019564,0.62250996,0.6368811,0.6008503,0.6300534,0.5889856,0.6411354,0.59890354,0.6206935,0.60360926,0.6305533,0.6222757,0.60510665,0.6028173,0.6193664,0.6461451,0.59641415
2014,0.995883,0.00398863,0.6850457,0.68194884,0.6563118,0.6401664,0.6793791,0.6616658,0.6796646,0.64069074,0.6773339,0.6854444,0.6656762,0.6427974,0.6847228,0.68318665,0.67809147,0.6889304,0.6538832,0.6560723,0.6780503,0.6709476,0.67243445,0.65594125,0.6480853,0.66589844,0.6797462,0.6745291,0.6836073,0.68556064,0.6872233,0.68974876,0.6904284,0.67137766,0.6689877,0.6407554,0.63108087,0.6953355,0.6572515,0.6810561,0.6662674,0.66528875,0.66164225,0.66739374,0.67239183,0.6853673,0.6570378,0.66387254,0.6492101,0.65573883,0.6683407,0.68122673,0.67519456,0.64804286,0.6473766,0.6612671,0.68672645,0.6631682,0.7154218,0.65776515,0.6578675,0.67325073,0.6828883,0.6840398,0.65414697,0.64547634,0.6774667,0.661143,0.6508241,0.6664274,0.67577547,0.6828164,0.64633673,0.6504129,0.634555,0.7214267,0.6883876,0.6457497,0.66552234,0.6568791,0.6868955,0.64547014,0.6885781,0.6899499,0.65584177,0.66063905,0.6930911,0.6551622,0.6692264,0.67007273,0.6565877,0.6843715,0.6610636,0.67365366,0.68139774,0.6357355,0.66245234,0.6918568,0.6632515,0.65485764,0.6562337,0.6697657,0.68540144,0.668102,0.6678707,0.6833201,0.6911051,0.64242524,0.67752993,0.65274227,0.6364149,0.6678031,0.6835451,0.6554013,0.6545107,0.6475521,0.6501654,0.68512565,0.6395733,0.6706828,0.6729348,0.6604318,0.62840813,0.67593735,0.67436093,0.66130716,0.65403473,0.6926035,0.6766945,0.6844671,0.6685397,0.64825135,0.67329866,0.64136696,0.6676142,0.6685495,0.6664138,0.6600118,0.67864794,0.683243,0.6763415,0.6465669,0.6926293,0.6561549,0.67031145,0.6735938,0.67987096,0.6829567,0.66290283,0.6942282,0.699429,0.6783979,0.6810631,0.68698066,0.68443525,0.65351826,0.66543245,0.6569762,0.65021193,0.6407695,0.6443088,0.6482734,0.6713852,0.6662148,0.6519073,0.6824272,0.6830736,0.67775524,0.65843457,0.66230243,0.6652971,0.6837424,0.6594833,0.68516827,0.66989815,0.6786106,0.65961236,0.644236,0.6719667,0.6803186,0.67175645,0.6639321,0.66670656,0.68757576,0.67165905,0.644854,0.66777635,0.66643417,0.65970725,0.66603965,0.67986697,0.680015,0.67723423,0.68567616,0.6605717,0.6747352,0.6456628,0.65403956,0.637002,0.6720192,0.6594534,0.6601798
2015,0.99621683,0.0040561813,0.8354317,0.83336043,0.83692664,0.7864916,0.8258661,0.8043481,0.8204848,0.8153148,0.80242616,0.810596,0.82695085,0.7941756,0.8113266,0.8312453,0.826876,0.8276293,0.8378482,0.8052329,0.8501175,0.80376226,0.8226947,0.83200365,0.7850423,0.83198893,0.8166715,0.7939732,0.79882556,0.8336176,0.8644627,0.847078,0.81236947,0.820112,0.8282344,0.8243552,0.80908716,0.811647,0.8167816,0.8333135,0.8209287,0.79985726,0.8391817,0.8172379,0.8269092,0.82399243,0.8333204,0.8131854,0.79437906,0.81199574,0.80312645,0.85053927,0.82491,0.78404224,0.8105457,0.8121487,0.8098295,0.81607544,0.81537783,0.82786477,0.7895613,0.8209947,0.81201047,0.83590114,0.8246887,0.80539757,0.8254027,0.79301894,0.8213491,0.81068695,0.8419182,0.805529,0.82100827,0.79712796,0.820965,0.82103956,0.84715694,0.8075446,0.82344663,0.7883516,0.8459282,0.8018062,0.83029413,0.8358111,0.8076317,0.7820715,0.81876516,0.8332878,0.8264915,0.8461128,0.776951,0.84984475,0.80336744,0.8390509,0.8235417,0.7749919,0.8459837,0.8420405,0.8055801,0.81275314,0.8113988,0.8143225,0.83573985,0.8022635,0.8253795,0.8080361,0.82468194,0.8331283,0.778634,0.80918914,0.8301251,0.78910476,0.8291104,0.8166001,0.8220967,0.80808455,0.7896214,0.810966,0.8223083,0.8387123,0.8079475,0.82753074,0.8036682,0.81752753,0.82164377,0.8014439,0.823612,0.80375487,0.8053626,0.8157858,0.78471565,0.8553003,0.81898445,0.8152158,0.80852056,0.82331425,0.79608196,0.82801026,0.8082378,0.8285653,0.8022821,0.8224025,0.823103,0.8080277,0.8187301,0.8254137,0.8192989,0.8487465,0.8379883,0.84054494,0.830997,0.8307232,0.85057354,0.8561883,0.8209934,0.8292144,0.78849554,0.8074221,0.82138306,0.7840166,0.81037927,0.8216397,0.8071052,0.8184127,0.80836254,0.839236,0.8112885,0.8100884,0.8196027,0.81346095,0.8108813,0.82221174,0.80461127,0.82734466,0.80865866,0.810519,0.8068295,0.81282026,0.80750585,0.83807886,0.8087476,0.8207518,0.8201537,0.81806123,0.80154294,0.82141596,0.8146969,0.83366233,0.7911832,0.8130341,0.79813886,0.8440784,0.8175345,0.82352966,0.79991627,0.8259527,0.82681453,0.8060449,0.829179,0.8481008,0.82786083,0.80986255
2016,0.9962593,0.0036729546,0.9428516,0.90997994,0.9388064,0.91383666,0.9323834,0.9213732,0.92088884,0.91975737,0.8945888,0.9274785,0.9281374,0.9008301,0.9375576,0.9250009,0.9507166,0.93831897,0.93877685,0.9303259,0.9596107,0.9130707,0.9227111,0.9303456,0.9234643,0.9238015,0.92617357,0.9292768,0.91463345,0.94889003,0.95545375,0.9329146,0.92399836,0.92952734,0.92443365,0.8868243,0.91896015,0.9297004,0.92878646,0.9445487,0.9031439,0.9305105,0.9423798,0.91327924,0.9283043,0.93183535,0.93053156,0.89598924,0.9652763,0.9335773,0.9259898,0.9227486,0.92862064,0.8955668,0.9080733,0.9390397,0.9023444,0.90720695,0.9408772,0.943955,0.9165489,0.9114312,0.92536044,0.94557625,0.91351855,0.9329426,0.9421238,0.88280004,0.92794716,0.9306914,0.9190371,0.9157959,0.9310299,0.9182806,0.9376097,0.92817885,0.9435563,0.9251833,0.933906,0.91432804,0.92884433,0.91853535,0.96007586,0.925007,0.9317776,0.91093403,0.9383033,0.9396142,0.93072754,0.9446689,0.9004483,0.94564116,0.93221724,0.91843915,0.93327504,0.91892016,0.89802575,0.9382861,0.9148833,0.9285657,0.9045686,0.9137618,0.9228961,0.9175787,0.93163526,0.9201391,0.9430762,0.9137682,0.91618145,0.9244654,0.9060638,0.908576,0.93869746,0.93111694,0.91587335,0.9233115,0.9158193,0.9378978,0.89810616,0.9383671,0.91807,0.92659193,0.88433224,0.9213538,0.9121962,0.91195387,0.90848845,0.94687074,0.9300245,0.9363458,0.91508204,0.9382532,0.9234723,0.9218543,0.94131595,0.95042604,0.9224921,0.9272976,0.9177558,0.92499876,0.91916305,0.93035805,0.9295185,0.92716265,0.9271583,0.9198885,0.9256534,0.9253494,0.9332624,0.94645494,0.91902745,0.9319954,0.9323908,0.9437699,0.9342002,0.9200493,0.8926594,0.93326485,0.8941375,0.8828532,0.9079427,0.91434836,0.9151143,0.94101626,0.9467269,0.9357973,0.9347584,0.89958364,0.9059713,0.91359216,0.9126167,0.9111082,0.90665203,0.9019648,0.94452626,0.9356395,0.9139703,0.90042585,0.93676573,0.9408003,0.93502927,0.9133368,0.94803727,0.93737054,0.92599916,0.91782814,0.9071427,0.94717675,0.8854386,0.9144079,0.9140525,0.9468513,0.91308767,0.9384556,0.9167325,0.9247484,0.91455036,0.9230705,0.94088095,0.95694786,0.9487531,0.9242118
2017,0.99639,0.0040277084,0.8466925,0.8626582,0.86143154,0.80230916,0.83680856,0.8454425,0.8439127,0.81874233,0.8187003,0.85082644,0.8138742,0.8046545,0.8285922,0.8332737,0.8393377,0.86285037,0.85953456,0.84402597,0.8544831,0.8164732,0.84731597,0.8352308,0.80048627,0.8346186,0.83948714,0.845384,0.8482461,0.82271487,0.8520584,0.83391464,0.86463594,0.8580361,0.831744,0.82816035,0.82432806,0.8329696,0.83464116,0.8594076,0.81391,0.83785033,0.8601922,0.82020956,0.83943945,0.83693963,0.8384168,0.82583565,0.82855606,0.79343134,0.8380528,0.8442937,0.8296734,0.80692697,0.81109995,0.852419,0.81994975,0.8298742,0.84908086,0.8340829,0.8041992,0.79804444,0.8194495,0.8609951,0.84162146,0.8315132,0.8374809,0.8210845,0.8311145,0.8404643,0.8657672,0.83591294,0.84349096,0.8229699,0.8489699,0.86769307,0.8261196,0.8340067,0.83423984,0.8064522,0.8481925,0.84129447,0.8434574,0.83226043,0.84383655,0.8212886,0.86086637,0.8539844,0.8673918,0.85986507,0.8175356,0.8679645,0.81235504,0.8403857,0.85728425,0.8115886,0.84408146,0.8501765,0.8426946,0.8435319,0.8273224,0.8385066,0.8359708,0.8324443,0.85526705,0.82693905,0.8373514,0.83922213,0.82607424,0.83204085,0.8319148,0.8294744,0.82609886,0.83539176,0.8390618,0.82076114,0.8307422,0.81967807,0.8311034,0.8582543,0.8421727,0.8348645,0.8043373,0.8324654,0.85025406,0.80681264,0.81373274,0.848814,0.8487726,0.8392053,0.8349321,0.85540235,0.8450676,0.8586805,0.8390998,0.84329474,0.8180065,0.8533072,0.8409081,0.86382616,0.8518046,0.8514503,0.8485348,0.82266134,0.82922786,0.8471058,0.8420072,0.8506023,0.8233075,0.8421269,0.83612365,0.8456551,0.8341049,0.8570445,0.85805064,0.81897306,0.83522433,0.85928977,0.8209449,0.8081644,0.81909156,0.8445332,0.82712984,0.8423351,0.8473573,0.8408436,0.85902864,0.8353561,0.81871957,0.8100513,0.82661355,0.82731175,0.83354056,0.82316273,0.845622,0.8276419,0.81680995,0.8222907,0.8567844,0.85456234,0.8493424,0.85147154,0.85400057,0.874564,0.8331133,0.8198953,0.8325425,0.8463011,0.8287795,0.81796944,0.8276846,0.8280631,0.8248155,0.84993005,0.82663447,0.8327387,0.82305247,0.84258777,0.82449114,0.84086055,0.8471929,0.826691
2018,0.9961291,0.0042715715,0.74131346,0.75823,0.7557246,0.7400188,0.75256497,0.7483497,0.7633697,0.7440703,0.71848077,0.77358276,0.7478311,0.7228014,0.734855,0.75762045,0.75326335,0.7507682,0.753328,0.76131076,0.77977276,0.74668723,0.7498287,0.75484943,0.74731946,0.7633003,0.74171346,0.75653845,0.7418733,0.7519335,0.761803,0.75100654,0.7707917,0.74158627,0.7578704,0.73334825,0.74566334,0.74640393,0.7608442,0.7617736,0.7261742,0.7438971,0.7520171,0.7629459,0.75381637,0.75934374,0.7632757,0.75450677,0.7723638,0.7461717,0.7655402,0.77924323,0.76807773,0.7550956,0.75607777,0.7674772,0.75366896,0.7545561,0.7524392,0.76593935,0.74824476,0.7632064,0.7402997,0.7771037,0.760904,0.7666245,0.74023175,0.73740757,0.74805355,0.74664253,0.75324917,0.7279992,0.7534316,0.7432473,0.7694678,0.75089824,0.7754139,0.7260003,0.7839143,0.7350422,0.76003253,0.75706935,0.77064246,0.76354814,0.72477376,0.72490174,0.75884795,0.7727986,0.7892067,0.76458716,0.72719646,0.7778272,0.7578639,0.77948517,0.7446941,0.74057055,0.7448224,0.79386044,0.7524044,0.75446564,0.72425944,0.7664788,0.75139916,0.7454574,0.77768564,0.7570506,0.7391146,0.7540545,0.7626115,0.7708725,0.7497569,0.73941344,0.75637275,0.75039184,0.7402602,0.74607384,0.723263,0.7481222,0.7420322,0.77069354,0.74916196,0.7500704,0.73261416,0.7884872,0.754187,0.7423253,0.7115919,0.75391644,0.7631018,0.7618893,0.73645806,0.755661,0.7751592,0.750582,0.7482205,0.7542028,0.76020664,0.75741106,0.7467974,0.75259054,0.74959993,0.75740534,0.7536748,0.7524056,0.74249345,0.7532544,0.73793006,0.7936397,0.7689481,0.7574033,0.7697578,0.76124954,0.77047426,0.76901174,0.7669579,0.7506104,0.7587329,0.7601901,0.70874476,0.7243741,0.7338127,0.73606044,0.7530365,0.77769923,0.75256,0.7645089,0.76744133,0.760828,0.73940384,0.7182994,0.75318366,0.74634534,0.73444414,0.7252234,0.74946576,0.76078826,0.75153965,0.72166663,0.7713787,0.7489445,0.7411632,0.7492685,0.7644763,0.78217524,0.7634376,0.7279468,0.7504982,0.76447034,0.7250189,0.7523742,0.7506332,0.7775843,0.73867416,0.753338,0.73933077,0.7513969,0.75524276,0.7502527,0.7490805,0.77833205,0.7794075,0.7601206
2019,0.99577504,0.0039796215,0.883093,0.8924495,0.88715744,0.8814093,0.90043056,0.8843352,0.90985835,0.8787784,0.8641348,0.9199578,0.8786347,0.8543157,0.8830391,0.88574284,0.91207933,0.87762415,0.8964391,0.8901784,0.9029915,0.87030405,0.8802357,0.88885945,0.89856416,0.89882815,0.89216214,0.86240774,0.8716891,0.867391,0.897019,0.9146704,0.9108614,0.8809484,0.89932454,0.8886625,0.9062754,0.86346525,0.86928326,0.90137,0.879143,0.8967204,0.88318056,0.9039872,0.8877572,0.9147031,0.9108979,0.8708304,0.9004736,0.8651107,0.8789609,0.889766,0.8994361,0.8827831,0.90640455,0.8746293,0.8869411,0.89847016,0.89816,0.89178413,0.86990154,0.8604413,0.8712055,0.87422705,0.8879295,0.87973166,0.856613,0.8713067,0.8770501,0.88033724,0.9070017,0.9060563,0.9007578,0.8463293,0.892557,0.9052771,0.92950577,0.88009626,0.8740557,0.8693748,0.89561236,0.8766993,0.89901,0.9049857,0.8864699,0.8691531,0.8983276,0.88258654,0.88192284,0.90436804,0.8679186,0.9036795,0.8980625,0.9195569,0.8808556,0.85274297,0.899871,0.9213032,0.8685666,0.88530505,0.8725988,0.88331556,0.8773172,0.8997029,0.9088983,0.8925404,0.8819392,0.9033192,0.88477635,0.8743978,0.90161157,0.8756414,0.86882997,0.8930748,0.88601196,0.8748272,0.87050986,0.8561096,0.8826814,0.89416325,0.90500164,0.889733,0.8662281,0.89533514,0.8901657,0.897309,0.8446413,0.9071345,0.8885307,0.90686184,0.86401355,0.92062205,0.9006649,0.8981942,0.9049816,0.89235777,0.8703059,0.8735693,0.8848509,0.9041374,0.91127336,0.8899484,0.9151293,0.89470047,0.8728942,0.9042272,0.883782,0.8923233,0.9115953,0.8935233,0.91973,0.8902464,0.8929496,0.89893186,0.89815557,0.8666556,0.88865095,0.8973962,0.8998955,0.85601246,0.85909337,0.88411456,0.88704103,0.8947691,0.87996584,0.8769915,0.9009246,0.88026327,0.87793857,0.85942894,0.88317215,0.86841744,0.8741058,0.8917155,0.88939935,0.89137125,0.88303584,0.8554088,0.89227706,0.8861659,0.9014925,0.906034,0.8917344,0.89747316,0.88384664,0.8753671,0.8854016,0.9036597,0.8557884,0.84944797,0.88627887,0.901021,0.8720919,0.9123204,0.87251395,0.911008,0.87402356,0.8751937,0.85991365,0.8804906,0.911689,0.87946695
2020,0.99514914,0.0046983766,0.9045092,0.92324805,0.9316697,0.89352417,0.9241237,0.91531926,0.9403385,0.8935232,0.8901272,0.9413702,0.91801614,0.8993767,0.9116175,0.90645087,0.9407321,0.9560429,0.9672575,0.93451685,0.93956923,0.8992316,0.9387797,0.92340684,0.89574504,0.94425434,0.91951627,0.93389046,0.9287084,0.9119998,0.9271632,0.9188602,0.91459143,0.90085703,0.9191891,0.9087642,0.9168161,0.9250704,0.89244187,0.9156007,0.91402525,0.91324455,0.94119686,0.920216,0.92824656,0.907338,0.95043343,0.9279765,0.90163416,0.9227143,0.91855735,0.9217952,0.914799,0.8723732,0.92529386,0.92373514,0.9243686,0.89589053,0.933883,0.90146375,0.87493753,0.91193223,0.89826715,0.9055497,0.9043133,0.9198464,0.9040371,0.8936188,0.9263872,0.90712637,0.93805593,0.9545031,0.92005974,0.9281647,0.900055,0.93926054,0.9283667,0.89138794,0.93012625,0.9128549,0.93281484,0.8925603,0.9413303,0.9176655,0.899391,0.926855,0.9321311,0.90787584,0.9390922,0.9132826,0.91223025,0.9234707,0.9184207,0.9371927,0.91656494,0.88348264,0.9354769,0.9334671,0.9144829,0.9459559,0.89371413,0.9135295,0.9191355,0.89624,0.92007303,0.91857445,0.91516423,0.9119157,0.9014419,0.89084965,0.9188613,0.9032425,0.93112326,0.9272023,0.9162035,0.90686387,0.89802617,0.90185046,0.9148927,0.89185154,0.9334684,0.93023986,0.9086382,0.9294013,0.9159383,0.9234202,0.9070723,0.8947312,0.9303312,0.9176189,0.8932097,0.9166389,0.9098581,0.91823924,0.92388517,0.9125821,0.8898991,0.8971968,0.8874781,0.93016875,0.9152217,0.9031356,0.9189469,0.9234406,0.93573886,0.90830904,0.9159551,0.9105088,0.92214876,0.93344325,0.94495696,0.9080508,0.91546553,0.9143917,0.9353944,0.9049597,0.89637053,0.9418259,0.91077787,0.902757,0.8896567,0.91273594,0.9082012,0.9158225,0.93202764,0.8993162,0.9354981,0.8943368,0.91445947,0.93230385,0.9113822,0.89654016,0.93566686,0.9108486,0.9168834,0.90923244,0.8849929,0.9132662,0.9094625,0.9269061,0.9335322,0.9251528,0.95085275,0.9477744,0.91356146,0.915818,0.93016696,0.9293348,0.86924976,0.8863879,0.90096724,0.94426894,0.89555466,0.8873765,0.90082204,0.91618484,0.9164753,0.91337705,0.9077284,0.9141928,0.9203312,0.91954774
2021,0.9957193,0.0044959956,0.7529657,0.7911532,0.77603674,0.7552601,0.79766876,0.7508164,0.7586796,0.7485822,0.7425454,0.78797376,0.7736258,0.7473432,0.7577955,0.7899799,0.7408404,0.76500154,0.78405416,0.77001035,0.81798434,0.7486207,0.7562117,0.7871912,0.7493455,0.7651175,0.75456303,0.7774495,0.772133,0.790859,0.7617685,0.77818745,0.79235876,0.78921926,0.77252036,0.7348012,0.7533336,0.7866994,0.76623005,0.7795094,0.7566895,0.78103673,0.79494053,0.7852848,0.76391876,0.75089973,0.78558075,0.77457994,0.7705889,0.7712656,0.7810451,0.75779516,0.76847935,0.75290495,0.7806238,0.7724379,0.7412356,0.74244326,0.79205656,0.75226825,0.7520237,0.74808323,0.7717793,0.7478433,0.78298193,0.75715965,0.7662461,0.75898546,0.77429426,0.7641436,0.7974839,0.7466281,0.7772862,0.7776851,0.78464246,0.79234827,0.79868543,0.7709826,0.7637843,0.76471984,0.7759108,0.76948106,0.7930669,0.78729916,0.75037414,0.7320991,0.7625078,0.7645138,0.78439015,0.7844136,0.7682445,0.7768887,0.77723664,0.78223217,0.7852599,0.7267525,0.7515124,0.7735708,0.76515263,0.76753736,0.74746794,0.7751042,0.7715263,0.7426287,0.7767687,0.7573291,0.76332414,0.7856051,0.78627366,0.7443476,0.7524488,0.7269234,0.77194905,0.78398997,0.783101,0.7468983,0.74398285,0.75062954,0.7729786,0.7732724,0.76531607,0.7772894,0.7557601,0.7704882,0.7757438,0.76442665,0.76468515,0.77218497,0.7768743,0.7724128,0.7492735,0.7589483,0.7878859,0.7872763,0.79526746,0.7605307,0.7384583,0.7374249,0.7741396,0.7720868,0.78082806,0.7230624,0.78062856,0.7479225,0.7800177,0.75700927,0.7620728,0.7798306,0.79556286,0.7425312,0.7717264,0.77390397,0.7874846,0.771482,0.76594496,0.75352776,0.76207036,0.75606245,0.7297813,0.7358348,0.7533177,0.7641334,0.7401126,0.7469474,0.77868694,0.7741607,0.7908525,0.72975665,0.760478,0.76142204,0.76987594,0.7739599,0.7593128,0.77440816,0.77763486,0.7790929,0.7766959,0.7595645,0.7816743,0.7898322,0.7799095,0.7777425,0.7857145,0.7859793,0.76677233,0.7628562,0.7967753,0.7666482,0.7295015,0.73650664,0.75531346,0.7594964,0.73575485,0.7737835,0.77646565,0.7695243,0.7612412,0.7533677,0.7813643,0.79120946,0.7743898,0.75325596
2022,0.995462,0.004610367,0.7694454,0.7894848,0.81819993,0.79453254,0.8332815,0.80305254,0.79647595,0.78318715,0.7731923,0.7797181,0.8076789,0.7395396,0.7830411,0.806424,0.8024811,0.8309792,0.8111721,0.81723356,0.8358269,0.795938,0.8226201,0.81888604,0.790456,0.80192107,0.7982828,0.79074097,0.8217616,0.80242115,0.812655,0.8100905,0.7830657,0.8044168,0.8281797,0.7661629,0.7926314,0.78907454,0.7937181,0.8006449,0.7773211,0.83012086,0.8216669,0.83059704,0.8401744,0.80063224,0.82195336,0.79997694,0.8158416,0.8069462,0.7726442,0.8282979,0.7911713,0.7827558,0.80293286,0.807128,0.79419386,0.81715786,0.81444466,0.79882735,0.79752606,0.7930568,0.7819211,0.78136384,0.79681224,0.8130137,0.8242245,0.7967439,0.79836464,0.8099929,0.8169371,0.8038851,0.81705844,0.79886776,0.79937494,0.82404,0.84051585,0.7806829,0.7912834,0.79618776,0.80384296,0.80797803,0.81410086,0.8060849,0.7997857,0.76868373,0.8289525,0.8081243,0.8384946,0.8092209,0.7795687,0.82546055,0.8306085,0.8151886,0.8106764,0.74717504,0.7923043,0.8100005,0.7738866,0.8081194,0.76755327,0.8102742,0.8229124,0.7835872,0.8213084,0.8039417,0.7984201,0.79556805,0.8079405,0.82802576,0.8077023,0.77828336,0.82347333,0.80455196,0.830953,0.78783256,0.7734235,0.8016843,0.8010129,0.793907,0.8036077,0.7860232,0.79309094,0.821064,0.80015856,0.7761659,0.815864,0.8113091,0.78472394,0.8040435,0.7664529,0.81040466,0.80006653,0.78647965,0.81733525,0.8344829,0.78904206,0.78523594,0.7795544,0.80071265,0.80894744,0.7917311,0.8122016,0.792256,0.82477057,0.79670507,0.76452374,0.80493504,0.81173664,0.8000328,0.8241398,0.7895161,0.8057235,0.7875396,0.8238163,0.80355275,0.80103326,0.7875289,0.82063437,0.7827357,0.80536693,0.78635246,0.8239804,0.7977177,0.7845261,0.8086073,0.7964065,0.7863007,0.7998384,0.7666285,0.8088373,0.76090014,0.806658,0.78287715,0.793281,0.79318184,0.78135806,0.821766,0.80794924,0.8349055,0.80961925,0.81653315,0.83059555,0.8110701,0.7985271,0.8081865,0.79589623,0.7899732,0.7734458,0.7880323,0.786141,0.81100804,0.7751225,0.84153175,0.7963215,0.8042937,0.7894751,0.78752387,0.80970925,0.8151145,0.8138052,0.8335654
2023,0.99386543,0.0045559932,1.1032795,1.106992,1.104401,1.1070994,1.1240258,1.1068418,1.1241853,1.1160945,1.0768026,1.11566,1.0888559,1.0890949,1.1102043,1.1341277,1.1149291,1.1444511,1.1201247,1.1299994,1.1239758,1.0681149,1.1017545,1.1330135,1.1030205,1.088752,1.089735,1.1081839,1.1235604,1.117242,1.1346519,1.0972042,1.1201079,1.103059,1.1110727,1.123498,1.0859121,1.110996,1.1016804,1.1231779,1.0917957,1.1148007,1.1408993,1.1111461,1.0985547,1.1183639,1.129191,1.1136559,1.1153889,1.0864061,1.1181563,1.1209543,1.1120198,1.1068962,1.1419053,1.125227,1.1021023,1.1060147,1.0810535,1.1085836,1.1069334,1.1245323,1.1328642,1.1264046,1.0965855,1.1087747,1.1442351,1.0719377,1.1057051,1.1027725,1.1101497,1.0977455,1.1230505,1.1070457,1.1068223,1.145148,1.1421522,1.0931835,1.1026264,1.1043125,1.1174058,1.1155425,1.125924,1.1293125,1.1048728,1.090593,1.1296626,1.144301,1.1295595,1.1171759,1.0955654,1.1292845,1.1306195,1.1257368,1.1256429,1.0635483,1.101968,1.1080441,1.0759467,1.1200513,1.1018364,1.1362889,1.1213913,1.0963421,1.1343802,1.0644736,1.1293498,1.0982007,1.1390909,1.136695,1.1094313,1.0975258,1.1336502,1.1151016,1.1223792,1.0887318,1.0733012,1.1178787,1.1003647,1.124464,1.1132641,1.1134071,1.0774662,1.1096435,1.0906507,1.0980934,1.0870434,1.1168122,1.104973,1.1269814,1.1003436,1.1225166,1.126891,1.1065505,1.108285,1.0864354,1.115154,1.079296,1.0971662,1.125175,1.1054789,1.0926619,1.1272386,1.0853251,1.0936333,1.1289511,1.0939966,1.0972112,1.1237099,1.096674,1.1450853,1.1111654,1.1369386,1.1015954,1.1107541,1.1040204,1.1191505,1.114116,1.0925992,1.0649464,1.0937904,1.108912,1.0957158,1.122753,1.0891339,1.1059879,1.1145775,1.1179569,1.0751019,1.0642234,1.1080838,1.1021448,1.1039064,1.0855862,1.1278546,1.0895118,1.0973601,1.1109353,1.0970072,1.0875192,1.164389,1.1147993,1.130103,1.1036857,1.1068099,1.1131806,1.0845051,1.1344402,1.0937786,1.104211,1.1130333,1.1205934,1.0800881,1.1261516,1.0957847,1.1345991,1.1457345,1.106531,1.1118625,1.1149777,1.0947272,1.1138483
2024,0.9961654,0.0036232763,1.155281,1.2014353,1.183585,1.1558952,1.1850646,1.1505917,1.1736436,1.1865425,1.1407799,1.1865778,1.1681968,1.1338325,1.1609962,1.18791,1.1676723,1.171404,1.1708192,1.1642578,1.1971807,1.1726998,1.1729031,1.1870716,1.1569313,1.154593,1.1789349,1.1798024,1.1872803,1.1504232,1.1989275,1.155025,1.1779311,1.181625,1.1938286,1.1712706,1.1489043,1.1716347,1.1516492,1.1630472,1.154064,1.1525494,1.1729778,1.1936524,1.1945146,1.1845739,1.1772171,1.1600552,1.1753227,1.1663389,1.1570234,1.173409,1.1996938,1.1468554,1.187246,1.1626438,1.1543636,1.1626428,1.1824027,1.1556793,1.1549922,1.1474212,1.1838559,1.1475046,1.1706885,1.174272,1.1574075,1.1630222,1.1692731,1.1452277,1.1940544,1.1912743,1.1645362,1.1722637,1.1532326,1.1941168,1.1823177,1.1698111,1.1796993,1.1308193,1.2054837,1.1757882,1.1767914,1.2056298,1.1513075,1.1272061,1.167801,1.2101376,1.1898559,1.1750257,1.1474472,1.174706,1.185245,1.1701981,1.1841886,1.1190629,1.178905,1.195807,1.1662365,1.1467692,1.1756755,1.1848071,1.1854458,1.1629789,1.19973,1.1315372,1.1806347,1.1602705,1.1289372,1.1698238,1.1786588,1.144215,1.1773487,1.1789833,1.171259,1.1718259,1.1605746,1.1487356,1.1525367,1.1333244,1.1683137,1.1904863,1.1530713,1.1958476,1.1470495,1.1409796,1.168295,1.1788149,1.1801934,1.1809034,1.1555043,1.1891205,1.184135,1.1618373,1.1822993,1.1808995,1.1632962,1.1749916,1.1756223,1.1663724,1.1222569,1.1419669,1.1745286,1.1626967,1.1385435,1.1826376,1.1636184,1.1921761,1.1666188,1.1889908,1.2010914,1.1527814,1.1998891,1.1861101,1.1863958,1.153615,1.189729,1.1603212,1.1871359,1.157309,1.14739,1.1697825,1.1720793,1.1781106,1.1417776,1.1353227,1.1939139,1.2253187,1.1907145,1.1499689,1.144883,1.1234344,1.1638082,1.1613085,1.160768,1.1662047,1.1586092,1.1447068,1.1763599,1.1610606,1.1975777,1.1802905,1.1845018,1.1859583,1.1741813,1.1716946,1.1804851,1.1990758,1.1108379,1.1478413,1.1573156,1.1845064,1.1778783,1.1941798,1.1352044,1.1546409,1.180366,1.1396017,1.1934288,1.2056748,1.1735201,1.1503187
2025,0.9950727,0.0041762944,1.0307488,1.0565842,1.0397469,1.0006037,1.0514948,1.0267855,1.0518041,1.0445493,1.0403478,1.0587602,1.0587745,1.0078924,1.0334038,1.0140443,1.0638218,1.070776,1.0823522,1.0744897,1.0590718,1.0215431,1.044469,1.0614171,1.0732661,1.0370909,1.0475361,1.0548652,1.056939,1.0637846,1.1027728,1.0310426,1.0615116,1.0236522,1.040533,1.0565358,1.0346481,1.0706792,1.035108,1.0617362,1.0270329,1.0369403,1.0808539,1.0653875,1.0340134,1.0537198,1.0669209,1.0276493,1.0449585,1.0242625,1.0597179,1.0363121,1.0608675,1.0381241,1.0651921,1.0378461,1.0457517,1.0550146,1.0513047,1.0224086,1.0343032,1.0305339,1.0660812,1.0603362,1.0347239,1.0656693,1.0779823,1.0368983,1.0408753,1.0155305,1.0642232,1.068053,1.025091,1.0370723,1.0377662,1.0496665,1.0353012,1.042812,1.0555325,1.0206786,1.0516409,1.0363377,1.0559894,1.065913,1.0400575,1.0346541,1.0701367,1.0825497,1.0929741,1.0556378,1.05457,1.098684,1.0709485,1.0705389,1.0529733,1.0049076,1.0146255,1.0679895,1.0633268,1.0353624,1.0560448,1.0417025,1.0702643,1.056761,1.0720836,1.0368302,1.0893515,1.084076,1.0490787,1.0531676,1.1036232,1.0382174,1.0547179,1.0705049,1.0683491,1.0535109,1.0317903,1.007437,1.0798157,1.083421,1.0506884,1.0746499,1.038475,1.0343682,1.0559974,1.0567639,1.0360644,1.0219038,1.0462095,1.0490326,1.0220598,1.0584756,1.0432508,1.0251873,1.0661976,1.054342,1.0089197,1.0546463,1.0596622,1.0638143,1.0402778,1.0491918,1.0415956,1.0605794,1.038761,1.0534744,1.041271,1.0746672,1.0488938,1.0580397,1.0292346,1.0383263,1.0280551,1.0509285,1.0483471,1.0405215,1.0518472,1.05283,1.0136551,1.0380019,1.0384268,1.0680976,1.031397,1.0892514,1.0339704,1.0520462,1.0373667,1.0453639,1.0612721,1.0159378,1.0221744,1.02813,1.0622896,1.0358857,1.0412486,1.0721397,1.0256085,1.0310215,1.0439417,1.0593256,1.0986034,1.0237491,1.0742532,1.0391245,1.0466348,1.0631305,1.0357383,1.0621928,1.037258,1.0616591,1.0322856,1.0819131,1.069993,1.0510893,1.0357175,1.0583416,1.0446057,1.0615958,1.0693263,1.0871377,1.0554926,1.057333
2026,1.0,0.12676989,1.004172,0.9899083,1.0049878,0.9932497,1.0172256,0.93712413,1.0249251,0.9955367,0.9784713,1.0161729,1.0152062,0.9849335,1.0077139,1.0082566,0.9859872,1.026661,1.0139621,1.0149163,1.0167761,0.9944807,0.9659146,0.9987129,0.98785627,0.9725625,1.0032924,1.0245953,1.0285857,1.0463134,1.0357746,0.9951181,1.0156786,0.9960747,0.97419834,1.0038917,0.97467166,0.97495496,0.9559509,1.0038028,0.9755466,1.0167257,1.0260535,1.0425553,0.99915916,1.0343851,0.98300976,0.9882054,0.98191947,1.0115734,1.0420231,0.9981742,1.0768025,0.95082027,1.0336199,0.9637475,0.95116615,1.0142543,1.0237815,0.9979142,0.9865003,0.9866154,1.0152248,1.0180722,0.99745715,0.99473494,1.0027386,0.96587086,1.0389194,1.0223122,0.9775637,1.0397847,1.0080317,1.002026,1.0221387,1.0240462,1.0180085,0.9853223,0.96817726,1.0128764,1.015671,0.9465771,0.995875,1.0042785,0.9813367,0.9939846,0.9769631,1.0199728,1.0147326,0.9939033,0.97780085,1.0243655,0.9992425,1.0065212,0.9769307,0.9238854,0.99069935,1.0225123,0.976245,1.0009453,0.97592294,0.9948335,1.0095056,0.9937929,0.98021024,1.0294253,1.0187604,0.9949344,1.0052463,0.99821675,0.9789391,1.0058503,0.9932691,1.0044237,0.9853015,1.0195231,0.9561112,1.0105535,1.0053279,0.95458543,1.0479572,0.98354477,1.0395972,1.0349283,0.9908922,0.9823552,1.0173221,0.9991443,0.999378,0.9792878,0.92741746,0.99336296,1.0029002,1.0450684,1.0083898,1.0164441,0.9897981,0.99213403,0.99431247,1.0484835,1.0120561,1.0197324,0.99711615,0.96065664,0.95604014,1.0042555,0.96506596,0.9955612,0.99043787,1.0386798,1.0159996,0.98411524,1.0154959,1.0106661,1.0526967,1.0049973,1.0228972,0.96787137,0.99621063,0.96854466,0.94899654,0.97093266,1.0294757,1.0574163,0.9708828,0.9929912,1.0145952,0.9762221,1.0287968,0.97342855,0.9891049,0.9477621,0.9889966,0.97254175,0.9909389,0.9767595,0.99326956,1.0231025,1.0131629,0.98258865,1.0602084,1.0448368,1.0413122,1.0568681,1.0168844,0.98530316,0.9843219,0.98583764,0.92414236,0.9924119,0.9412401,0.97613776,0.9822583,0.99045736,0.9907889,0.9811802,1.00022,0.990749,0.9865906,1.0340425,1.0019737,0.9917564
