variable,Ant,Ant,Ant,Ant,Ant,Nat,Nat,Nat,Nat,Nat,GHG,GHG,GHG,GHG,GHG,OHF,OHF,OHF,OHF,OHF
percentile,5,17,83,95,50,5,17,83,95,50,5,17,83,95,50,5,17,83,95,50
Year,,,,,,,,,,,,,,,,,,,,
2017,1.021579383,1.086999933,1.268121299,1.333857601,1.177342597,-0.030647367,-0.012178499,0.038827612,0.057294204,0.013326128,1.150715519,1.252085636,1.533032006,1.635105811,1.392072941,-0.413765735,-0.325756553,-0.083505393,0.003908678,-0.204220063
2022,1.17583645,1.245854801,1.439768407,1.510170253,1.34254681,-0.065193126,-0.043320455,0.017092351,0.038966883,-0.013115337,1.255843554,1.364172346,1.664441296,1.773548641,1.513769248,-0.379411654,-0.298911858,-0.077338481,0.002611409,-0.187745473
2017 (SR15 definition),1.01,,,1.28,1.15,-0.02,,,0.05,0.02,1.15,,,1.62,1.38,-0.43,,,0,-0.21
2022 (SR15 definition),1.13,,,1.52,1.33,-0.03,,,0.06,0.01,1.25,,,1.76,1.51,-0.4,,,0.01,-0.19
2010-2019,0.98,,,1.24,1.11,-0.02,,,0.05,0.02,1.11,,,1.56,1.34,-0.41,,,0,-0.21
2013-2022,1.05,,,1.34,1.19,-0.02,,,0.06,0.02,1.17,,,1.65,1.41,-0.41,,,0,-0.2
