variable,GHG,GHG,GHG,GHG,GHG,Nat,Nat,Nat,Nat,Nat,OHF,OHF,OHF,OHF,OHF,aerosol-cloud_interactions,aerosol-cloud_interactions,aerosol-cloud_interactions,aerosol-cloud_interactions,aerosol-cloud_interactions,aerosol-radiation_interactions,aerosol-radiation_interactions,aerosol-radiation_interactions,aerosol-radiation_interactions,aerosol-radiation_interactions,bc_snow,bc_snow,bc_snow,bc_snow,bc_snow,ch4,ch4,ch4,ch4,ch4,co2,co2,co2,co2,co2,contrails,contrails,contrails,contrails,contrails,h2o_strat,h2o_strat,h2o_strat,h2o_strat,h2o_strat,halogen,halogen,halogen,halogen,halogen,land_use,land_use,land_use,land_use,land_use,n2o,n2o,n2o,n2o,n2o,o3,o3,o3,o3,o3,solar,solar,solar,solar,solar,volcanic,volcanic,volcanic,volcanic,volcanic,Ant,Ant,Ant,Ant,Ant,Tot,Tot,Tot,Tot,Tot,Res,Res,Res,Res,Res
percentile,5,17,83,95,50,5,17,83,95,50,5,17,83,95,50,5,17,83,95,50,5,17,83,95,50,5,17,83,95,50,5,17,83,95,50,5,17,83,95,50,5,17,83,95,50,5,17,83,95,50,5,17,83,95,50,5,17,83,95,50,5,17,83,95,50,5,17,83,95,50,5,17,83,95,50,5,17,83,95,50,5,17,83,95,50,5,17,83,95,50,5,17,83,95,50
Year,,,,,,,,,,,,,,,,,,,,,,,,,,,,,,,,,,,,,,,,,,,,,,,,,,,,,,,,,,,,,,,,,,,,,,,,,,,,,,,,,,,,,,,,,,,,,,,
1941-1950 (AR6 rate definition),0.00312650560700526,0.0036848583508621194,0.004979652011033201,0.005505527904539361,0.004333984400286759,2.102436149972668e-05,0.00017752571545086,0.00099309364340518,0.0014398899523145802,0.00051419859469836,-0.0014747860919345,-0.0010310725324081198,0.00038897623762934006,0.0012026269521676599,-0.00041225370584106004,-0.0018185476949720198,-0.0013835357859278599,-0.0004591868463790201,-0.00014832260662853998,-0.00088022988402476,-0.0010474188919319801,-0.0007178913415381201,-0.00018842687458219998,-7.583445430534792e-05,-0.00039494109763336,1.0879136336206132e-06,1.223316241874163e-05,0.00011312842577917412,0.00019868359613144,4.729479127986869e-05,0.00089395440731082,0.00102362458629134,0.0014397015869616998,0.0016179879104548601,0.0012146916579116001,0.0015703806226903397,0.00199068329442626,0.0029162398255232,0.0032654733106945,0.00246140310258572,2.112299288774356e-06,4.290704543734935e-06,1.7649367474862656e-05,2.617570483231578e-05,9.25691384702187e-06,-4.402588967808905e-06,2.3529543475755933e-05,0.00016737564027756,0.00028913138564106,7.852775383400409e-05,0.00014099076100282,0.00017516199648374002,0.00026702567207988,0.0003098577612192,0.00021828508590146002,-0.0004978377992907599,-0.00030174243196164004,1.2857792695814915e-05,0.00012706164315791005,-0.00011995367367155389,0.00031446856429628004,0.00036337562943943995,0.0004888703571124,0.00054203955129236,0.00042308785924401995,0.00025793366879222,0.00045045489594333995,0.001622266454227,0.00241946736203896,0.0008480624019195999,0.00015837726751268002,0.0003630550980034601,0.0012570620093691799,0.0017089014716695798,0.0007506359944289,-0.00053617785645248,-0.00039940198488302,-3.4617507265824246e-05,5.404142061756386e-05,-0.00021731068239060002,0.0032773578284364196,0.00351303230596306,0.00452840355724994,0.0050825877505721,0.00391919259772152,0.00367814967939342,0.00398574408798502,0.005219756040789819,0.005900419619950341,0.004506309312401361,-0.06108982700786802,-0.05114159928050001,-0.0209156584052656,-0.0113786267636513,-0.035795391311809
1942-1951 (AR6 rate definition),0.00293843236565586,0.0034796728334643198,0.00475556069684744,0.0052707509524894,0.004116362929344119,0.00029677440982421994,0.0006574450405257599,0.0020185103529330004,0.00267062570741678,0.0012631465562364798,-0.00142315769105244,-0.00098538977025128,0.00031288239079887997,0.00110904334677434,-0.00039926625562432,-0.0017741703210454602,-0.00134466221757004,-0.0005040669226284401,-0.00024945635246954,-0.0008669473501768399,-0.00109210479485264,-0.0007648187257574801,-0.0002440212970204,-0.00013415991338529664,-0.00043674852303928,-2.6112166586134744e-06,7.075613003337057e-06,9.136722182685691e-05,0.0001629042651391,3.6495758897878894e-05,0.00090242149590536,0.0010328190831071999,0.00145115574562186,0.00163006495616648,0.0012249734907438601,0.0013704605698585,0.0017779594096269998,0.00268342200896952,0.00302058133663548,0.0022280722766211203,2.2442943828660984e-06,4.558595548609667e-06,1.8752093707338316e-05,2.7814782378934037e-05,9.834862646653852e-06,-4.4475969652094665e-06,2.3783792131298207e-05,0.00016912897676224,0.00029211604589536003,7.937000669312315e-05,0.00016041421851979996,0.00019711624039544,0.00029663488979758,0.0003431335955039,0.0002442129836135,-0.0004889736037813601,-0.00029529120800166,2.2896072776479605e-05,0.0001440157972727329,-0.00011520761375623916,0.0002934705602061,0.0003409637578057,0.00046294410551579995,0.0005142653309034,0.00039920844363439996,0.00026848235692484,0.00046853749223726,0.0016855561689896397,0.0025121999392003404,0.0008813853290947598,0.00021289703954969997,0.00048393026368962004,0.0016369265043386801,0.0022022161334381996,0.0009885008239352599,3.939773780152696e-05,0.00010934806545118071,0.00044367457646308,0.00061083857986054,0.00024405410343946,0.0030573847230636196,0.0032980011529994205,0.00431712310783788,0.0048042666966264394,0.00370124228072886,0.00388910159017098,0.00431213889266498,0.00594387564424308,0.0066958497663338595,0.005048508960189201,-0.05373281899778958,-0.04634238618239472,-0.01756066301314324,-0.00967458646427694,-0.03156956740518962
1943-1952 (AR6 rate definition),0.0028485499114701,0.0033655011393806797,0.004609779874122461,0.0051161196683392005,0.0039810965639171594,0.0004664089013116401,0.00102763225072708,0.00277175156767616,0.0035259217940496004,0.00184752034644282,-0.00170410591092972,-0.0012806940324378,-9.436576836032542e-06,0.0007702554829310401,-0.00074045146053484,-0.0019609875904790996,-0.0015260452025767002,-0.0006459765287511,-0.00032941004791940003,-0.00104793556260334,-0.0014045583533517602,-0.00101665355956006,-0.00035732923626444,-0.00020366952350977998,-0.0006020001897757,-4.895214538202619e-06,4.562804972132126e-06,7.562654073717044e-05,0.00013699045303188002,2.886769587569172e-05,0.0009116160668658,0.0010428661148655998,0.0014639591273032599,0.0016437525257016,0.0012363121545675602,0.00128370665013784,0.00165840943473754,0.00252933502883618,0.0028566093092614194,0.002083410142046,2.392699598832485e-06,4.860551564761959e-06,1.9995564449433883e-05,2.9662764819063745e-05,1.048637341062369e-05,-4.497674593673706e-06,2.4060051680091003e-05,0.00017103519403566,0.00029537449212684,8.028465746477439e-05,0.00017992263760016,0.00021883906075922,0.00032562234579071997,0.00037576407948362,0.00026973587640726003,-0.0005143491046672,-0.00031292232085351995,1.710247633357773e-05,0.00014106622558421523,-0.0001259316441913081,0.00026680041149706004,0.00031320130265116,0.00043172134948946,0.00048095035304622,0.00037019101959284,0.00027729171666904,0.00048380102591979996,0.00173981035216282,0.0025920092996322397,0.00090983420158872,0.00020975963973478002,0.00047462311161703996,0.0015958988002127,0.00214439311297782,0.00096602168558586,0.00022194491586446,0.00048583086252662,0.0012323695483984,0.0015312812820528002,0.0008520420572974,0.00248791712522502,0.0027789639536178,0.0039498797671361,0.00449063776433464,0.00322757074327178,0.0036343391402200603,0.00421396092104184,0.0062614557426986794,0.007145779793009579,0.00515222246899746,-0.04272565823415232,-0.036105350885334155,-0.01138901542947538,-0.00436573906839738,-0.023618484933888757
1944-1953 (AR6 rate definition),0.0028882693530934804,0.00337670938968654,0.00457691753777586,0.00507697126540266,0.003963960084048121,0.00048375209663623997,0.00106201432606934,0.00271736636161796,0.0033908906567728402,0.0018642850874950997,-0.0024528004120696,-0.0020081056286891,-0.00057416356946478,0.00014553830993297172,-0.00141164407134052,-0.0026256016601215,-0.0020791058029188797,-0.0008899132803985,-0.00047578702370319997,-0.00147849741307166,-0.0019727668394193,-0.0014462004068674199,-0.00051099212611314,-0.00028062501009268006,-0.0008587000496459201,1.2492417837634173e-06,1.0546171693413558e-05,8.47480737011353e-05,0.00015002842123306,3.5395741349820083e-05,0.00093057288906788,0.00106298383257598,0.00148907460678702,0.0016706067188219,0.00125877419655968,0.0013145357325221,0.00164610325296714,0.0024681858747294,0.0027875823270190397,0.00204390911441858,2.557936009691964e-06,5.196809293005517e-06,2.1379709807683177e-05,3.172021986877855e-05,1.1211739346794218e-05,-4.596353287166546e-06,2.4568335295683073e-05,0.00017451166849806002,0.00030129719452193996,8.196240135777071e-05,0.00019913935414722,0.00024008835776152002,0.00035376630288008,0.00040754630852656,0.00029462519003016,-0.0005726990417548601,-0.0003528009532527,-1.727093527601638e-06,0.00012300120311024227,-0.00015002215732676,0.000245656316479,0.00029060316611868,0.00040590240203518,0.00045354313211453995,0.0003462421973094399,0.00029054706633988,0.00050672818925794,0.0018208250072869001,0.0027112136198715405,0.00095237121663304,0.00013800314360607998,0.00031128847116160003,0.0010800991242204399,0.0014702300142842802,0.0006413557408504999,0.00031240554210358,0.0006858884169070599,0.00169246545203702,0.0020685717323512404,0.00119285614201514,0.00159848150610918,0.00201602283409144,0.0033711998166459597,0.0039848552283012,0.0025597762068112003,0.0028548961290806997,0.00348317800236466,0.005620466784455521,0.00654972037763298,0.0044556095834933805,-0.025715659938794943,-0.021568219454798126,-0.0005542681978642799,0.00460757032064998,-0.010081671440028419
1945-1954 (AR6 rate definition),0.0030417762904455803,0.0035099729433203802,0.004665754571466681,0.005162402723774741,0.00407007351066122,0.00030214198582773994,0.0006530944413985,0.00176881425669694,0.00222421598615064,0.0011865991263678001,-0.0036732864154107197,-0.00304685751741578,-0.00131669574445532,-0.0005717004491381599,-0.0022539454563097,-0.00370080831014744,-0.00289660951901562,-0.0012774946654836,-0.0008012867434457801,-0.0020576607413363797,-0.0026849715976100604,-0.00196955476159392,-0.0006841836118901001,-0.00036361029736382,-0.00116439611397002,2.5568504528509376e-06,2.1433200726680712e-05,0.00012787598954002,0.00021599849686021997,5.954917068734317e-05,0.00096699921809358,0.00110169510972314,0.0015377809369202199,0.00172285242920568,0.0013021447622414402,0.0014219789505004199,0.00172512260314186,0.00249300107648872,0.00280472223867066,0.00209593640132378,2.741521678804778e-06,5.570469585257921e-06,2.2918936213351452e-05,3.400773783108557e-05,1.2018208825876088e-05,-4.773025163696285e-06,2.5514627561311836e-05,0.00018097827714494001,0.00031233822876072006,8.508367492166512e-05,0.00021830233193885997,0.00026148143192874005,0.00038208246939866003,0.00043974015945001996,0.00031957421381248,-0.0006628775849486401,-0.00041205318816228,-2.7887936998300007e-05,9.759931311459905e-05,-0.00018583088943902002,0.00023699523237611996,0.00027993464287028003,0.00039195282484090005,0.0004387025054205,0.00033367296850136,0.00031098872761832003,0.0005420267228600999,0.00194577273879982,0.0028955999003215,0.0010179637033830402,-0.0002314473410581,-3.72458362671417e-05,0.00022813904317211996,0.00037127988844059997,7.667250966540362e-05,0.00029812200051358,0.00065076780578852,0.00160909631143912,0.00197473802485244,0.00112752155372586,0.0005410849470080401,0.0011063681055198601,0.0027020374989870197,0.0034167874040025204,0.0018138541687618,0.00137680189176034,0.00211443532922046,0.00410610138773914,0.0050270738538467,0.00302318871472816,-0.01179574390034412,-0.006800685489951281,0.008635209165147279,0.012475454267625,0.0011657137919047801
1946-1955 (AR6 rate definition),0.00326053628144838,0.0037238215287526007,0.004853299134427781,0.0053506110382802,0.00426882798021486,-0.00020134344967924,9.47473726771356e-05,0.00086248610109988,0.0011862571203347,0.00045156677338206003,-0.00490566807894992,-0.00404545336112828,-0.0019876674652293197,-0.00116802384794656,-0.00304340278560458,-0.0047690310568520005,-0.00369247314026858,-0.0016819814480614802,-0.0011160851039669001,-0.0026157984589085,-0.0033542752081922996,-0.0024602103963042,-0.00084392769636978,-0.00043532557131464,-0.0014503339802225,3.6942568134911837e-06,3.150301164749903e-05,0.00018040011491283998,0.00030162356872898,8.579810799070014e-05,0.0010219923648418002,0.00116098638529124,0.00161438399535232,0.0018056359300107202,0.0013695855935414,0.0015596838588966997,0.0018526188975030197,0.00257878753380336,0.00288363717631856,0.0022050323088963404,2.9426852643637457e-06,5.979941839309917e-06,2.460569932361867e-05,3.6514379932531e-05,1.2901842759068434e-05,-5.044275457321689e-06,2.6961356477642606e-05,0.00019093859757884002,0.000329381025876,8.985880056788864e-05,0.00023783595528744,0.00028367571932907997,0.00041151968365616,0.0004733846200926,0.00034536920875928004,-0.0007803654672972801,-0.00048871530824984,-5.944804258531733e-05,6.800561976814545e-05,-0.00023089091547506002,0.0002376754492182,0.00027922083137158,0.00038843141753560007,0.0004347437763529801,0.00033117989247488,0.00033674322954854,0.0005865938520566601,0.00210426134403902,0.00313014586585936,0.00110105808937186,-0.0013908946699029,-0.0009606283973816599,-0.00024405727410096003,-9.964697812258309e-05,-0.0005277774049427799,0.00028285872337938003,0.00061523897747194,0.0015341062321806598,0.00188826295688292,0.0010670859885937801,-0.00037996202707286,0.00032400189457513996,0.00219087381561594,0.0029861161663676003,0.00121100950421702,-0.00027526944695094,0.0006505054172241,0.0027898921887079403,0.00372617124066204,0.0017089510596159198,-0.00812144729888034,-0.00359391061963904,0.0117758818945332,0.01624029182291332,0.004425631694911899
1947-1956 (AR6 rate definition),0.00351763053102922,0.00398698967333992,0.005117617184465521,0.005622707361524721,0.00453153836004656,-0.0009622530627882398,-0.00045291554214372,0.00033723795278498,0.0006377475022365999,-2.471094789638963e-06,-0.00588394562719444,-0.00483293022964936,-0.0025082703319462604,-0.0016276173402456,-0.0036661455802844806,-0.00564930067459736,-0.00434365431648308,-0.00203888896053482,-0.0013995713401923997,-0.003077057866436,-0.0038861466582977003,-0.0028528880967334603,-0.00097106419143572,-0.00048696457037246003,-0.0016791153213742602,4.812782355160884e-06,4.132790468689623e-05,0.00023471758474000003,0.00039160147173832,0.00011203138214164893,0.00109667073393404,0.00124305682733202,0.0017233874903483401,0.0019244035712697,0.00146431677720758,0.00170018068407516,0.0019916325650431595,0.00269755512837202,0.0029986253380775,0.0023371469703587,3.1639441710060996e-06,6.430392879966264e-06,2.6460913345076593e-05,3.927113103616812e-05,1.3873937022060887e-05,-5.423835250302061e-06,2.8980641759170047e-05,0.0002049086909515,0.0003533694564054,9.6538385630312e-05,0.00025871304255397997,0.00030777306545268,0.00044367275220816,0.00051031166838588,0.00037333260043378,-0.0009154337294625,-0.00057635753484382,-9.57957650224086e-05,4.1188795712174976e-05,-0.00028175559572192,0.00024767137149511997,0.00028898529780628,0.00039684455550524004,0.00044318819712051995,0.00033999197297922,0.00036690278481122,0.00063888756890184,0.00229092986204402,0.003406795592019,0.0011987826273296399,-0.00218858883180916,-0.0015916190636758199,-0.00045281859255117996,-0.00019334160015498,-0.0009322688943542001,0.00025185826319182,0.0005445585233695001,0.0013875035670670001,0.00171851017213224,0.0009512802890755401,-0.0009751266475879001,-0.00016854832840683664,0.00187798777782552,0.0027074306607245803,0.0008455437150868001,-0.00144705645423944,-0.00041300843087104,0.00197676787412522,0.0029220603885072396,0.00082533881519774,-0.016376812185217218,-0.01235790361907102,0.0019405720957638801,0.00625500717629306,-0.0047566068949085605
1948-1957 (AR6 rate definition),0.0038036677647720197,0.0042878480914866806,0.00544675643010568,0.005969157101529961,0.00484462194370498,-0.0014177719485578603,-0.0009104950330473599,-3.2919222895393983e-05,0.0001294029059283102,-0.00037483156178931993,-0.00684338115652398,-0.005569674606756681,-0.0029893000201744804,-0.00205891108896692,-0.00424447314757284,-0.00659851591153574,-0.00501940781997908,-0.00244393172878202,-0.00174671421538698,-0.00355628749637888,-0.0043592058754328205,-0.0032030984756620997,-0.00108063488981934,-0.00053084825526096,-0.0018820445126655602,6.394104114874754e-06,5.517342591827575e-05,0.00031281028902437996,0.0005214812637052399,0.00014928850260642002,0.0011940482035279,0.0013519686833475201,0.0018717290722962202,0.00208761101328958,0.00159171542434978,0.00183379643794258,0.00212680949044948,0.0028296927768172,0.00313181520953318,0.00247250846841114,3.4063167441383307e-06,6.923551284214201e-06,2.8492456503833332e-05,4.2289434937463894e-05,1.4937958057447704e-05,-5.93513601625364e-06,3.1684648055780795e-05,0.00022373442942216003,0.00038577228553136,0.00010550445679458112,0.00028222622846556,0.00033532567202728005,0.0004810099390589,0.00055345850378608,0.00040545605461698,-0.0010541236874731601,-0.0006666675398746401,-0.0001303853989888795,1.3616602557383297e-05,-0.00033297537628441997,0.00026465382748702004,0.00030702035973462,0.0004162545310502,0.00046325337570718,0.00035866741655444,0.00040356010096988,0.0007025312299754799,0.00251880555676686,0.0037449429486736594,0.00131803436261232,-0.0019878320219903,-0.0014576010166642399,-0.0004238737632384,-0.00018178844169923998,-0.0008640567804975,1.3238218627079959e-05,0.00018478621939811997,0.00074933416987906,0.00097441811046812,0.000459941562378,-0.00149363799980188,-0.0005368373504190199,0.00163108222836792,0.0024378665532126,0.0005916377902030601,-0.00232552432652672,-0.0011971386159910602,0.0013408564392364002,0.00222883282466362,0.00014696263002622262,-0.007998132663692481,-0.00457824333647444,0.00786991800801032,0.01149700192455198,0.00141379805620416
1949-1958 (AR6 rate definition),0.0041016193339318404,0.00460848350669394,0.005818161683010281,0.00636637826038128,0.0051878992897091,-0.00121279333328654,-0.0008929820914611201,-0.00019759356873952,-6.322556688929932e-05,-0.00049654722213742,-0.0075737388319138,-0.006220189517194519,-0.00342957496643062,-0.00239899507842276,-0.00478078387451888,-0.0073990360778389,-0.0056699900191841,-0.0028559345708651404,-0.00210714713145382,-0.004047906538753739,-0.0047657568504412395,-0.0035027842200614605,-0.00116512132220416,-0.0005488912971464092,-0.00205501409981282,8.353638358654099e-06,7.213439104627034e-05,0.00040951619094064,0.0006830603484854,0.00019526588391846,0.0013095181568553399,0.0014827647010936399,0.00205359203336814,0.0022894059266104403,0.0017462431842629798,0.00195402309840372,0.00225050235553218,0.00296048747264974,0.0032674378824956,0.00259957410169366,3.6689957664610557e-06,7.458058523920817e-06,3.0693154236139505e-05,4.555830329825932e-05,1.6091075782297235e-05,-6.554400757357273e-06,3.496127523848733e-05,0.00024669267049786,0.00042532070652773993,0.00011639834988406208,0.00030925345449053993,0.0003673353528899599,0.00052518055921022,0.0006046203522603599,0.00044304228514768,-0.00117823207875086,-0.0007477183294566799,-0.0001590504304928606,-9.747830981558412e-06,-0.00037818497441932,0.00028404738087992,0.00032840065581324,0.0004417706315941401,0.00049022701980936,0.00038210755157646,0.00044124978498521995,0.0007680662577350399,0.00275353166713854,0.00409421627720192,0.0014409155443761798,-0.00095137508631374,-0.0006664920795073,-0.00017395549464274001,-7.138225551512524e-05,-0.00037102554631536,-0.0006289606401414199,-0.00031532446511762,6.992160397948701e-05,0.00013891943431256003,-5.4504914265688715e-05,-0.0017764068300073202,-0.0007638965191262599,0.0014527201459263,0.00222880583459678,0.00042103675278746004,-0.00252503292759254,-0.00143191414926986,0.00103193891572226,0.0018440424944414801,-0.00011792032104547851,-0.0029240199456160203,0.0005771101835163,0.01136317547979112,0.01568520410589616,0.006120566144359801
1950-1959 (AR6 rate definition),0.00439198337630786,0.00492638326016336,0.00619922417113272,0.0067782917998053405,0.00553470952944318,-0.00045212260069264,-0.00029992220573348,1.958235942786976e-05,0.0001601610386913,-0.00012148116799914002,-0.007874945045420561,-0.00662960786711082,-0.00374586909015968,-0.00257930850544518,-0.005155783047278661,-0.00781254548195632,-0.006114071608583079,-0.00316705189428542,-0.00238020562425704,-0.00442955330014224,-0.005030584958015,-0.0036919934640779408,-0.0012073796119201799,-0.000529179950696235,-0.00216376802234932,1.0203589500055077e-05,8.830039113985501e-05,0.00050156265376414,0.00083674211698494,0.00023907293170458,0.0014301550085796802,0.0016203289419412003,0.00224677987532178,0.002504998007507,0.0019095723285819,0.00206041053750294,0.0023618377723476796,0.00308343021038802,0.0033975321108644,0.00271553859566194,3.951917918536281e-06,8.033651347310903e-06,3.3063124705839796e-05,4.9077956145276504e-05,1.7333288348957218e-05,-7.208865497501117e-06,3.843633341461876e-05,0.0002711194777353,0.00046745754174432004,0.000127954949257907,0.00034000912624067997,0.00040394750496820005,0.0005764856728809,0.0006640606989491,0.00048636193246096,-0.00126641968705432,-0.00080530487822758,-0.00017781323157244,-2.283992426413552e-05,-0.00041000897347019997,0.00030175340502998,0.00034831579499166004,0.00046696208925404,0.00051741614587826,0.00040459966456342003,0.0004685944186128,0.00081570122492578,0.0029243153711159403,0.00434772458988602,0.00153026886284346,1.4448830873968161e-05,6.98787791938008e-05,0.0004310968128884599,0.00068293853002532,0.00020224347111332,-0.0008847865805480799,-0.0006284547456737401,-0.00015148702988564,-6.580387117961978e-05,-0.00033516122761994,-0.0016325031573121603,-0.0007412083454203799,0.0014199911263855598,0.00220026428681428,0.00040906516891534,-0.0018315184062177,-0.0009078686851443001,0.00132471306920048,0.00210533568263048,0.00028076489766434,-0.00304271035091102,0.00063015972735606,0.008871629038901799,0.013292211593156921,0.00492004658942194
1951-1960 (AR6 rate definition),0.0046792828530975794,0.005244413475195521,0.00658471690380206,0.00719705167141824,0.00588409338936656,1.7394255141209278e-06,0.00014164547493503998,0.00087648979003226,0.0012810777078071799,0.00045215055572260006,-0.0082086214179342,-0.00699490118839518,-0.003998122623020899,-0.0026932086014385998,-0.005465613161072539,-0.00825987226944976,-0.0065325306608821,-0.0034322327415148004,-0.0026074176629384,-0.0047746641346902196,-0.005248631289962519,-0.00383887534069286,-0.00123290597710642,-0.0004938460128354004,-0.0022454879094253397,1.2162524630019335e-05,0.00010534754244775416,0.00059831914484046,0.000998250750091,0.00028522801613711996,0.00153784119992538,0.0017431135865322999,0.002418405031616,0.0026965355227390603,0.00205497540307762,0.002183643077359,0.0024899479499368403,0.00322592023141452,0.0035497749068519996,0.00284810950358704,4.257347842660624e-06,8.65481477098497e-06,3.562100360057119e-05,5.287587124092334e-05,1.867380601734939e-05,-7.799341222518209e-06,4.155615261318448e-05,0.00029311348792498,0.00050537306939556,0.00013834724499077998,0.00037460277937912,0.00044516357421502,0.00063495197778732,0.0007317224126308599,0.0005354624645163,-0.0013097629917389801,-0.00083361535438078,-0.00018526211073899998,-2.5221299041401597e-05,-0.00042490384908330006,0.00031668717380268005,0.0003653068004232,0.00048907140716906,0.00054160826246842,0.00042406186800106,0.0004889634033721,0.0008512105939513999,0.00305141208993662,0.004535829521489799,0.0015968133305960999,0.0001573965221852,0.00036313775601355994,0.0012805325619265602,0.00175948434765004,0.0007565756863307401,-0.00065997434859016,-0.0005003078632282,-0.00011665920470696,-4.824656541600287e-05,-0.00028751733853954003,-0.0015064850350220802,-0.00067981178218664,0.0014731766787441803,0.00224816124728228,0.00045608305569844003,-0.0010404942974899,-0.00019579231179116,0.00203341474912378,0.0028635064517006197,0.00095269795620076,-0.0144781218900514,-0.010915566596158739,-0.00338282817036304,-0.00025365812144465997,-0.0072784529697629
1952-1961 (AR6 rate definition),0.00496136879559716,0.00555969285639844,0.0069663819959669,0.00761166386170816,0.00623099146467262,0.00019064741220435998,0.0004518939504343,0.0016267694421789399,0.00221666961050392,0.0009617053130359,-0.00865531806873548,-0.007400027295314859,-0.00423840506239366,-0.00282437384264032,-0.0057872109295743395,-0.0087760078274842,-0.0069641987878264,-0.00367029331010394,-0.0027997796104261,-0.0051051958401997595,-0.00550572416637878,-0.004015377406098581,-0.00126795316385948,-0.00046535700491527994,-0.00234195635851582,1.3953964333543945e-05,0.00012085389693854347,0.00068576742445648,0.00114381545804664,0.00032708879108677997,0.0016154759526252204,0.0018307131409193,0.00253834924580468,0.0028298973517887,0.00215764816963308,0.0023370822577765,0.0026520640907865198,0.0034084038642319204,0.00374578181992874,0.0030163568348595,4.6547994798223074e-06,9.464790459694058e-06,3.895728381943296e-05,5.78438054477429e-05,2.042138568041e-05,-8.223315518328177e-06,4.380953390518147e-05,0.00030899726872636,0.00053267049518496,0.00014585145227042,0.00041364864258542,0.0004917062099542799,0.00070159522806656,0.0008087827147859,0.00059118815852944,-0.00131660795889114,-0.000837909580451,-0.0001842588305473,-1.983297963372701e-05,-0.00042602816653066004,0.00032933073445698,0.00037975382086902004,0.00050807997261478,0.00056253172287882,0.00044070483270012005,0.00050557076778596,0.00088018391938368,0.0031549510689395403,0.00468885551347874,0.00165101178667758,0.00022206882819834,0.0005064139383167601,0.00172484094961286,0.00232643587034932,0.0010376183684230403,-0.00024691765529633996,-0.00017199215667711997,1.5481629279075866e-05,0.0001091565968412,-7.095464025482944e-05,-0.00152347963687142,-0.0006879579204501001,0.00154970303521008,0.0023590392876754796,0.0004835728894580199,-0.0005848655321381,0.00026699034553582,0.0027013222313288002,0.0037143925094242796,0.0014749739838368799,-0.010983578131223682,-0.00807504002199164,-0.00017750554605893998,0.00231968710624042,-0.00423827062346826
1953-1962 (AR6 rate definition),0.0052403394751476,0.0058737149137438795,0.0073440968220883605,0.00802131891250606,0.006575778180902579,0.000278138098448,0.0006143207656614199,0.00188686539837802,0.0024933879799914397,0.00118031021772004,-0.00891092144178618,-0.007654842943675561,-0.0043996065032300994,-0.0029218336537931403,-0.006009290191260181,-0.0090126160202604,-0.00717978689128696,-0.00379085796041918,-0.00288119637108206,-0.00528981456702402,-0.00573904373925738,-0.00418643715200996,-0.00130895035124634,-0.00044974728134657995,-0.00243690274204262,1.485163678951339e-05,0.00012866894062037997,0.00072856281417784,0.00121458516935954,0.00034797160716892,0.0016614597586519402,0.0018816521539832,0.0026059322768088,0.00290453761816018,0.00221627903255546,0.00251598633961238,0.0028466237210865593,0.0036333876924080997,0.00398824911045302,0.00322190422000304,5.2443013103473985e-06,1.0669385288774994e-05,4.392527084141462e-05,6.52738687472954e-05,2.3021937963538665e-05,-8.4778485655657e-06,4.517291507218034e-05,0.00031859845784345994,0.0005490976205151801,0.00015037419175669998,0.0004579484113421,0.00054451938359004,0.0007777525311279,0.0008968308759909199,0.00065465408419678,-0.00130032397174468,-0.00082698805788244,-0.00017830379966528,-1.2148933485150194e-05,-0.00041879034234262,0.00033951259370548,0.00039142668723602005,0.00052357595016556,0.0005796181549402401,0.00045420499236288007,0.00051287683556698,0.00089307359192858,0.0032014633486667802,0.004757247643037241,0.0016752728977889198,0.00021086566887746,0.00047832602849464,0.0016137841531883,0.0021698400981293004,0.0009754236718733201,4.2333399312514e-05,9.167978244297468e-05,0.0003107221548304,0.0004296966497645,0.00018323408157534002,-0.0014344984816782,-0.00058855336669714,0.0017175468181118,0.0025837418581500004,0.00061807225147876,-0.00030058652614098,0.0005512254982283201,0.00310079702572384,0.00420799111326532,0.00180648436148956,-0.005908127017724839,-0.0023282985422774,0.005434748941899739,0.00799997529966194,0.0017501996708751
1954-1963 (AR6 rate definition),0.0055394267801082,0.00621128670410674,0.007749258840806499,0.008460339837002,0.00694646851582954,-0.0010878160082254799,-0.000671871320542,2.1029299314162683e-05,0.00024071988553706,-0.00024648520587516,-0.00915649052190054,-0.00787616257468854,-0.00452948647051142,-0.00301110580021678,-0.00618800936323218,-0.0092285182367671,-0.00735380288579242,-0.00387689074404306,-0.0029413162302789598,-0.00542009853955466,-0.0059660941917787595,-0.00435616799647154,-0.00136346704639262,-0.00046884319206074,-0.0025368908883043797,1.5278553662497117e-05,0.00013223041571164,0.0007473444449856001,0.00124526079676364,0.00035737150574492,0.0016922337004180597,0.0019154166389594998,0.0026500373244285,0.0029534929963675,0.00225486828973794,0.00271896257996554,0.00307225282011606,0.00390192095492822,0.0042785830895105395,0.00346500817573428,6.030227039563022e-06,1.2276682650553995e-05,5.056760550624774e-05,7.521925915286617e-05,2.649520975396489e-05,-8.65527132180316e-06,4.6145997884344654e-05,0.00032548234196318003,0.0005608927041404599,0.00015361602968445997,0.00050850259529592,0.00060482172948784,0.0008651909118800201,0.00099784161734644,0.00072731516620308,-0.0012705115111488,-0.00080720252480466,-0.00017017707005140002,-5.316720880342646e-06,-0.0004069686195615,0.00034898157767722,0.00040227523798288005,0.00053792207850646,0.00059545872924898,0.0004667192595926,0.0005211943645368401,0.00090763725419382,0.00325367358561712,0.004834733349807279,0.0017025264984729999,0.0001289528735702705,0.00029224303416319997,0.0010228305484081398,0.0013957232046081798,0.00060493303442682,-0.0018080038558126999,-0.0014173157542491598,-0.0005237452585588199,-0.00023294014590928,-0.0009494656990422601,-0.00129387185067836,-0.00042854339679076,0.0019421854434590797,0.0028449342295978203,0.0008142886649478198,-0.0017240872401179004,-0.00078875665375678,0.00167800949270068,0.0026009070819074,0.0005088644587632,0.008667827893246022,0.01172656734902726,0.019785682601800577,0.02263889487917444,0.0158311759498478
1955-1964 (AR6 rate definition),0.0058708040678139605,0.0065860286373080005,0.008201366720416301,0.00895057396635862,0.00735938083041794,-0.006830768455065919,-0.005482631767979981,-0.0021096816494862998,-0.0009435634289190199,-0.00376843429142322,-0.009294687436385559,-0.00800928079829066,-0.00459705595636002,-0.0030691072218345396,-0.00629170193816672,-0.0093131259905569,-0.007427264562881319,-0.00390346518402744,-0.0029590802815827005,-0.0054649765563733,-0.006183960243607961,-0.00452520742922114,-0.0014308185795942402,-0.00051967495346834,-0.0026419237368937197,1.5070951746593303e-05,0.00013004171541802,0.0007341742285047,0.00122273839140928,0.00035134940238834,0.00172381445426828,0.0019503784966287798,0.00269667652664758,0.00300533157000032,0.0022952405656828604,0.0029392614924545995,0.0033199713136210203,0.0042042600611845,0.0046067344130891,0.0037368875651648,6.9539062801251215e-06,1.4164313380818135e-05,5.836652702031036e-05,8.689936090641735e-05,3.0576244585752266e-05,-8.85410473777233e-06,4.719076528228029e-05,0.00033283651046676004,0.0005735309134152401,0.00015709427453462,0.0005669048037661799,0.00067454360620482,0.0009668507587220598,0.00111518800478762,0.0008115427091604401,-0.0012313352060137,-0.0007815979510996799,-0.00016135526157234136,4.520972654448117e-07,-0.00039238279854703995,0.00035860984095114,0.00041328051566620004,0.0005524157282980601,0.0006114107063321799,0.00047938409966948004,0.00053222638611308,0.00092684692428868,0.00332236241327986,0.004936943163474359,0.0017384505407376202,-0.00031382163536198,-9.46581217707713e-05,0.00015108842564068002,0.00026834397534412,2.624060211625599e-05,-0.00672358016987242,-0.0054802447244694,-0.0021538190013446197,-0.0009644455629626202,-0.00382087003044554,-0.0010206870662443,-0.00013954848863858687,0.00227122179883894,0.00322021393793998,0.00112754473180474,-0.00630567180116966,-0.00481483533454658,-0.00056985784353624,0.00097629361351324,-0.0027224984584432003,-0.0016248644809238,0.00125277062599742,0.0096964012222477,0.01270430434281778,0.00547868174475624
1956-1965 (AR6 rate definition),0.00622091648976004,0.006982110585227121,0.00868215529918664,0.00947236517162028,0.007797196200399661,-0.01136807608890172,-0.009329696624923561,-0.00369734107147558,-0.00165752996877094,-0.0065404947033631195,-0.0091898477538065,-0.00795603962739306,-0.00453741241792832,-0.0030039699150418396,-0.006253126534548618,-0.00908704366738142,-0.00726341116103252,-0.00377676500280694,-0.0028169648353800003,-0.00533394058996976,-0.0063885381781693396,-0.00469623362114932,-0.00150413358958828,-0.0005778825382108999,-0.00274921055318724,1.385184009841681e-05,0.00011885557041472271,0.0006722408536708201,0.0011201530367586801,0.00032160890373312,0.00176006175351862,0.0019908885338089204,0.00275142855481662,0.00306629851460452,0.00234237289338396,0.0031591027379035395,0.0035684966376333203,0.0045128160491133594,0.004942440200935661,0.00401327628077876,7.997035891259489e-06,1.6295791954634656e-05,6.717019145779142e-05,0.0001000681141828666,3.5184578084612664e-05,-9.07552754771047e-06,4.8407667392695496e-05,0.00034138511325596,0.00058827401167058,0.00016113395492232003,0.00063484531885118,0.000755759624245,0.00108593015481404,0.0012526295196377201,0.0009099524050499001,-0.0011879483068530801,-0.0007533597115765599,-0.00015300524225172286,3.479139117354505e-06,-0.0003768245604905,0.00036797664370948,0.00042400940970484,0.0005665550834301201,0.00062699274944528,0.00049173915815166,0.00054182947991466,0.00094359918448956,0.00338270142177736,0.0050268738811666,0.00176995400903796,-0.00169648552044274,-0.00119393777274118,-0.00032123772401318,-0.0001342720837719234,-0.0006755669382944,-0.00993420558505346,-0.00821075913845274,-0.0032967884786497203,-0.0014806428966253,-0.00580075103905976,-0.0006014706673043399,0.00029646867260784,0.00279895024895664,0.003948839666265361,0.0016060458259148798,-0.010145239069606259,-0.008003127659089561,-0.0018321555536804197,0.00050781685384836,-0.0049885423797549205,-0.0108768348835909,-0.007639861361197139,0.00109199064444272,0.00429530985970894,-0.00326363913912434
1957-1966 (AR6 rate definition),0.0065913891629738805,0.00740137541944326,0.00919276532151476,0.010027102777452118,0.008261406620343461,-0.012988848933611359,-0.010690180309417699,-0.0042729933789210995,-0.0019204837674500399,-0.007517513223627361,-0.009161920471624861,-0.00794699333996478,-0.00444627134059412,-0.0028818231295003605,-0.006215236900430719,-0.00890651546102578,-0.00712724159739228,-0.00359144802319274,-0.00259641241666036,-0.0051769042647245595,-0.00666384215156232,-0.00491930670756278,-0.00159927199379058,-0.0006527638094980062,-0.00288690615784034,1.2249992617095631e-05,0.00010401966342642211,0.0005926575516660601,0.00098959163790846,0.00028270976420376,0.00180065242765522,0.0020364968579826602,0.00281359512002174,0.0031355125154509398,0.0023956721388932,0.0033790913133909597,0.0038177412222731998,0.004824179461508021,0.005281489592609921,0.00429204679799798,9.19532715603523e-06,1.8742418371909996e-05,7.727176630904785e-05,0.00011517006341206296,4.0472958229877277e-05,-9.324111256071085e-06,4.976986559728783e-05,0.00035096911999082003,0.00060481171998558,0.00016566169250636,0.0007138549230540801,0.0008502880524166001,0.0012250978569132802,0.0014131683593502603,0.0010247733410108802,-0.00114562687639032,-0.0007259539946010001,-0.00014613732318529863,4.6032176099036826e-06,-0.00036222042854534007,0.00037859301427092004,0.00043613835896050003,0.00058244817986176,0.00064447666411142,0.0005056670612909199,0.00055787948270636,0.0009714889719630398,0.0034820538660793,0.00517451957139096,0.00182199940762734,-0.0029519773851550196,-0.00216016588173238,-0.0006255783205626601,-0.00027027764456804003,-0.00127763605421708,-0.010430972562679459,-0.00865512724080626,-0.0035152263368796997,-0.00158443263884378,-0.006143728796124521,-0.00026020011576734003,0.0006847559916250199,0.00342832629463884,0.00491282554467514,0.00207475995475592,-0.01132113339955154,-0.00885380940021884,-0.0018913317172815599,0.00075142069928572,-0.00542666567997494,-0.023212758915918598,-0.01976782868616276,-0.010696107267579861,-0.00751981892362126,-0.015196633563186422
1958-1967 (AR6 rate definition),0.00698004792314582,0.0078412666013746,0.00973023392756776,0.01061139299652788,0.00874911113218824,-0.01260529500335472,-0.01033113427603838,-0.00412727562296622,-0.0018616741903793401,-0.00723507139845888,-0.00929054744677106,-0.00804337632674154,-0.004412770115967921,-0.0027915100090656797,-0.006257857797723781,-0.008952355731617281,-0.00715258809689314,-0.0035115895592804603,-0.0025227777975978,-0.0051381221684542,-0.006975528057325941,-0.00515853985855068,-0.0017047695335564602,-0.00073847690594589,-0.0030335766054463598,1.1004333906440224e-05,9.28888414196018e-05,0.0005334257009353999,0.00089215496035684,0.00025351087421624,0.00184870097763606,0.00209051971841938,0.0028874510351454994,0.00321765712942132,0.0024589367707569796,0.00359226968884462,0.00405931761662162,0.00512640446316108,0.005610379966822479,0.00456281985297344,1.0741654168427746e-05,2.1904030742360076e-05,9.033634781124862e-05,0.00013474798558104001,4.730971385442624e-05,-9.616240852858109e-06,5.135085321398395e-05,0.0003620760616366,0.0006239828833124399,0.00017091559076846,0.00080534625265066,0.00095981348229736,0.0013867048957187003,0.00159943627916044,0.00115799934349272,-0.00111457336987504,-0.0007060008249950801,-0.0001430676312608958,2.456661765322097e-06,-0.00035243229884084,0.00039168632493321996,0.00045106741059002,0.00060194826543778,0.0006658815034862201,0.0005227808947815799,0.00058807169448466,0.00102384933165524,0.0036682235967028603,0.00545043059280418,0.00191952427679836,-0.0033311722559658,-0.0024586028862997405,-0.0007260328030001999,-0.00031593924676784,-0.00147019561567114,-0.0096971014867127,-0.0080134389548336,-0.0032528340461677394,-0.00147193252172484,-0.00566206118127212,4.0406545906341506e-05,0.00103360700354426,0.00400107690655818,0.00558551133853012,0.00249418865550642,-0.010616295966235019,-0.008110764126885961,-0.00123183603521542,0.0013461859867428,-0.0046773386543447,-0.020455355738755256,-0.01719512202431316,-0.008462573567278121,-0.00547146076508652,-0.012748768866824101
1959-1968 (AR6 rate definition),0.00737524284015996,0.00828776475624598,0.010276652495066261,0.01120614037369232,0.00924448939886956,-0.01065238432995406,-0.00865168166202488,-0.00341350715511162,-0.0015489416086171002,-0.00598237294728412,-0.00938497152743916,-0.00809195823344314,-0.00431535340005696,-0.00266790438003156,-0.00625293353290262,-0.009033409600908062,-0.00719633141196132,-0.0034570677256945,-0.0024625788552290803,-0.0051185293089259405,-0.00721300174341054,-0.00533440458792622,-0.00178773684041062,-0.0008167613658517364,-0.00314273178577418,1.0095503756240346e-05,8.503057572313327e-05,0.00049110259612396,0.00082237056755654,0.00023270395838395999,0.00191075824291412,0.00216046661987444,0.00298332794236408,0.00332398779554796,0.0025409567762504598,0.0037798183199130807,0.00427131843765572,0.00539029024080794,0.00589766846822966,0.004799893922877959,1.2810818267945993e-05,2.6138832062398165e-05,0.0001078611447172199,0.0001610783669095,5.64754353201186e-05,-9.984423413477578e-06,5.334649151473339e-05,0.00037606715716868,0.0006481026823095799,0.00017754161871514,0.0009104693862750001,0.0010856450122244403,0.00157255712686046,0.00181347762505432,0.00131120870877616,-0.00111333804916246,-0.00070578978522252,-0.00014828478046547986,-7.442638278008173e-06,-0.00035467952715624,0.00040655182821274004,0.00046806464314906,0.00062422894304896,0.0006903612645285999,0.00054231060499492,0.0006251289741220201,0.00108821197511114,0.0038979155923380597,0.00579138289346834,0.00203979862232998,-0.0028197830898702802,-0.00207559045291552,-0.00061538998551766,-0.00026872360887678,-0.0012417109738187997,-0.0081876102037812,-0.006695645245863081,-0.00267086630030602,-0.00121634721842496,-0.0046564605662768,0.00044883269794053997,0.0014750469867026602,0.0045982021824879605,0.006156599700450839,0.00297660995613442,-0.00835816018960688,-0.0060531092623869204,0.00011874892639390638,0.0023890285618376997,-0.0029233678633516,-0.0188832373031358,-0.01572694230688602,-0.00769185710775054,-0.004917396788113121,-0.01165620728344722
1960-1969 (AR6 rate definition),0.007780224903063301,0.00874441348711646,0.01083636863918012,0.011815663919304319,0.00975135035587076,-0.00781856788919216,-0.006239719050138401,-0.00231686452043972,-0.00106748371750858,-0.00416366741216426,-0.009253088773199962,-0.007963976752577361,-0.00410956727582392,-0.00239264316247262,-0.00610141772212398,-0.008911253457719601,-0.0070705068460016,-0.00328272775438692,-0.00228148805282328,-0.004981401517535639,-0.007339446315711139,-0.00542716441235752,-0.00183146342321324,-0.00085763220009248,-0.00320257962653124,9.265728086712916e-06,7.758173678973411e-05,0.00045111190261255997,0.00075670130765344,0.00021300747369722,0.00198888511594494,0.0022487254449814805,0.0031047544958916003,0.00345865235771188,0.00264466962127968,0.00394422825538746,0.00445652584397428,0.00561912377819866,0.006147019718632501,0.005006117685274599,1.5202460998745497e-05,3.1028646122572493e-05,0.00012808097659918,0.00019139885020114,6.705489812178931e-05,-1.04451517867291e-05,5.5830028118339883e-05,0.00039347857664702,0.0006781720687267602,0.00018578976054078002,0.00102965120892178,0.0012282694807162601,0.00178303658718972,0.00205549036988026,0.0014848593659133802,-0.00114852823813752,-0.00072986177323436,-0.00016192675963264003,-2.4583472390518373e-05,-0.00037117535079064,0.0004212598898871,0.00048491960095629997,0.0006464548259973,0.00071483897688708,0.00056173276607732,0.0006540808342396599,0.0011386198234151202,0.00407872432994116,0.0060601217593207,0.00213439372678594,-0.0018438548289334404,-0.0013281934565865401,-0.00037724075494562,-0.00016421948547544,-0.0007718279065385801,-0.006208072854410519,-0.004979012956969741,-0.0018588516883742197,-0.0008589087619541,-0.00333980556436328,0.00101041540955048,0.00206473429437836,0.00537592914917246,0.0071155697739484994,0.0035961907469864596,-0.00518847337907006,-0.00319786464788692,0.0021063709320443603,0.004082809858249861,-0.00048388182213808,-0.01074744641430898,-0.007974301581070561,-0.00055695284921108,0.00211417211592104,-0.00429577762920716
1961-1970 (AR6 rate definition),0.00823390944437542,0.00925638043844334,0.011468533998908379,0.012504167822274242,0.010321800925514862,-0.00412976684175768,-0.0031056377415855404,-0.0006685902078819001,-3.2189717851428866e-05,-0.0018065381132658597,-0.009205158542502982,-0.007911353947538259,-0.003918640592784559,-0.0020758869758044397,-0.0059960644263209,-0.00885492188551204,-0.007012037093169701,-0.0030981066866354,-0.0020457189051490197,-0.00487197238387476,-0.007497147928584661,-0.005545962370977179,-0.0018719161218314,-0.0008731771900713201,-0.00327596015776642,8.9195037073682e-06,7.507142122044706e-05,0.00043560170210668007,0.0007306444500431399,0.00020580372801330002,0.00207876636133044,0.00235042702338908,0.0032452153428937196,0.00361462942307638,0.00276439312732576,0.00413101351893302,0.00466758655327734,0.0058804021535497405,0.00643118815169186,0.00524133619937026,1.74768857308815e-05,3.566536240819418e-05,0.00014719094582687998,0.00021982043990366,7.706967773353397e-05,-1.0982838493708307e-05,5.869668419613986e-05,0.00041360714843095993,0.00071290654305252,0.00019532135461986,0.0011627484429062602,0.00138739850654292,0.0020175024107211,0.0023247219193162,0.00167855714871122,-0.00120893066534484,-0.0007706044354221598,-0.00017977783055690003,-3.9584052318594355e-05,-0.0003972989478797,0.00043468969371730006,0.00050033166790094,0.0006668678859869001,0.0007373510190483002,0.00057953017566236,0.0006795131189353001,0.0011829479731167599,0.00423763984983612,0.00629643634142294,0.0022175575183195797,-0.0007454548293413599,-0.00049235482813032,-3.2307061269106814e-05,8.075081888686779e-05,-0.00023327517381399997,-0.00348634678294706,-0.00263487106010482,-0.00061578174585216,-3.9033146456900776e-05,-0.0015423448425787801,0.00152133885116284,0.0026319029739408197,0.006188605509201641,0.00829055923765352,0.0042248966838373606,-0.00139432673652964,0.00021892712983215157,0.00480222796418444,0.006981521364414301,0.00244858331752542,-0.01146317892064422,-0.00877513127650666,-0.0018504077488217402,0.0008381927056047,-0.00536720503436238
1962-1971 (AR6 rate definition),0.00873481074427108,0.009822207217505442,0.012170302572394822,0.013268355999932098,0.0109535479906833,-0.00027516881489388,0.00015902262928638,0.00212416109934896,0.0034365863282881997,0.0008274242004633,-0.0093263070754932,-0.00799170773173818,-0.00382740202871232,-0.0018611665876073799,-0.0060181625051931595,-0.00896867996092994,-0.00710443099827474,-0.0030619462171287003,-0.0018587403405796,-0.00490521440903342,-0.0076887075946186,-0.005690728343978001,-0.00191634854441788,-0.0008763190153562401,-0.0033623100659160403,9.390871596141679e-06,7.973599199939412e-05,0.00045695111880242,0.00076458146197322,0.00021712959094928,0.00216838385751748,0.00245185018208888,0.0033854623706051396,0.00377057971737596,0.0028838278443524,0.00435149049939526,0.00491721201033296,0.00619148757818968,0.0067695446393706005,0.0055205189278631,1.9845713375182393e-05,4.048709548660554e-05,0.00016703945938494,0.00024928495546828,8.747526940141776e-05,-1.1528409487447865e-05,6.161153660240372e-05,0.00043412809079562,0.00074830820716234,0.00020502495551196,0.001309141506582,0.0015623620185661999,0.0022746369871000003,0.0026196174762126803,0.00189137500739004,-0.0012775146550300799,-0.00081631913677304,-0.00019688203298679998,-5.197642016520931e-05,-0.00042556980568344004,0.00044690237736155997,0.0005143529434321001,0.0006854777671170201,0.00075790447967516,0.0005957389972877801,0.0007072622522033999,0.0012312530468358799,0.00441063746087474,0.006553424385460881,0.00230805756919308,-5.310196246770816e-05,2.1901287189570054e-05,0.00038340057063194,0.0006695252240778,0.0001450899260552,-0.00020631579893892003,0.00011048874866784525,0.0017522935682137998,0.00280468770161718,0.00068243627376484,0.0019864933906179,0.0031607518479678997,0.0068925907568497605,0.00929279051224386,0.004822981890403821,0.0024468706981701596,0.0037980868592406196,0.00859417430343046,0.011287511957414162,0.005838705165819621,-0.01408042347158836,-0.01092390953663124,-0.00355781304968348,-0.00086931303121978,-0.0071746278754399595
1963-1972 (AR6 rate definition),0.009288930343859062,0.010449155277194361,0.01295017795562738,0.01411875980911828,0.0116546407974127,0.0010524569605265,0.00236366302567728,0.00660387279526042,0.00842784873136158,0.004360564185630959,-0.009448888896089538,-0.00808989951104824,-0.00388889174470392,-0.0018262961805995401,-0.0060801080140199795,-0.00918200557611198,-0.007285864468234919,-0.0032724842717249602,-0.00208193180416566,-0.00505643868085108,-0.00780284204582368,-0.00577725647597598,-0.0019402479564601,-0.0008679341703468392,-0.0034112188378066202,1.079754864225505e-05,9.245468521149252e-05,0.00052336883991952,0.0008726379638819599,0.000250126494264,0.0022493876268465797,0.00254342997543734,0.00351174392591818,0.00391115137573438,0.0029914571119076796,0.00462090101205938,0.00522307759216332,0.00657642017783536,0.007188389951532501,0.00586460286017616,2.2577554763026425e-05,4.605276325001438e-05,0.00018996450743762,0.00028338003143749997,9.948784247334965e-05,-1.2035507540338437e-05,6.43249285915202e-05,0.00045323403159319996,0.0007812739301359199,0.00021405112054758,0.0014681252322695402,0.00175230458521026,0.0025527509787091405,0.00293809089724984,0.0021220857113825,-0.0013398765059131,-0.00085725846100932,-0.00021035176856494002,-6.074741661237647e-05,-0.00044981439005240003,0.00045803863193948004,0.0005271565967662399,0.0007024932692448,0.00077669888938012,0.00061054213367626,0.0007389283737901,0.00128632513501422,0.004607641265247759,0.0068460503356023005,0.00241117193843374,6.474569944153201e-05,0.00016826140618932,0.0007154299468412,0.00103047681513068,0.00038790094044414004,0.00095764267712538,0.0021496288622002203,0.00592631700362894,0.007519395787452239,0.0039457317290714404,0.0026087371589559,0.0038124930226441,0.0074827199580091005,0.00983413510250316,0.005486284991105339,0.00531024455753234,0.0070329399007739,0.01336804148536734,0.01632231048110754,0.00988293836514146,-0.011458435597554321,-0.00809901766971588,0.0003900085798894399,0.00320036568736058,-0.00371180926756504
1964-1973 (AR6 rate definition),0.009979844629764499,0.011233150962266,0.01393925579244436,0.0151981276345975,0.01253776163765874,0.0015545639797095,0.00347428504668918,0.0089680221006951,0.01100841985707464,0.006214724234516939,-0.009715755435553421,-0.00832575730338236,-0.00414167931513348,-0.00199361284212628,-0.00625857521187172,-0.00964542702291948,-0.0076437564385658996,-0.00367959660670968,-0.00266077693077644,-0.005384146887244539,-0.00792710341197068,-0.0058663144889202394,-0.0019610720954383403,-0.0008747854692967318,-0.00345891704161956,1.3090356821053197e-05,0.00011271617542100393,0.00063475752280966,0.00105646153641012,0.00030395869447874,0.00232365104781856,0.0026272418619105,0.0036270825900814206,0.00403961333903394,0.00308984919027844,0.0050193276992349396,0.0056779146125821795,0.007161969429796341,0.00782771259365656,0.00638288306467456,2.530204017104111e-05,5.159244973311257e-05,0.00021275368249322,0.0003171604385486,0.00011144067368919998,-1.2510042247771586e-05,6.686696026641577e-05,0.00047115364323055994,0.0008121765473800799,0.00022251183138874002,0.0016400219392820998,0.00195746740502384,0.00285202532793304,0.00328025213787044,0.00237090629271482,-0.00139356102681518,-0.00089213668342788,-0.00022051522792734,-6.604671151247464e-05,-0.00046947074207388004,0.00046859035674818005,0.0005392792577996,0.00071861035105852,0.00079451404895744,0.00062455869420904,0.00077466692323934,0.0013484968186778998,0.004830087507854759,0.0071765724826942405,0.0025276074739116004,7.825403429367985e-05,0.00019338809943998,0.00073965256795012,0.00103144311719294,0.00042198211598696,0.0014446442172382401,0.00322732116369046,0.00827513609617858,0.010125035810721699,0.005758604400113841,0.00336678275465962,0.0045826608444704394,0.0080683711362607,0.0100643802231008,0.00623716876362306,0.00685958970315524,0.0090279441253705,0.016181711459340418,0.01905975851281118,0.01243574672576148,0.00285466155863476,0.00629935753439464,0.015699647185501278,0.01888112285378326,0.011048827363181598
1965-1974 (AR6 rate definition),0.010768594835743722,0.01212861858461838,0.01507484455072514,0.016439083755016275,0.013548529617714118,0.0013158538807165401,0.00292645284680248,0.0074122671669560195,0.009071704039378339,0.0051745263046132795,-0.01003470520539712,-0.00857878971298532,-0.0043137894762284605,-0.00223853365038374,-0.006449526385827441,-0.01016802408388162,-0.00802998011347014,-0.003984615613023381,-0.00296359592269764,-0.00572568910591524,-0.008005770083629678,-0.00591235605360878,-0.0019608225588996597,-0.0008615687768572061,-0.0034813831024097003,1.547457077399355e-05,0.0001332792641143,0.0007503249006289,0.0012485011860050399,0.00035925194451749996,0.0023908075356121597,0.00270287093547254,0.00373097623875642,0.00415532863049792,0.00317853785373944,0.00550398917541354,0.00623195667844824,0.00788561135277598,0.0086216562119397,0.007018153920318081,2.7431630730434056e-05,5.589961211168857e-05,0.00023038228709936,0.0003429962801817,0.00012070257248435999,-1.294917590602183e-05,6.920579609770448e-05,0.00048764268273875994,0.0008405988404921999,0.00023029260026905996,0.0018261871600918202,0.00217962644235648,0.0031751692113663396,0.0036492853532686,0.00264004634467484,-0.0014354471388187799,-0.00091899238003018,-0.00022733610523014002,-6.836401927282407e-05,-0.000483781694237,0.00047884987193069995,0.0005510776078836,0.0007342902513615599,0.00081186159022822,0.00063820045215608,0.000799507409447,0.00139182513207192,0.00498568098328328,0.0074080605452710195,0.0026090003730672197,3.4018349878765126e-05,9.98593804283094e-05,0.00043362580527806004,0.00062550716304876,0.00023519110731724002,0.0012526608462388599,0.0027856959862747,0.0070152070232624205,0.00855456873277818,0.004916198596527559,0.00423157574010614,0.0054559189771160605,0.008836798911744862,0.01054052670661242,0.00710733138250578,0.0073799919323487015,0.009305861699581081,0.015401012149001561,0.01777625333269434,0.012264614782550079,-0.00973119137793858,-0.0067262726885619,0.0016999391736575002,0.0048037056438708405,-0.00257699144131916
1966-1975 (AR6 rate definition),0.011501201158220078,0.012957971204049599,0.01610571754701208,0.01756368324070262,0.01447572653943838,0.00087687304855856,0.00192934206350504,0.0050251908097303,0.00627487109116076,0.00341090802554828,-0.01006282770633692,-0.008564966182275221,-0.004247339821223019,-0.0022108636615854,-0.00639906715263016,-0.010361103289055061,-0.0081604434692498,-0.00406417662817414,-0.0030331777528379406,-0.00584062210538168,-0.00786360549655822,-0.00578789027134572,-0.0018970663954813599,-0.0008067569891315451,-0.0034015708123192,1.727616635969647e-05,0.00014873730544222,0.00083762586672192,0.00139384114426188,0.00040096570878766,0.0024477434944022197,0.00276698230432736,0.003818881271463401,0.00425344876448308,0.00325363415660272,0.00592743840813632,0.006713424144911,0.00850118197130428,0.009295170448043079,0.00756442146770878,2.8557758893839488e-05,5.814280370532562e-05,0.00023945692985483997,0.00035593925874366,0.00012550220404974,-1.3331667115297967e-05,7.124738459558734e-05,0.00050206057399958,0.0008654651163201999,0.00023708721792148002,0.00202601201397674,0.00241801076040342,0.00352082188928666,0.00404341656613076,0.00292850930808162,-0.00145331551179736,-0.0009299717273224001,-0.00022866996007432001,-6.684166770496839e-05,-0.00048847628926686,0.0004887108911167,0.0005624179179920601,0.0007493889017538201,0.00082855865788274,0.0006513232816800401,0.00079986965498234,0.0013927744707374198,0.004991136633446681,0.007417746268438499,0.0026117095035133398,-0.0003279831691051,-0.00019827770444252,1.8936766543478652e-06,6.738021742829459e-05,-7.389749262625667e-05,0.0009089599619760399,0.00200628402499532,0.00513538922310774,0.006352733297555681,0.0035307630704659,0.005234486887852301,0.0064572254596333995,0.0097759870420802,0.011414715649503618,0.00810132384300228,0.007667572025096721,0.009218648078766701,0.014005710104559378,0.01595005661791016,0.011557970173431117,-0.013480945648314578,-0.010782994069738941,-0.0034964233353211405,-0.0008055629512068938,-0.00716140731682318
1967-1976 (AR6 rate definition),0.0121068218368472,0.01363946081147044,0.016925455216205438,0.018454807416959196,0.0152250320983655,0.00058045999731186,0.00126247922989226,0.00360180049547638,0.00458261291750448,0.0023349461806091,-0.00996805456732254,-0.00841778193441302,-0.0041075263561624,-0.00204971706596284,-0.006225344204541359,-0.01039716348322948,-0.00816819039510954,-0.00404591633478794,-0.00301315864785146,-0.005843383931752361,-0.007591916552095661,-0.005562189803159539,-0.0017934793617688798,-0.00071470823368956,-0.0032574290262929796,1.882461297225123e-05,0.00016215714470224,0.00091323196167744,0.0015196496187285598,0.00043716327315472,0.00248959972325596,0.00281401190893212,0.0038834025373964,0.00432585769259564,0.00330870598103058,0.0062311173569071995,0.00705484642332244,0.00891674270702126,0.00974594254385336,0.0079418912800875,2.8678011598596197e-05,5.833037049777693e-05,0.00024007893745980001,0.000356366400494,0.00012587108695165999,-1.3628390664411093e-05,7.285376511173633e-05,0.00051346065423474,0.00088511477185016,0.00024244596306794,0.0022344337247424398,0.00266636232602772,0.00387843403861374,0.00445008421249004,0.0032282123951748805,-0.00143744679292038,-0.00091864341235516,-0.00022206559024294,-5.979869376412966e-05,-0.0004796599449984401,0.0004985882572151799,0.00057377184046936,0.00076449066129592,0.0008452446925820199,0.00066445444795214,0.0007829484961023401,0.0013639886757189198,0.00489173602470842,0.00727327548193204,0.00255928683010008,-0.0011343116531922202,-0.00081124444621622,-0.00022530097433956002,-9.316213603325221e-05,-0.00046753839730649996,0.0007440342789120199,0.0016358673222136599,0.0042748829225247005,0.00531567075035784,0.00289389429444614,0.006199901278271781,0.0074039348390969005,0.010644867800040642,0.012224432555111919,0.009019003962025481,0.008082370797793021,0.009436455097162321,0.01351184751915204,0.015204004029432899,0.011432203749815581,-0.02134391832362264,-0.0188694293540408,-0.01197583833862882,-0.00950676994751712,-0.015518511140465022
1968-1977 (AR6 rate definition),0.012620733259302162,0.014214870680823421,0.01760343589276972,0.01919181048328222,0.015850111264170956,0.00042579540762706,0.00096974013157636,0.00300882647574846,0.0038833507297164798,0.00189706347205418,-0.009918399503736738,-0.00825154765808216,-0.003936917133403481,-0.0018479942123997798,-0.00601927961363932,-0.01049693035356924,-0.00822485350045284,-0.004016138826175121,-0.00299520033146394,-0.0058428455302208995,-0.00725024814045786,-0.005275920352249381,-0.00166212396621698,-0.00061991141764728,-0.0030701257017525197,2.058651757947999e-05,0.00017748163468339997,0.00099965507607114,0.0016635775001662598,0.00047853383038074,0.0025119426426561797,0.0028393129250316403,0.00391841680172714,0.00436590488571104,0.00333830023805294,0.00646216109575642,0.007311994523893681,0.009220296611569099,0.010074641552838359,0.0082206370162241,2.82954763573743e-05,5.750773526572933e-05,0.00023662493495324,0.0003509981498036999,0.00012408968071788,-1.382392900907711e-05,7.391236751253768e-05,0.0005210421045056,0.0008981882132815002,0.00024597804598282,0.0024444570378258797,0.0029158243918734595,0.0042330275606025,0.00485182519426396,0.0035274518371531,-0.00139459565191552,-0.0008894363030790601,-0.00020853282492037999,-4.848430417901454e-05,-0.00046004187202808,0.00050912071854774,0.0005858724628885199,0.00078053637788148,0.00086295923048794,0.0006784263930537,0.00076143696226852,0.0013272724060397602,0.00476412541270252,0.00708767732797244,0.00249218999436402,-0.0017660941237297397,-0.0012930504938613399,-0.0003782641372015,-0.00016251214082649998,-0.0007680707746652001,0.0007140798363834,0.0015714957686536,0.00410252196274016,0.005092761373655301,0.0027827670718683995,0.0071187031350352,0.00827918917374172,0.01141151800661372,0.012806590750361899,0.009840330355095099,0.008725187373883742,0.009982550295555179,0.01372281974301186,0.015202349509253579,0.011822378563158379,-0.010035174873516378,-0.00758945530115932,-0.0010960725250681402,0.00102818105057242,-0.004294353299588959
1969-1978 (AR6 rate definition),0.013079556983528659,0.014727949991009421,0.01820533722133342,0.01984742143659874,0.01640526625243096,0.00041658317853665995,0.00094373420891206,0.0028837015256736797,0.0037278447020233996,0.00182493809384828,-0.00987247082139504,-0.0079994192145087,-0.0036200091094681004,-0.00149632467329498,-0.00570559553124682,-0.010685313360257518,-0.00829791134920984,-0.00392465056632498,-0.00291058628486862,-0.005785056641607501,-0.006784120188517959,-0.004886785298766441,-0.0014778583214138,-0.00048959835672354,-0.00281012559478928,2.2573989879493758e-05,0.00019454625497256,0.00109586239292308,0.0018237705327795797,0.00052454979525816,0.00251997950989184,0.00284884695437818,0.00393258629260636,0.0043832107863642404,0.0033497082013071804,0.00666165741736234,0.00753301205002896,0.009480874304699119,0.010357931059418278,0.00845924102898796,2.804117534759081e-05,5.697112111163071e-05,0.00023438906625584,0.00034762300926282,0.00012294525104203998,-1.3942029854550802e-05,7.45886430130156e-05,0.000525934445,0.00090670597575828,0.0002482365131039,0.00264916217101338,0.0031575524713505004,0.00457024045448858,0.00523193530106178,0.003814803665560261,-0.0013549155796115798,-0.00086212265888844,-0.00019501030257702002,-3.660618271114294e-05,-0.00044171037773286,0.0005206030336292799,0.00059904289877772,0.0007979578166748,0.0008821720424474601,0.0006936163522980001,0.0007391816314422,0.0012890766547032802,0.0046312083896362,0.00689539441827568,0.00242216176607386,-0.00186888291697792,-0.00137446609749382,-0.00040755972655808,-0.00017649729594546,-0.0008224130240890799,0.0007103056346602001,0.00156366917996692,0.0040682840464241,0.00504696321600308,0.00276642262032536,0.00806893559296922,0.009176987579735802,0.01221029877066606,0.01344707360683062,0.01070102021549682,0.00963736715461264,0.01083915140213386,0.014395454779899421,0.01572921129609596,0.012611692890976378,-0.009881837212988558,-0.00775903259545742,-0.0018851731321660999,4.6181845528085085e-05,-0.00473707512641942
1970-1979 (AR6 rate definition),0.013494055560140859,0.015190868471607982,0.01874778858531602,0.02043952432906984,0.01690529525279994,0.00041702568079480005,0.0009107645061205401,0.00266566676285226,0.0034267523677059602,0.0017058415123910198,-0.0097745559919964,-0.007662807742393321,-0.0031984257999694197,-0.0011395563896406627,-0.00529428841489728,-0.010818218346798,-0.0082902905023459,-0.0037440485679741606,-0.0027480547215901997,-0.005626788464459461,-0.00626311786247016,-0.00445627354943386,-0.00124717379867124,-0.0003019199164823933,-0.0025222238311261203,2.4317081162178203e-05,0.00020982955145278,0.00118177337368776,0.00196681094846936,0.00056574687418156,0.00252310761719034,0.00285313431340632,0.00394008046099628,0.00439333199280676,0.00335528576464358,0.00683999123356556,0.007730907691428079,0.0097155191049431,0.01061385803872882,0.0086732835841901,2.8008151100342118e-05,5.689059865562189e-05,0.00023405298156462,0.00034710389207759997,0.00012278215896164,-1.4040949696209231e-05,7.515345571532906e-05,0.00053005381238952,0.00091384681957686,0.00025013096630568,0.00284054159344818,0.0033812299377538406,0.00487401090797146,0.005571944563452001,0.004077047557767541,-0.0013361802642995202,-0.0008488085608138801,-0.00018707018447188,-2.5701315509099394e-05,-0.0004321611356554,0.00053319579927302,0.0006134735471145401,0.00081701713394032,0.00090316773093102,0.0007102513448758,0.0007122996298200599,0.00124307401144138,0.004471605689507501,0.006664174250581,0.0023378830967527,-0.0012884984448111399,-0.00093248016148586,-0.00027116861244466,-0.00011578209083666542,-0.00054979746328718,0.0005956641326686201,0.00130178996010706,0.0034959035737947403,0.00437534399872474,0.0023309827392751004,0.0089443090070377,0.01006330218278996,0.013083502542069442,0.014313396435795359,0.011581353192979598,0.01048149044947186,0.011667033390384681,0.015053684142502818,0.01633004582470112,0.013369922439257243,0.00154288960851336,0.00350427150825372,0.00895300679228856,0.010831454971801638,0.00627060319703584
1971-1980 (AR6 rate definition),0.013910479507663,0.01565669536915688,0.01929923240777214,0.021041417353080943,0.01741122542005594,0.00038990151097598,0.0008490309820256,0.0024241216851454395,0.0030905480028101404,0.00156626736124352,-0.00956288981618298,-0.007305911516059479,-0.0028442019106763392,-0.00084652181060024,-0.004905395254944239,-0.01071411984075196,-0.008135391165632161,-0.0035368047191338,-0.0025748227315418202,-0.00539738130388832,-0.005818876034382581,-0.00410337422779106,-0.001069649962539,-0.00016887269554318767,-0.0022906313701108803,2.521738216674742e-05,0.00021729063530531996,0.00122339365141404,0.00203556125859414,0.00058583129874676,0.0025316692170771,0.002863526042483,0.00395568894220118,0.00441198061722692,0.00336791098117824,0.007041515291640201,0.00795636437860398,0.009989571037075679,0.010912746523365782,0.008920790914333199,2.7822269221801298e-05,5.650975406487389e-05,0.00023251757881968002,0.00034487921370642,0.00012197124221441998,-1.4171043971807387e-05,7.58974955586462e-05,0.00053540079944732,0.00092311624708496,0.00025262297215782005,0.0030108605381665397,0.0035772707730079597,0.00513116443500368,0.005857815751975201,0.004302823848345,-0.00133301736956286,-0.00084608636313312,-0.0001839498710564,-2.071807053730393e-05,-0.0004294571980382,0.00054790742334086,0.0006302928969940599,0.0008391842722440601,0.00092755906238696,0.00072963966790468,0.00068120863028994,0.00118986584964118,0.0042870433128241,0.0063971874542308,0.0022404186021197604,-0.00027484035208838,-0.00015442349160076,6.294134312036092e-05,0.00022729036251186,-3.9248624500694295e-05,0.00037710363683143996,0.00081205635391398,0.00253122921062234,0.0032417251508343797,0.00159039194159432,0.00977621527603174,0.010920610274329277,0.01396601807764078,0.015217659419233122,0.012438117148298181,0.011262117308197562,0.012444468802033,0.0156978171803734,0.01697811895428278,0.01407353216951538,0.013263482289420502,0.01509982178938202,0.02034811601394386,0.02230218138918278,0.01771508275615894
1972-1981 (AR6 rate definition),0.014307991203033521,0.01610085390733946,0.01982502014348,0.021615528280084742,0.01789393941561378,0.00034568375823166,0.00077813596808996,0.0023499827902876396,0.00303039113183812,0.0014951828889774002,-0.00904759427634148,-0.006786584405465501,-0.0024757224357489006,-0.0005010561509565801,-0.00444598178068792,-0.01022603614763776,-0.007708563060471459,-0.0032626353731661,-0.0023569787212393,-0.00503303751800996,-0.00535697453943162,-0.0037505525426430797,-0.00092704233156906,-7.986396280201147e-05,-0.0020721001561843397,2.4791162623311736e-05,0.00021318797678539998,0.00120032897693184,0.0019970688431551202,0.0005749425258148001,0.0025535135874242203,0.0028884576281814397,0.0039905449634248,0.00445124865210412,0.0033972809079921,0.007240566854224,0.0081790410619793,0.010261081507711661,0.011209041031924119,0.00916582835443084,2.746438317745109e-05,5.579087016327927e-05,0.00022960936082242001,0.00034070069557333996,0.00012043070605471999,-1.4387170004545472e-05,7.704009557367047e-05,0.00054350187578656,0.0009371447768626201,0.00025643403218545996,0.0031545339835186204,0.0037394121170494996,0.0053347141371531395,0.00608243991028174,0.0044851977558749605,-0.0013408687787525198,-0.0008508666172623199,-0.00018408720228024,-1.9281806226707357e-05,-0.00043138843819948006,0.0005672731294550401,0.00065243235194316,0.0008682869888615801,0.0009595107725171801,0.00075513650973632,0.00064485222270538,0.0011275770774844401,0.00407204251740912,0.00608617031935486,0.00212673373746144,0.00010201336869827487,0.00024629771714862,0.00093459398799592,0.0013251515190893998,0.00053217646001772,2.1695274609195285e-05,0.00032130542487802,0.0015970352174657,0.0021592119981844603,0.0009060516400318599,0.010740410330620639,0.011860914366173,0.0148843865342212,0.01614951045675708,0.01334998533581236,0.012196698808308759,0.01333794064883028,0.01652558912363914,0.01784837876034498,0.01490478517431196,0.0162997296398618,0.0182633569240372,0.02346564670029146,0.02516493001645936,0.021007353771534298
1973-1982 (AR6 rate definition),0.014628140238198322,0.016456853072570977,0.02023979953708066,0.02206978945659866,0.018277317321661702,-4.838324750237279e-05,0.0002534991788254,0.0015531466867887399,0.0021906289661472,0.0008131063232818799,-0.00865799597899112,-0.006349081446546439,-0.0020243198208736,-0.00019877754287284,-0.00393677085638042,-0.01007213164278952,-0.007453638343016281,-0.0029518332150849005,-0.0020897282795472,-0.0046836326248717594,-0.00483533926353306,-0.00334242959781122,-0.0007773931258555199,-1.7978135534760704e-05,-0.00181998504833736,2.4096666785850185e-05,0.00020714165760256004,0.0011669738345299197,0.00194218964919894,0.00055895847635282,0.0025860005328149005,0.0029250431503310003,0.004040874136216659,0.00450719575538774,0.00344016254851308,0.00737929320064454,0.00833292087786122,0.01044540018493474,0.01141114800807198,0.00933270866220644,2.7356579989276665e-05,5.55768757360056e-05,0.00022876251341884,0.0003395460655094,0.00011997226682119999,-1.4663346859654663e-05,7.850506904279945e-05,0.00055383090662454,0.00095500550848058,0.00026130193533993996,0.0032679021027729,0.00386374757183768,0.005481009886526661,0.00624253386371962,0.0046204139766367405,-0.00135246322055652,-0.0008581673842938999,-0.00018483174279554,-1.7732023854147538e-05,-0.00043461184835792,0.000595977711971,0.0006853356846579401,0.0009116802170872199,0.0010071383601787801,0.00079311835494902,0.0006213653691564,0.00108685756036726,0.0039291688019578806,0.00587887564391796,0.00205152768980368,0.00021235244618582002,0.000489515444231,0.00170214993109392,0.0023137448454322996,0.0010136949862079598,-0.00122869483268618,-0.0006638060977061,0.00024837113966539996,0.0005581524182449199,-0.00012687891044396,0.011725639489563981,0.01279568302414628,0.015655733849424237,0.01672995808991514,0.014220670877080937,0.012668500786477802,0.013697093513156379,0.01656021573724164,0.01770947756550524,0.015098283959157499,0.010910880564493183,0.01270254764462476,0.017551895996853386,0.01928314991933854,0.015186228964188421
1974-1983 (AR6 rate definition),0.01496691280603406,0.01683490140004586,0.020686100980007237,0.02255792571559094,0.018687980861374798,-0.00311466418891068,-0.0021868461806552595,-0.00045956518723426,-9.697571189394525e-05,-0.00117455404026034,-0.0083954225354122,-0.00591604069110112,-0.0015201184561757799,0.00023209951772834003,-0.003385567610914,-0.010078774240883881,-0.007210132157621919,-0.00258548833673644,-0.0017693217365127199,-0.00428411571365408,-0.00430165375543358,-0.0029237362697268603,-0.0006543731453969201,3.1338340193605135e-05,-0.00156469245751694,2.3093770325145178e-05,0.0001977335283645,0.0011160043201662601,0.0018588413670658603,0.0005342582703539199,0.0026155696249369003,0.00295854022222932,0.00408734696200398,0.004559234035737561,0.0034796095526579197,0.00756608743017366,0.00854241957917356,0.010703133684216059,0.011692460887359798,0.00956442972024274,2.7646398222355915e-05,5.6160473846830444e-05,0.00023116900868372,0.00034316902338154,0.00012122764301508001,-1.4925550995747357e-05,7.988216106666301e-05,0.0005636058832885401,0.00097193238771316,0.00026589761629244,0.00335147364437576,0.00395154775471394,0.00557567569211572,0.00634495238598544,0.0047117943994023,-0.00136505743590264,-0.0008661115109016799,-0.0001854693241078,-1.5637450428172296e-05,-0.00043805535882704,0.00063178649702754,0.00072662231161284,0.00096667550179086,0.0010677908819281,0.00084105147782596,0.00060319567042766,0.00105529718922842,0.00381760607343728,0.0057157524282281606,0.0019928671238999803,0.00027375605438432,0.00062617724657256,0.00213129521543348,0.0028710171463140403,0.00128199829310298,-0.0050663880559643605,-0.003964167835298081,-0.0014444255992148599,-0.0006450182471254599,-0.0026382025957784197,0.01273283785220344,0.01373215215133894,0.016498203223943658,0.017547465728087804,0.01509898904598116,0.01105847264058656,0.012293422317504838,0.015293828699082978,0.01632101285276986,0.013835300171014,0.0251992735340838,0.026874077343885642,0.03175760418747856,0.03346524994415984,0.02930860550848366
1975-1984 (AR6 rate definition),0.01535807257710076,0.01727344004602138,0.021207871332313038,0.02312718184066538,0.01916684721455424,-0.0076665216130345,-0.00611011204563754,-0.00228956973719774,-0.0010330798723717,-0.0041334649304873,-0.00748705985690602,-0.005115807270642441,-0.0009539637659535001,0.0007098482504035424,-0.00271153810349372,-0.0092772096269058,-0.00651935255112066,-0.00215791641365392,-0.00141533879258412,-0.0037152205181844,-0.0036967006099946197,-0.0024658266719543,-0.00051340009852336,9.635343736521398e-05,-0.0012902421075285599,2.1066534505788457e-05,0.00017913576219449998,0.001016760229816,0.0016963173699649401,0.00048562147908584006,0.0026243210457490796,0.00296933105389274,0.004104174468734,0.0045793696921882805,0.0034929703130866198,0.00784908090486666,0.00886201214934834,0.0111016423633604,0.01212569294734432,0.009921710021568018,2.8377896284782218e-05,5.76371792435759e-05,0.00023723465042524002,0.00035214195710912,0.00012440717835538002,-1.506868935415913e-05,8.063420319053716e-05,0.0005690830452423799,0.00098144493342342,0.00026842863044952004,0.0034114796726992195,0.004010967245562461,0.005633193294839359,0.006406526412250381,0.00477060403110398,-0.0013801681331612398,-0.0008757001385543801,-0.0001869253070065,-1.4686300052386334e-05,-0.00044257051791200006,0.00066843962138794,0.0007690395611479001,0.00102345414482276,0.0011305885342034199,0.00089037523576702,0.00056866490524824,0.00099653184025572,0.0036166720702792204,0.0054244162756384795,0.00188601775602854,0.00027163737586692003,0.00061821962878926,0.0020896026523905,0.00281203657521524,0.00126049621215656,-0.00975952996271234,-0.007980008087843379,-0.00313855546272822,-0.00140654221718252,-0.005574351425324919,0.01394974846731528,0.014899119995218282,0.01762062257745044,0.018665241423881363,0.01624057101480884,0.00790402370871916,0.00978258985569978,0.0143341003201224,0.01594426715915848,0.01211901077718442,0.01220470483520302,0.014418901131365562,0.02065587321449716,0.02286540591557306,0.01756232543827284
1976-1985 (AR6 rate definition),0.01568384634545352,0.017637018362319783,0.02163463003129664,0.02359490803516268,0.01956034172664984,-0.010657579677398138,-0.00874485360188336,-0.0034745705957735596,-0.00156361986480816,-0.006132667529551899,-0.0063000423799860995,-0.00415581131306558,-0.0003292050399563105,0.00124600042718824,-0.00195632876771864,-0.00813786510807092,-0.00564162914572336,-0.00168675524682704,-0.0010113448879935,-0.00306306705781902,-0.0030308074589931,-0.00197009766688848,-0.00033500596539988,0.00018792374305086102,-0.00098465526645828,1.8606231184527967e-05,0.00015689531120494,0.00089979574199424,0.0015045875581827198,0.00042768429456778,0.002604213386774,0.0029487852307882602,0.00408043407400444,0.004555897598013681,0.00347052293293398,0.008109219316280222,0.00915484626257052,0.011464553714520941,0.01252080150445298,0.010247420686663962,2.9430048918115833e-05,5.9768605493291296e-05,0.00024598233182766,0.0003650732182361,0.00012899812127486001,-1.5054699126983755e-05,8.051855849015541e-05,0.00056856508952642,0.00098071212863374,0.0002680851798504,0.00345943432414166,0.004056500304693501,0.005675186320416819,0.0064515653169064605,0.0048151082048813205,-0.00139084320944362,-0.00088247054273426,-0.00018784553741636002,-1.389850930056812e-05,-0.00044566961851982004,0.0007026331609848199,0.00080854821810214,0.00107628890623644,0.0011890324670256402,0.00093625639198398,0.0005232189295418,0.0009194792510433,0.00335562295516328,0.0050470827754699205,0.0017465786274635,0.0001949959837254,0.00044178613713432,0.00151932507815596,0.00206447740858522,0.0009059391127569,-0.012235064047875503,-0.01012335424786288,-0.00406825941656324,-0.00182825768609248,-0.00716025059922788,0.01511865629752472,0.016062023114074304,0.018797699463367425,0.019855994437680057,0.017407611843311376,0.005973487788980619,0.008333971367821501,0.014322062256119402,0.016484766891508337,0.011347283901590238,8.998768742084e-05,0.0026293310761654203,0.010013824560028918,0.01269895327630252,0.006283898057387821
1977-1986 (AR6 rate definition),0.015866691685084103,0.01783933423576928,0.021866531471772598,0.02385404666626086,0.01977508306503292,-0.012065304120316358,-0.0099972267182727,-0.00404520122544328,-0.0018218963567633,-0.00708913042266482,-0.0051655776229771,-0.00323899570920246,0.00026842206915214,0.0018133149476665,-0.00123754721699336,-0.00702957397518732,-0.0047968261424338795,-0.00123653504378862,-0.0006464743679670801,-0.00244506382580956,-0.0024138103208758196,-0.0015084711613076401,-0.00012376063770866438,0.0003161203630381,-0.0007011293168320199,1.6412617829205153e-05,0.00013647201200658,0.0007929696711626399,0.0013302631274317,0.00037451999487748,0.0025578599870204406,0.0029000548072836397,0.0040206427160537,0.00449373227177242,0.0034161620067827197,0.008255952165885379,0.00931767471920356,0.011661728345264041,0.01273761346845912,0.010425054900573941,3.0760666817679365e-05,6.246979044835002e-05,0.00025708896794886,0.00038151938860498,0.00013482142324469998,-1.4890659397651403e-05,7.961223911718945e-05,0.00056264410106968,0.0009706585158904001,0.00026513913900332,0.00350888297706838,0.0041046824345985404,0.00572531007596032,0.00650676286626942,0.00486532297324044,-0.00138908994604236,-0.0008810544876437599,-0.00018572711757182004,-1.0504363556251508e-05,-0.00044405698324690004,0.00073403451659458,0.00084472251940854,0.00112451482871262,0.0012422987854841599,0.0009781832338282,0.00047725832541328,0.0008416755411208799,0.0030921657235332997,0.00466580673058824,0.0016056060339464998,-6.214314514126303e-06,8.172448378455423e-05,0.0006066309741488799,0.00087417994993098,0.00031119454873872,-0.01265958225367248,-0.010496850252464721,-0.00425754258320732,-0.00191893132756438,-0.0074456350678916,0.01600907323215942,0.01698087321592094,0.0198075161886937,0.020913564311735515,0.018359201496297623,0.00532169469739448,0.00796616910334784,0.014797331431056479,0.01724989222215878,0.0113879383332801,-0.01902943730998468,-0.0162009373249154,-0.007986856962927719,-0.00494166795230664,-0.01214293670699444
1978-1987 (AR6 rate definition),0.015953799394043983,0.01793413855379274,0.02197787079738844,0.02398312845374594,0.01987539320281054,-0.01216576135631956,-0.01007416952849346,-0.0040830508811681,-0.00184242889399558,-0.007130796733227619,-0.0044972880157557,-0.0026582440715847006,0.0006649524226332601,0.0022160023134765597,-0.0007624731641826799,-0.00642723048455784,-0.00431199556805866,-0.00092792716477854,-0.00044310044113428,-0.00204775198842536,-0.00198963719606394,-0.0011945575677987,2.1635214329669076e-05,0.00046196314286098,-0.0005117831898457199,1.518623144930306e-05,0.00012636668687738,0.00073685016227936,0.0012377831585930399,0.00034723456836101995,0.00248882895437148,0.0028271934465928204,0.00393055487293182,0.00439912049969032,0.0033348019375945004,0.008323328964637921,0.00939085709615182,0.01175090645587802,0.01283884442394424,0.010504562349030421,3.267815552151826e-05,6.63631960940124e-05,0.00027309728945799997,0.00040522850031085995,0.0001432060666918,-1.459882514389005e-05,7.80222263426858e-05,0.00055198448602894,0.0009524866503973201,0.00025993121477458004,0.00357109938719954,0.0041691205285715,0.0058016241212685395,0.00659225494527448,0.0049368175751331594,-0.0013745306527072,-0.0008711328346620402,-0.0001806036666261,-4.897173860985327e-06,-0.00043761873899984,0.0007583520909149999,0.0008725322886849599,0.0011612471289254801,0.00128275926365992,0.0010102310550935002,0.00044904306429348,0.0007926414941296,0.0029199473057731798,0.00441324938969172,0.00151464538140726,-0.0009936964812685399,-0.00061977755872792,-0.00011072642233206001,-2.7588460034828195e-05,-0.00029476490909334,-0.01157018222348674,-0.00955086132365444,-0.0038691375784448206,-0.00175111863171504,-0.006738041173102219,0.016562482931397123,0.017570141531120582,0.0204144480456005,0.02153506762150558,0.018952513752561576,0.0056723971529439796,0.008411758716539859,0.015437024280519159,0.01791499090194696,0.011948516874602301,-0.012630361180491398,-0.009812855270627661,-0.0017035051537874798,0.0013716942848016,-0.00580704166342244
1979-1988 (AR6 rate definition),0.016067824323972,0.018061313639987583,0.022134578389109937,0.02416041948217328,0.02001568747289252,-0.010541539035398801,-0.008627937871736959,-0.0034384428000352194,-0.0015592845336314801,-0.006011780675952141,-0.0043538482261426,-0.0024417414414159397,0.0008984166692603,0.0024993479409903797,-0.00051707682284438,-0.00644373752131602,-0.00428263604496462,-0.00079308353463802,-0.0003752822860172,-0.00188830047845836,-0.0017397159166408001,-0.0010173608028527,0.00011637210580655556,0.00062527727380842,-0.00039812877548458,1.5519363519905125e-05,0.00013122975388256002,0.0007557816153222401,0.00126640280787688,0.00035811694508244005,0.0024047420462875403,0.0027385377999507602,0.0038210118434645205,0.0042830909752484,0.0032360412496508597,0.00841834705706794,0.009496903519558139,0.01188367593577408,0.01298644697666162,0.01062277067791326,3.5427370209590385e-05,7.195353390663073e-05,0.0002961005094969,0.00043937898001092,0.00015525205089058,-1.4229268184863035e-05,7.59653583253592e-05,0.0005381394498952999,0.00092896524726436,0.0002531939581262,0.0036553578261624203,0.0042606160309729595,0.00591880496939016,0.00672421455202676,0.00504240623477728,-0.0013551304968017197,-0.0008580526508616,-0.00017512498959668,1.8208699695748236e-07,-0.0004297389744808801,0.0007713191339915,0.0008871433458093001,0.0011802125807964,0.00130362992078964,0.0010268315537408999,0.00044312496663942,0.00078059846767868,0.00286735563007264,0.004330478389154739,0.00148896109425656,-0.00201467395804652,-0.0014444754370450399,-0.00040097467389825996,-0.00017018083558216,-0.0008329987045483801,-0.00901016663748652,-0.0073372310644636,-0.00288847117495408,-0.0013195068472501798,-0.00505386973216166,0.01693613797606838,0.01797544771613492,0.02078106346455484,0.021874010949423782,0.019343441146792737,0.007591856969125301,0.01016384601231774,0.01655343004031612,0.01872389034610804,0.01342565718925356,-0.01247302717189862,-0.009965241208307678,-0.00270600055792352,0.00019204047655287367,-0.0064032745399427
1980-1989 (AR6 rate definition),0.01626727262229628,0.01828471031333458,0.022406744570443102,0.024460968747283436,0.02026242201978508,-0.00700710871946026,-0.00556281455716846,-0.0019632341785572,-0.0009054947602138801,-0.0036503202524600003,-0.00453919936490778,-0.0024796054236816,0.00101502023826942,0.0027414076346339,-0.00042992488001329996,-0.006840435811967521,-0.0045574577730713205,-0.00082192746545324,-0.00042421240472426006,-0.0018988859292232202,-0.0016381385389602002,-0.00095011312708704,0.00019138828902075998,0.00080797841783722,-0.00034914187409657997,1.730327777014217e-05,0.00014726758414142,0.0008370356407129,0.00139729482680554,0.00039905932477924,0.002319976272005,0.00264844185150026,0.0037095267508968598,0.004164456064050801,0.00313579959399768,0.00857973277749432,0.00967856115102762,0.01210944028984412,0.01323304324800314,0.01082505748127442,3.901796409621911e-05,7.927945830266588e-05,0.00032626285843093995,0.000484287950436,0.00017105540698108,-1.3835172978526138e-05,7.384057417792905e-05,0.0005237575710271001,0.00090455963710942,0.00024623008727118,0.0037607706071752,0.004377411176354541,0.006072806227748981,0.006897447599606039,0.00517890310874488,-0.0013291133773145798,-0.00084085540292836,-0.00016883892456460067,5.099163701122742e-06,-0.00041978553163277995,0.0007783968301884599,0.0008951277936949401,0.00119067743917302,0.00131524875737496,0.00103590223373782,0.0004554557423248,0.00079996915111934,0.00292137174931436,0.0044009169665249195,0.00152035078767566,-0.0021777555417202004,-0.00159334719815746,-0.0004609537438836,-0.00019805548867738002,-0.0009411411568439201,-0.0053066859210869,-0.0041706814957754,-0.0012503140586202,-0.00054929718440906,-0.0026332826775526397,0.017194458553285278,0.018298318267229798,0.02110605677474626,0.02219762234796174,0.01967189106074244,0.01133257890831336,0.013430173541199018,0.01846776610757362,0.020084147614059997,0.01603756492788136,-0.016565622718336198,-0.01444654308459012,-0.00844806268169032,-0.006034500832561781,-0.01148175033465532
1981-1990 (AR6 rate definition),0.01652775176366166,0.01857655736749818,0.02275921483690084,0.02484783115170214,0.02058375091263738,-0.0022883857093807204,-0.00152476790245956,0.00029054036474724,0.0013231497221752799,-0.0006450554876672599,-0.0049008891474116596,-0.0026876327066709996,0.0009723299665884,0.00280200976268806,-0.00052382476402046,-0.0073557627237204,-0.00493752094344654,-0.0009828223835338,-0.00057877267490732,-0.00205074002796948,-0.0017027062015099598,-0.001000930184171,0.00020073664608324436,0.00091692802185808,-0.00038493692649128,1.933538439597535e-05,0.00016510578756863997,0.00093288996887924,0.00155427720329974,0.00044596693450298,0.00223827796903518,0.0025607507752649196,0.0036005769176916396,0.00404798582828402,0.003038074599974,0.00879169004794318,0.00991734237779264,0.012405272894917059,0.013554821886799481,0.01109067268443824,4.291981700705286e-05,8.723289321571817e-05,0.00035905569866294005,0.0005331577518389999,0.00018822395468522004,-1.3443677199327127e-05,7.175517204132005e-05,0.00050960188885072,0.000880467781289,0.00023937912714296,0.0038734686467231804,0.00450239053400174,0.006237467692656879,0.00708241408702094,0.0053248975809776005,-0.0012878935856349,-0.0008137329078533001,-0.00015895681487334995,1.2828546604413216e-05,-0.00040413089096542,0.00078433056254726,0.0009019437431385401,0.00119983608645918,0.0013255540125748798,0.0010437582026827802,0.00047548117883726003,0.00083345102744566,0.003028774643486141,0.004550784464135279,0.00157895256624072,-0.00150406820801694,-0.0010909059688633798,-0.00031469228502461994,-0.00013411862888477563,-0.0006417901247561199,-0.0012170169039375002,-0.00069629926437678,0.0009694056341149,0.0020666744994831602,1.9402039452511138e-05,0.017322269215728242,0.01851403365604802,0.021343106022025583,0.022437952691858443,0.01990550870245148,0.01602156422896814,0.01746271497480792,0.02115915617400946,0.02260060206687808,0.019293635794610624,-0.0061525297552262204,-0.0042260459247299,0.00078279580131282,0.002708322695265,-0.0016526560970779199
1982-1991 (AR6 rate definition),0.01679279756004156,0.0188731466502854,0.02311778251908038,0.025241165728279998,0.0209102794257077,0.00017095387292399999,0.0006043034510093801,0.0028422633438074203,0.00412176762058424,0.0015029815067254398,-0.005932777079668861,-0.00339938506357594,0.0008079322332685,0.00267150750936878,-0.00080905901663226,-0.0086298891360109,-0.00577136854547438,-0.00117860350211458,-0.0007298611465728001,-0.0024114899292136203,-0.00195810208627668,-0.0011848973400664401,0.00016234115745979405,0.00092801201253222,-0.0005017000030386999,2.1768133268878923e-05,0.00018601683315563997,0.0010483746532689198,0.0017450568039308197,0.00050167867405842,0.0021639641988457797,0.0024803088854659,0.00349969190557794,0.00393980058847048,0.002948029781832781,0.00901714757175152,0.010171122007658939,0.01272004240462272,0.013897271306225702,0.011373012138135439,4.5819049157051425e-05,9.31326487313279e-05,0.0003833411336847799,0.0005691624036566399,0.00020094597937929997,-1.3093555533101373e-05,6.983954866388228e-05,0.00049651315916664,0.00085819647054774,0.00023306200167892002,0.00397412322800262,0.00461215276225944,0.0063789378764051,0.0072405416477809795,0.00545198573307552,-0.00122903498962062,-0.0007749303702151599,-0.00014365657153677167,2.570025244670474e-05,-0.00038133347802084,0.00079015682897328,0.0009086931900995799,0.00120908559344026,0.00133594309809526,0.0010516472544633202,0.00051353548376846,0.0008981027170112199,0.00324716487219836,0.00486344880678432,0.00169549160382958,-0.0004792358418079199,-0.0003022643726874,-1.4976073443920911e-05,5.2178014488631406e-05,-0.00013136340090014,0.00029458102180486,0.0007396657543207,0.00302889416322504,0.00419975261325296,0.0017041754271044398,0.01721417179432778,0.018505244442910837,0.02126533418207452,0.02226403327060464,0.019891928127317684,0.01871425511439636,0.01986402730363782,0.023328729292840644,0.02483321856007424,0.02149268074469128,0.00525237933141316,0.007207791923912139,0.01229444201019958,0.01405014330953014,0.00980325583117184
1983-1992 (AR6 rate definition),0.016929772019386242,0.019024567275336236,0.023307907127611525,0.025454011646184,0.02107877178625624,-0.0012130009654175201,-0.0006879300726534999,0.00046423020655510006,0.00109766470927874,-6.631850183828472e-05,-0.00724551631284478,-0.00410063243056784,0.00085464441080882,0.0028375820323373003,-0.00091800070170196,-0.01034941059621894,-0.0066367379053072,-0.0012212282663041402,-0.00075113804344872,-0.00267636566451098,-0.0021670414814443,-0.00132538144236258,0.00016709630103764527,0.0009384443351829201,-0.0005707239088686601,2.3696983222494858e-05,0.00020297336304047998,0.0011432067228537201,0.0019025867680708202,0.0005472171803315001,0.00209996343742712,0.00241029254866362,0.0034106606102350607,0.00384371891798388,0.00286909631707446,0.009145573319810758,0.01031407434290102,0.01289886829058326,0.01409503323381592,0.01153219788363482,4.779694495157332e-05,9.714210571041751e-05,0.00039981329867779994,0.0005934109122802201,0.00020960332120225999,-1.2785312555603327e-05,6.81788746041733e-05,0.00048516914571320005,0.0008387785025617802,0.00022758359033044003,0.00404155229280388,0.00468223060062434,0.0064633389555143195,0.0073339939284505,0.005531174048329799,-0.0011507640742894202,-0.00072310458778428,-0.00012056736860306436,4.775915684346774e-05,-0.00035018205191148,0.00079851326131908,0.0009183605182802399,0.00122209174949106,0.00135042930529872,0.00106287636314372,0.00055637557138542,0.0009718670515851199,0.0035034062539085597,0.005235690161134219,0.00183084039073998,5.8300671860100195e-05,0.00014971447587392,0.00061921991436548,0.0009051288307274,0.0003370014526422,-0.0016563115994953398,-0.00110636426697508,0.00013454860831096,0.00058487304099688,-0.00042864935747765996,0.0165261835365584,0.018139954741434577,0.0213393598036332,0.022381941508163063,0.0198561362967346,0.016356053233146622,0.0179204424178961,0.021345743224476278,0.022440020723776335,0.01976719178936694,-0.006020759116533659,-0.00423193963288894,0.00062450120385844,0.00260880544874812,-0.00186520627768578
1984-1993 (AR6 rate definition),0.01683214362101114,0.018913229195999342,0.02320004097909636,0.02534879990779988,0.020965569344433842,-0.009567047761026442,-0.0077076685145644995,-0.0029715478635881204,-0.0013412618413672802,-0.00528131257178202,-0.007434546114820359,-0.003986593291976199,0.001217092041897,0.0033353329856286797,-0.00061746264948984,-0.01084752782547106,-0.0067553712162104,-0.0010389074497149998,-0.0005946307633862,-0.00252702002272456,-0.0020042981406052404,-0.0012057285243362399,0.00027979684476596005,0.00106526901426184,-0.00047040032843744,2.389558699600994e-05,0.00020430660456638002,0.0011516841637364999,0.00191706816852086,0.0005511827800761001,0.00203013062341642,0.00233503434296804,0.0033161046990842,0.0037417058466058203,0.00278487320199152,0.00911375887646816,0.010277666831377718,0.01286376735369362,0.01406531717560502,0.011495682163672,4.9971935487657465e-05,0.00010155400652012248,0.0004179405888767801,0.0006201669077078001,0.0002191283044433,-1.2444833390569906e-05,6.633846753587082e-05,0.00047264434769746,0.0008173550563779201,0.00022151836786754,0.00405222437259818,0.0046864597968982605,0.0064574251211953395,0.007326002484018121,0.005532540033260921,-0.0010588207159077999,-0.0006620630238091802,-9.15233348129234e-05,7.164574486764171e-05,-0.00031284487834478,0.00080598897848162,0.00092704299476106,0.0012338687822222199,0.0013636033047328801,0.0010729925289298,0.0005694141926413,0.0009948949935761,0.00358738059401506,0.00535953104315378,0.0018746048618446202,0.00014733420470393997,0.00034108464074686,0.00119362958430598,0.00162746343853838,0.0007099171740418599,-0.01085322114907086,-0.00879514915640954,-0.0034274335100047005,-0.00154294499959862,-0.006074839911677559,0.0162579761544863,0.01815091419472834,0.02160010217066966,0.022682289804473,0.02005590787439628,0.00869152640754522,0.01138777071887792,0.01765414232882584,0.0196768984613996,0.01468516562924236,-0.0021174943117145397,0.00019919253053801998,0.0071528784828514,0.01004620859614626,0.00353982630862222
1985-1994 (AR6 rate definition),0.01651271322640502,0.01855868799325186,0.022828342980326998,0.02496079777587538,0.020600366195042883,-0.01624826625558178,-0.0133699297245704,-0.005376502971311059,-0.00242529255201482,-0.009423882286346502,-0.0073250822271361,-0.00359483001412762,0.00178444691490038,0.00403582349310406,-0.00011395855383435302,-0.01106456851056124,-0.00667157326665784,-0.00071527600107766,-0.00027455470123974,-0.00218394944162074,-0.00167300193598774,-0.0009776042134698201,0.00046989638281586,0.00130052602336256,-0.00026856587691736003,2.3569781361423887e-05,0.00020117830616616001,0.0011354842908002601,0.00189082847084052,0.00054327345820084,0.0019440216972972002,0.00224380284764546,0.00320399303418214,0.00362134388992278,0.00268419123057158,0.00897355099880328,0.01012162591652434,0.012695033160484162,0.013893582578861318,0.011334227594462258,5.2698613626875375e-05,0.00010708498964083092,0.00044067878260864,0.0006538824885518599,0.00023105802959898,-1.200337388912552e-05,6.402551723277195e-05,0.00045699971934603996,0.0007906330072066399,0.00021390796215692,0.003984416147298819,0.00460193943417428,0.0063352102075562,0.00718721816756504,0.00543065233664074,-0.0009645327573472201,-0.00059930177231624,-6.0830991988943495e-05,9.772756269593781e-05,-0.00027403107082298,0.00080745361508288,0.0009290065574826398,0.0012371526067455,0.0013676455781766398,0.00107549676163626,0.00056956286231672,0.0009956751869031,0.0035928889272790203,0.0053682308260238195,0.00187717103145334,0.00017326304050704,0.00039673558558825996,0.0013527137713308798,0.0018204619215154802,0.0008155490609274,-0.01771673609784826,-0.014617321981259599,-0.00588902596236398,-0.00265390023259638,-0.010325622869599,0.01594905272035884,0.01814775455720492,0.02184231935197652,0.022979987924749184,0.020225852330525682,0.0021815355293678,0.00589760628396808,0.015278836804086463,0.01852102056777834,0.01068242867787674,-0.00748659655248572,-0.004089712875776619,0.0056514786553575795,0.009493294626853539,0.0006795282193783692
1986-1995 (AR6 rate definition),0.01603887827829878,0.01803969279202544,0.02228497452591402,0.02439010192408702,0.020069244269168698,-0.01799158179243516,-0.014901933198645101,-0.00608025665975692,-0.00275010431528388,-0.01058609490483912,-0.007216052532195999,-0.0031261770349560194,0.0025204425213914403,0.0049194732172922395,0.00052290428768498,-0.011331401664199221,-0.006605969031290519,-0.00033493361084744,0.00020184458205186004,-0.0017613965634143201,-0.00130146078201258,-0.0007100488775606798,0.00076690819082834,0.0017058994602975604,8.234349502758058e-06,2.3470644994319606e-05,0.00020029159046026002,0.00113120224200408,0.00188407736068416,0.0005411609510580399,0.0018435288803143198,0.00213806686834852,0.0030758767734873995,0.0034841605063640206,0.0025686743855475804,0.00879650099169122,0.009926177715532659,0.012485820341471438,0.01367837309476096,0.011134030891187198,5.597512249446343e-05,0.00011374204928106001,0.00046806778398082006,0.0006944937243718599,0.0002454187135409,-1.1484811310021376e-05,6.128587123627236e-05,0.00043847522320166003,0.00075905327747262,0.00020489645726750003,0.0038309945726032802,0.00442301171981924,0.0060959718944448,0.006918079352288481,0.0052218007093125605,-0.00087552820236388,-0.00053956062920162,-3.178125070125772e-05,0.0001283991060571754,-0.00023610919826856,0.0008033867401606799,0.0009248139923268599,0.0012328202220977598,0.0013634995125008,0.00107115308217926,0.00056547421420158,0.00098897498376436,0.0035711846987406,0.005336289779706399,0.0018654587368170002,0.00012521938758564265,0.00028676326072352,0.00098340709486814,0.0013283909549301402,0.0005912571585347,-0.01906790194536246,-0.015810991621373,-0.006453586262317699,-0.0029174189124093596,-0.0112367726175227,0.015460232014005799,0.018040271691842465,0.02208222825743928,0.02331605709140946,0.020350806062871717,0.00022402339631856,0.00433536692388124,0.01472201540614616,0.01834802257292194,0.009611672307505719,-0.0087103914381075,-0.0048974051594903,0.0060245901803273605,0.0102996679751888,0.00047568297215158
1987-1996 (AR6 rate definition),0.0154686173092235,0.01742058423649176,0.0216422587495861,0.023711665337735922,0.01944047812259554,-0.016328172927896,-0.0134742086926,-0.005493873826639359,-0.00249587794916108,-0.009523906120324862,-0.00604805565512536,-0.0022291348377862998,0.0034687905596963793,0.005930047737660219,0.00133969864158916,-0.01052538373253558,-0.00613130439519878,0.00018620260321728,0.00081990964936482,-0.0011491982819455799,-0.0008712998662482001,-0.0003045911662506,0.00120283346745096,0.00226100977261854,0.00038187080175808,2.265370905286444e-05,0.00019255952607044,0.00109016463449504,0.00181716882347154,0.00052103150410178,0.00172916253588412,0.00201862169811214,0.0029326189236207,0.0033308903358198996,0.0024392480470917,0.00862230965585416,0.00973498139309156,0.01228128510063338,0.01346699979088516,0.01093835794564444,5.9740395070934274e-05,0.00012139936067216,0.00049957165753634,0.0007412996592394799,0.00026193268935786,-1.087930040419891e-05,5.8135513588786176e-05,0.00041721901229832005,0.0007228487492961601,0.00019454803882218,0.0035981692601785003,0.004162022027553881,0.005761583123785019,0.00654455873957182,0.00492246615164204,-0.00079949005038446,-0.0004880700478499,-2.8983178238079286e-06,0.00016110894566568067,-0.00020306493296764003,0.0007996336463274,0.0009209867998054,0.0012289113859787,0.00135977353358804,0.00106720591133288,0.00054349611010962,0.0009521213890024801,0.00344636633052964,0.0051550236524957205,0.00179903591221026,-8.075826862323332e-05,6.439784455456508e-06,0.00025791445675504,0.00039676533691038,0.00011500064433974,-0.01658897300898162,-0.013672603153239782,-0.005563963616141199,-0.0025301865267330402,-0.00964355094469444,0.01580880313208604,0.01829276005932774,0.022414857194279124,0.023750133397001154,0.020596062161705682,0.0020870559938026,0.0060111151254538,0.01568349694736072,0.01900191925149972,0.01096309891252802,-0.01699902766560564,-0.013493238639340441,-0.00326734167731744,0.00083700374121576,-0.008507916464974759
1988-1997 (AR6 rate definition),0.014815261136401739,0.0167196468013705,0.02091943126230526,0.022947516495531197,0.018732117197730283,-0.012509378070806298,-0.010153789136339299,-0.003979346702015,-0.00182861978606298,-0.00697129991275932,-0.00576992273872544,-0.0016466902682275,0.0042925349396285995,0.00687809245401254,0.00202280972040056,-0.01062339139887776,-0.005968779919002959,0.00065795932087024,0.0014459103607769599,-0.00072648435831066,-0.0006475982356703,-2.357528552861337e-05,0.0015847006880875202,0.0027346126671992797,0.0006840637187952799,2.212131984361947e-05,0.00018782457720598002,0.0010646826658284602,0.00177550031289906,0.00050857726823192,0.00159989008397762,0.0018844656926212402,0.00277350155476364,0.0031608289615674,0.00229506185560512,0.00844555131233094,0.00954137940876408,0.01207322782241932,0.013250863898884118,0.0107394305503729,6.390437573127478e-05,0.00012987398000456,0.00053445496281432,0.0007931155378393401,0.0002802154109954,-1.0196215441365803e-05,5.454408725949407e-05,0.00039308554744626,0.00068173526272624,0.00018276570251939998,0.0033038591959258998,0.0038394319763689,0.005362589878566259,0.0061029371000599995,0.004559192400086979,-0.0007446443307579999,-0.00044973339637118003,2.0022959104083042e-05,0.0001904667630210403,-0.00017940283386088,0.0007971906526522,0.0009185408014690601,0.0012266265039190599,0.0013577097415020598,0.0010647788011666,0.0005452631971600801,0.0009545131680639801,0.0034520057132749206,0.00516115824200888,0.0018025341313896398,-0.0011315404536364402,-0.0007819652154205399,-0.00020063741391808002,-8.136031552720028e-05,-0.00043123638389778,-0.01177124411573234,-0.00950643963467778,-0.00364126593141238,-0.0016856417287948399,-0.00644605060989936,0.015281007958180942,0.018093056978240096,0.02256098244948816,0.024019350942337123,0.02059485464385058,0.00540237249027596,0.00912229001124696,0.01738137735453514,0.02003542703209498,0.01347679011749496,-0.01048676018970026,-0.0075280467809121,0.00151302714908604,0.005350229176015281,-0.00323070718640858
1989-1998 (AR6 rate definition),0.014257985588275983,0.016119288982044518,0.02028781166365648,0.0222772539239941,0.01811546343745604,-0.006828928603702459,-0.00521228618321998,-0.00130941249804766,-0.00025999043518798,-0.003160195711385599,-0.0074025377649249,-0.00183333628231826,0.00481238882555198,0.00757151618599888,0.00237324015660712,-0.01265192402492868,-0.00648829573212244,0.0009869949178262,0.00186859764474806,-0.0006261406613118399,-0.00075190606902374,2.6251646650525102e-05,0.0017793111792567399,0.00300503876240862,0.00083014742894598,2.293325875969314e-05,0.00019538259772072,0.00110479050554104,0.00184087376838376,0.00052824035061122,0.00147284001247444,0.0017520375006126001,0.00261521682396074,0.00299084206241546,0.00215211153030392,0.008384130479711439,0.00947186645052644,0.011993490785540899,0.0131677392107067,0.01066394955822912,6.820943754152695e-05,0.00013863056619702,0.0005705036160225,0.0008466278704616601,0.00029910797337912,-9.499176763435539e-06,5.095853746558229e-05,0.00036894962807944,0.0006406369195742599,0.00017099538817996,0.00297828948633234,0.00348561538475926,0.00493869999809694,0.0056353266564282195,0.00416757899251848,-0.00071286280227424,-0.00042714251744922007,3.339520296588332e-05,0.00020823858729136264,-0.00016639380123121997,0.00079207265625392,0.00091311722131384,0.00122073991384466,0.0013518179031935,0.00105907608613818,0.0005773458950446799,0.00100874213621468,0.0036366393098325005,0.00542746972134614,0.0019006624817847798,-0.00208833042664322,-0.00152165653210202,-0.00043740689168704,-0.00018720954620789998,-0.0008955782617472199,-0.0053653258899646,-0.003977875577390241,-0.00060944358273686,0.0007173265078259801,-0.00224298284685402,0.0130125080509619,0.01717016681757836,0.022510444729255882,0.024117622639193623,0.020289565306721262,0.00885878632646614,0.01315258869004964,0.019963955500631583,0.021920578295534256,0.01693748365749006,0.00427251900566004,0.006677231901035981,0.014330684322680321,0.01859061536478636,0.01020469314715058
1990-1999 (AR6 rate definition),0.01399502203320006,0.0158160342043096,0.019931617065631922,0.021895889408660624,0.01777889385367882,-0.00029530235806784,0.00021755301544412,0.00339993330731304,0.00549813349385544,0.0013869612311210198,-0.00786857937140894,-0.00170235761404034,0.00525094075071988,0.00805312335468598,0.00271529168793644,-0.013356229109294439,-0.006491901060487241,0.00127903681144564,0.0022378989430990805,-0.00043099813389051834,-0.00075073829654486,0.00010929590490728709,0.0019444687647349398,0.0032196737898118194,0.0009620510989968999,2.244448012699986e-05,0.00019077726709794,0.0010809205894216798,0.00180232350076686,0.0005163986156835201,0.00137339538516414,0.0016445540140975002,0.00248133039329984,0.00284539390242458,0.00203287055998132,0.00854108551957386,0.009640768968697701,0.012169481458085902,0.013351292592106377,0.010832842841292819,7.274362592524443e-05,0.00014785080040716,0.0006084464264412401,0.0009029385543456199,0.00031899586545694,-8.942865195091462e-06,4.8022463675023956e-05,0.00034895836471604005,0.0006063907010988199,0.00016133159286142,0.00265336660002214,0.0031349250974979795,0.004525988141334361,0.00518296553510602,0.00378301392902022,-0.00070272280998298,-0.00042066001864992004,3.559137769041751e-05,0.0002106473939735267,-0.00016412306238298003,0.00079285289098812,0.0009141647264360801,0.00122246571165138,0.00135396355751784,0.00106040829961944,0.00058857732650002,0.00102843641697454,0.0037073863054766397,0.0055315819436853,0.00193761574951082,-0.0022328263041501,-0.0016433966628507,-0.00048337893083894007,-0.00020892175446106002,-0.00097997018246324,0.00024392301745458,0.00098793276682716,0.004747052153293001,0.006989823561824921,0.00245882362875178,0.0120824932076714,0.016930373246019502,0.02264689816850602,0.02433400164228494,0.02029012970852124,0.013589943995981442,0.0185583489009828,0.0247065379576249,0.027010390315995,0.021909239075400558,-0.008016637138158,-0.00546683089734812,0.00161756020447404,0.006393813096494761,-0.0021440776423409602
1991-2000 (AR6 rate definition),0.013925638867147002,0.01571963373603236,0.01978241202397774,0.021731093139359416,0.01765073772632712,0.00192891251903452,0.0043263437129934,0.011812385431009598,0.014970303475994321,0.00789838741283642,-0.0055612247062451405,-0.00049039583639662,0.005594709977055998,0.0082535071020776,0.0031621571156111,-0.010921878195170159,-0.005346828968055261,0.0015693874133355199,0.002588441814437,-6.57574696999992e-07,-0.0004901832021088,0.00032011270374056,0.0020833130328040596,0.00332419967515896,0.0011036671698092999,1.8857058462194147e-05,0.00015656237581908,0.0009046115969166,0.00151520427339,0.00042841036888679996,0.0012919128943572797,0.00155496708552038,0.0023660903126903796,0.0027185021647900603,0.0019316685922217602,0.008808668822953161,0.009936501604860419,0.012500666575720779,0.013699230143518119,0.0111432734583363,7.772631357154874e-05,0.00015798358824664,0.0006501575248202402,0.0009648351628106801,0.0003408619199851,-8.477227864645876e-06,4.556075110467098e-05,0.00033201608280786,0.0005773588985655599,0.00015320248224514,0.0023556164647593,0.00281206943880424,0.0041454772620489605,0.0047694186423763605,0.0034282308771754195,-0.00071361797302958,-0.00042952943760332006,2.7807903871149314e-05,0.0002002642936598525,-0.00017151431039424,0.0008084827808267599,0.0009315562439686799,0.0012439486757823601,0.0013770871884894401,0.0010797889891898597,0.0005627224368579,0.00098538802216444,0.0035633827359386997,0.00532448116215788,0.00186065149578178,-0.0014905821958838999,-0.00108304729996998,-0.00031511903918858,-0.0001349577348746912,-0.00063973822871264,0.00212141745570144,0.004760460781968501,0.012782895733565601,0.01603689243468086,0.008644877211614018,0.01420322073950908,0.01790861156456394,0.022894781588785516,0.02451987358114932,0.02066321114699042,0.02047111162633602,0.0241088775389122,0.03269294600956362,0.0359674531004645,0.02849741323427714,-0.01341343632710134,-0.00993460030607262,-0.0006510462995364599,0.0031987431098593603,-0.00536335174135406
1992-2001 (AR6 rate definition),0.01394570928992642,0.01572896800185692,0.01975420177705358,0.02169330364285088,0.017640177264358042,0.0034354662702653803,0.0076774982796223,0.019558081268137063,0.02387476657243496,0.0136613450829419,-0.0030659967010671003,0.0006504552866472599,0.0057064538445436,0.0081495715108784,0.00346224886901448,-0.00811669256831656,-0.004001764313018659,0.00173436817454564,0.0027478073528318,0.00031966234698433993,-0.00026083194673283974,0.00044624144647153997,0.0020698695295235797,0.00318091269695392,0.0011461798191973003,1.4534973938046377e-05,0.00011229849167614789,0.0006897547750761399,0.0011701806670788,0.00031858702049104,0.0012149397062532201,0.0014717655252326199,0.00225881475914602,0.00259931501475244,0.00183785892797234,0.00910741329373728,0.010270073104265899,0.0128912301663196,0.0141138335935997,0.011503399213155059,8.172491542480315e-05,0.00016609224253752,0.00068351025765928,0.0010142285435488202,0.00035837601305858003,-8.037158162826961e-06,4.3261613826634396e-05,0.00031621345435126,0.0005502309419891401,0.0001456311836161,0.00210113668035374,0.0025297862991238602,0.0038074922056811804,0.0044042485654353595,0.0031154716556721996,-0.00073680742897766,-0.00044633469080377996,1.6854482290870508e-05,0.0001870496010576797,-0.00018297322884648,0.0008366208616079199,0.0009630171245697199,0.00128357127421728,0.0014197895084365998,0.00111526249710352,0.00053761715893488,0.0009429276790130801,0.0034189140959219,0.00511504973245386,0.00178375544421596,-0.00040010358867448005,-0.0002468811591271,9.010384429579441e-06,0.00014619669646022,-9.727258280193837e-05,0.0034728817692604597,0.007759596854113821,0.019702734473773763,0.024000686420579245,0.0137918434019736,0.01631570489840072,0.01885844270966264,0.023057728724407384,0.02454881894588466,0.021068089803059877,0.023951143098599942,0.028464632022742024,0.04047004931370412,0.04470703639044902,0.034705074989434405,-0.011121810855287441,-0.0066733451484838,0.005798644562834059,0.010503642899654459,-0.000626160699193282
1993-2002 (AR6 rate definition),0.01401424085010178,0.01579748753851104,0.01980345653403886,0.02173846602439878,0.01770094875133394,0.00376129879019612,0.00837804330400624,0.020914273681878197,0.025288976571579084,0.014765478933483981,-0.00143599955421498,0.0014031330287455801,0.0055971451562461805,0.007816770841903721,0.0035403654250231,-0.00613170314918862,-0.0028989612526965597,0.0017755844417846197,0.00273629611188712,0.0005096080808928,-0.0001758355860541821,0.0004574688323406001,0.0019090427177421401,0.00284430882108928,0.00107546245679254,7.851997573831793e-06,6.529310915167599e-05,0.0004917195390570801,0.0008535535385211,0.00021418755591814,0.00114490185632844,0.0013963675419489201,0.0021605118903246603,0.00248904293685244,0.00175246884425474,0.009406643822337602,0.01060541985215558,0.01329515632065854,0.0145465246872468,0.011871143434986882,8.299636581505567e-05,0.00016862665133997998,0.0006939159913383,0.00102935884960668,0.00036387874434388,-7.636120869199567e-06,4.1163269300578215e-05,0.00030172943384806,0.00052539378969048,0.00013870199803596003,0.00189526292455914,0.0022945524159705397,0.0035172559266740196,0.0040892993545893,0.0028505323149940606,-0.00075616518430634,-0.00045940522420581995,1.2273957585971977e-05,0.00018375901043655066,-0.00019066272811452,0.0008686134910041199,0.0009991018222588,0.0013301205331176802,0.00147036751653202,0.00115648595898434,0.0005199989529721,0.0009126627312012999,0.0033139368490739,0.00496213900681696,0.00172829922853088,9.056734106030236e-05,0.00022006091781969997,0.0008466680603614199,0.0012148619006393,0.00047776853028066004,0.00363082149985178,0.008081527424515999,0.02013067594416516,0.024336599962616442,0.014223688446500318,0.017385916352271984,0.01936442707235158,0.02313869513417732,0.024499030799576698,0.021325942422404383,0.024872134512120957,0.02964302552396596,0.04198578758781602,0.046222560365994765,0.03612701063806357,-0.014826236322100563,-0.010387350247901878,0.00235784463267064,0.00725976894211698,-0.00426763893140362
1994-2003 (AR6 rate definition),0.01408207596793316,0.015871306904879458,0.0198748637134378,0.021808720964373904,0.01777695135636758,0.00302687030416474,0.0067055763316876404,0.01678114487816658,0.02044378371122746,0.01174972543492908,-0.00017338041825728,0.00184911124796574,0.00526322172419586,0.00722586390545416,0.00342800698497074,-0.004267692719445041,-0.00180593674652498,0.0017030273782483799,0.0025594410309285397,0.00062962285496966,-0.00014496263116596368,0.0004007035822085,0.0016329494647004,0.0023735985069563603,0.00092067543755874,-5.6709676218981034e-05,2.200953983137346e-05,0.00029776945938210004,0.0005486573658205799,0.0001115097229679,0.00107671707507328,0.0013240737076961001,0.00206667790286464,0.0023831846659833197,0.00167101575569668,0.00968124009262428,0.010913726624214259,0.013673008743921881,0.014954495892380161,0.012212279457034438,8.219046067887811e-05,0.00016696828500447998,0.0006871088604019,0.0010192392934677602,0.00036036130125543993,-7.244216054184081e-06,3.913254935407291e-05,0.00028779316838034,0.00050149613867198,0.00013201768764036718,0.00172929273590892,0.00210079539878796,0.0032698936587029805,0.0038176550901296803,0.00262900826154326,-0.00076743852211668,-0.00046612125720936,1.553023036456437e-05,0.00019299619761998087,-0.0001931015729452,0.0008958007779084799,0.0010300767584279999,0.00137079334367402,0.0015149533703471202,0.00119215243016224,0.0004870447977022,0.00085728785666546,0.00312697355674972,0.00469213097023236,0.0016282459867722403,0.0002013435298367,0.00046319474162636,0.00160843667689754,0.0021879307582866997,0.00095855920553508,0.00276334786127428,0.006108398733805161,0.015298134222180201,0.01867661578512646,0.01068495077539626,0.01799882155295572,0.0195398536212516,0.023138311648368798,0.024457412893121856,0.021376540805354217,0.0242115577495459,0.02804940160765786,0.038013050945238595,0.04159423883575378,0.03319649266474174,-0.014787673211032039,-0.01098602838774602,-0.0005533881225125573,0.0033922195689025402,-0.00586903467732052
1995-2004 (AR6 rate definition),0.01411796926368362,0.0159136296474572,0.019926217332030722,0.02185961592558652,0.017827842018820962,0.00220439702700766,0.00484147344984138,0.01258862211251006,0.015588771639187121,0.008555588981235419,0.0003961172736051955,0.0017581677530750601,0.0046252914396198806,0.006405959574110501,0.00299885562875048,-0.0031477036891561006,-0.00118281878991558,0.00137614614331358,0.00206328995932228,0.00052612648768854,-0.00017934327857623163,0.0002507713779581,0.00118951504889758,0.001739586533019,0.0006542487261872801,-8.330566870667971e-05,-3.831878633266522e-06,0.00018336257625256,0.00037319610854888,4.0909938062682705e-05,0.00100358539503626,0.00124829360824636,0.00197076551679404,0.00227500627980086,0.00158714617743632,0.00992105928153698,0.011183271681901141,0.01400714420622042,0.01531736086715346,0.01251222090287638,8.237181272750934e-05,0.00016731507859722,0.0006885519504207801,0.00102139601884686,0.00036112752489062,-6.8238524765933466e-06,3.698914769867615e-05,0.00027327393661388,0.00047665777102559993,0.0001250181714015881,0.00158878086326696,0.0019364874060406202,0.0030547860947521795,0.00357706724423344,0.0024396027218211,-0.00077421042300532,-0.00046953218055489996,2.2741760708608743e-05,0.00020716665652893468,-0.00019297566039085999,0.00091318339154568,0.0010500879166252398,0.00139756466168342,0.0015445772752617,0.0012153760050282,0.000465570732048,0.0008202840321894201,0.00299872942259812,0.00450484676433328,0.0015603119315522802,0.00023367351255062,0.0005336405060806601,0.0018133207964375199,0.0024405572835397796,0.00109260424146526,0.0018952349983455,0.004140005941217661,0.010941854980542759,0.013590031492908319,0.0073528727697151595,0.01777821981184406,0.01922427746671618,0.022837728209929,0.024231198831037998,0.02102633310086796,0.02284168887499602,0.02565001567855022,0.0337271085153926,0.036720158645600895,0.029711856336304597,-0.018569625501295102,-0.015439569119242599,-0.0069101700924548,-0.0039527429064848,-0.01116556928674758
1996-2005 (AR6 rate definition),0.0141238656044006,0.0159252950025327,0.019952780141252402,0.0218857370362137,0.01785046508817956,0.00154238494932928,0.00334568352240174,0.00942709549077724,0.01186577548820406,0.00616141130138806,0.0005145209540019799,0.00133074046770728,0.0038573644531467,0.005576575452631101,0.0023362762277775997,-0.00248966194102256,-0.00098460955385002,0.00078931866107558,0.00126373252453222,0.00019516417925999997,-0.00020279067009684428,6.028100129103367e-05,0.0006931151003547999,0.00105913919391048,0.00033706621690224,-6.593773920426235e-05,-5.688961263688336e-07,0.00015721515484826,0.00032710762028436,3.1051573936234914e-05,0.0009200127662131,0.0011634652623623998,0.00186699843370548,0.0021586433125264396,0.00149533346746902,0.010135159927787159,0.01142401879195006,0.014307193100813659,0.01564470398426052,0.012780843286803198,8.497720443030116e-05,0.0001725890355156,0.00071017960079688,0.0010534417251068,0.00037248866322136,-6.346162258661493e-06,3.4563530007885264e-05,0.00025713656041202,0.00044919352572068,0.00011717010402312421,0.00146894946694368,0.00179660010816468,0.00286673987850994,0.00336327590815942,0.00227676855343754,-0.0007756415167540798,-0.00046936605238546,3.108385808651748e-05,0.00022120381963996533,-0.00019082512198518,0.0009197026303771199,0.00105791640823534,0.0014088144269856,0.0015573806848489598,0.0012247336136571598,0.00045808773216872,0.00080648279460986,0.0029464145797671397,0.00442584278005536,0.0015334654486540199,0.00018919646753824,0.00042991878379972006,0.00145947102233022,0.0019677761244286203,0.0008795806781695201,0.00127884028379836,0.0027565437372519598,0.00809330486379502,0.01022625339622462,0.00521553559073552,0.017226835265304056,0.0186198030406778,0.022314768962426564,0.02380493404287276,0.02042384053721568,0.02111901460633128,0.02334245289022268,0.03025898578239204,0.03283771169546872,0.026788002071958562,-0.00915031296449044,-0.0064144942718966595,0.0009447684986565999,0.00336666357441922,-0.0026912290612093803
1997-2006 (AR6 rate definition),0.014131802703395,0.015938936190171643,0.019983236723235123,0.0219175367138602,0.01787541241356816,0.0008830057414614999,0.00202578052532234,0.00673438717973498,0.0086789702342992,0.00416708217312888,0.00017666080323126,0.0007557944458542001,0.0032990099095936798,0.00520303876878632,0.0016740931164134002,-0.0019830742099068,-0.00088724495768542,0.00022690980289914001,0.00062744167356774,-0.000180569616231,-0.00038707144026796,-0.00016131913991585998,0.00026128811030220003,0.00047528255979216005,7.405950433828559e-05,-3.0454319252660753e-05,5.561498675326338e-06,0.00016960651786484,0.00033600420391918,5.128672854466944e-05,0.00082224073283596,0.0010651645992741,0.00175108268477694,0.00202966083902296,0.0013916851173747201,0.01034972934108786,0.011665745838483121,0.01460825062014834,0.01597302170594528,0.013050457022406798,8.891030720954341e-05,0.00018056887453136002,0.00074297738882398,0.00110200596555612,0.00038966566521780004,-5.794941486480358e-06,3.172294920818369e-05,0.00023870871369578,0.00041790698197749997,0.00010811812498349786,0.0013682607692299,0.00167868089901674,0.00270335548303338,0.00317452328042546,0.0021376941736899998,-0.00075981453309452,-0.00045731685929222,4.472844699453316e-05,0.00024242611693179195,-0.00018141805899862004,0.0009189013319484399,0.00105756439620794,0.00140971363530008,0.0015590159143462,0.00122487777787622,0.00044400874976854,0.0007825820061293,0.0028636159569927606,0.00430466616153712,0.0014895612543279,6.429632696585255e-05,0.00015810229020008,0.00067405801338568,0.0009455435528422999,0.00037037686562993997,0.0007719380360830001,0.00181543939818594,0.00610529875797074,0.007901304922320579,0.00376099007599276,0.01656048989295956,0.017904076017032942,0.021932963015093898,0.023890482559348537,0.01976637283960974,0.01915271459926252,0.021201871002804122,0.027453597462538504,0.029920403057878638,0.024217189731019884,-0.012248246698372139,-0.009571080660114402,-0.00273665996959822,-0.00046253930507414,-0.006044333454373139
1998-2007 (AR6 rate definition),0.01409668933622762,0.015908194930625657,0.019971163517056037,0.02190527840816608,0.01785710533459974,4.524235513277775e-05,0.00083664259277562,0.00432112007299152,0.00585824148943928,0.0024202765129280397,-0.0006929621154611199,-4.692827318652329e-05,0.002582067295796,0.00465815962986504,0.0008803127119035,-0.0024672824252735203,-0.00153138329133838,-0.00036853144475902,0.00021198888980976317,-0.0007610151894164401,-0.0009752575208742802,-0.0005685004171999601,-3.2670477980916895e-05,0.0002095889513465,-0.00024234405069633997,4.658204298748672e-06,3.638536718420015e-05,0.00026043990841412003,0.00046068344016863996,0.00011077284474262103,0.00072366439889774,0.0009633157312869601,0.0016321024907357603,0.0018975721787322197,0.00128558180548922,0.01051740391868528,0.01185470507759032,0.014847004902001562,0.01623548915891928,0.013262979695291199,9.369076045887865e-05,0.00019027464963832001,0.0007829211357303,0.00116125652160152,0.00041059219899272,-5.224864723541861e-06,2.8754730127526112e-05,0.00021972731979502,0.00038574356676046,9.876606590818532e-05,0.0012840124621535198,0.0015800921000314,0.00256171833186432,0.0030084473698427793,0.0020195845762888,-0.0007159401878262401,-0.00042452001937406004,7.020374250907998e-05,0.00028025200622060003,-0.00015965408673786002,0.0009150481483700801,0.00105376731468868,0.0014062582258925,0.00155595927121056,0.00122116431819664,0.00046200720423998,0.00081146717613388,0.0029532463048443196,0.0044292470072254606,0.0015391915630210001,-0.0008277522534633001,-0.0005110081696105599,-8.662014508584845e-05,-2.159041287582506e-05,-0.0002366015724598,0.00021179696878017998,0.0011770020204624,0.00462910583674,0.00616139403482274,0.0026862009840480797,0.01581318635290318,0.01709448258876796,0.02115810763041174,0.023325037280718462,0.01893547202601574,0.01700948895830092,0.018918751723838542,0.02462265303929642,0.02700890740481284,0.021615263548764283,-0.008240875308137259,-0.005618684208188461,0.00070032040278852,0.0028779772913054397,-0.00231949464597906
1999-2008 (AR6 rate definition),0.014064367464094419,0.01587896624839662,0.01995853951627552,0.02189273563298308,0.01783844944202534,-0.0010949563268910201,-0.00019322519340746,0.00236908022508474,0.0035774819543866803,0.0009508141378561199,-0.0019107292691866202,-0.00109473700740114,0.00152285015709468,0.0035592559525516798,-5.5100240490646336e-05,-0.0040041224757829804,-0.00279373035503152,-0.0010362179190823,-0.0007332660330063801,-0.00166560247992018,-0.0017355506257577002,-0.00114365560809766,-0.00020163985581104,0.00011364300724886539,-0.00057211511740172,9.588711803327562e-06,8.086337067864175e-05,0.00047350994569779996,0.00079721499618252,0.00022204169156871999,0.00065626358173104,0.00088652034871504,0.00153540192300618,0.00178895749196858,0.0012021347699743,0.01065193240389676,0.012006645860816439,0.01504130210009484,0.01645034318620504,0.01343480717052108,9.833317358488543e-05,0.00019972596832575998,0.0008218228217439399,0.0012190013734454,0.0004309733976807,-4.807514757637617e-06,2.6501715457010445e-05,0.000204869145471,0.00036026337787956,9.157817810771991e-05,0.0012134793423341401,0.00149874619182308,0.00243998994863388,0.0028633332514401,0.00192064418034116,-0.0006540497983946599,-0.00037741549613343997,0.00010455113744190002,0.00032706214936274,-0.00012914688411080202,0.00090992079765502,0.00104851182473426,0.0014009714641353799,0.00155087455023414,0.0012158249702417202,0.0005135025869716,0.0008981455733377999,0.0032450793887629204,0.00484890888495876,0.0016951113803819599,-0.0022219479282259997,-0.0016018507049961799,-0.00045204549141943996,-0.00019304476067603997,-0.0009323071745297998,3.210699755899532e-05,0.0006784221418766,0.0035072430991764597,0.0048037666732614,0.00187494744631372,0.015169888872088779,0.01634415548136736,0.0199110962434248,0.02143104000886276,0.01802635929801242,0.01479935047120752,0.01673198156284558,0.02173245265772844,0.02359650089524006,0.019146308140321183,-0.0023473555846562602,-0.00016534123751225512,0.00558604350852434,0.0077057947221945405,0.0027694517163079396
2000-2009 (AR6 rate definition),0.01410831002755596,0.01592724607424298,0.02002243591366388,0.02196052843151666,0.01789491259690484,-0.00242630906019244,-0.00128784768443662,0.00098874406791992,0.00191225429872668,-6.012237567284134e-05,-0.00287233415155696,-0.0017245841499530404,0.0012129090068014599,0.00323055703197882,-0.0004574756369446,-0.005438474192763779,-0.0037777553280194205,-0.0012968952863504802,-0.0009190510782328001,-0.0021677890871509803,-0.0020429955395784597,-0.0013492639924540199,-0.00021860628134822002,0.0002038622767819479,-0.00067361651044898,1.320040514551559e-05,0.0001119567435008708,0.0006424350192149,0.0010752164798252001,0.00030448044452698,0.00063387668313396,0.00085440687988738,0.0014794255274714401,0.0017230897690310198,0.0011589482878193401,0.010800204891146959,0.012173852255127602,0.01525266408125556,0.01668281152392876,0.013622775908672401,0.0001007420071149034,0.00020461812135335998,0.0008420317689125799,0.0012491130187655601,0.0004415728648503,-4.647525168503781e-06,2.5576145275298475e-05,0.00019735641928782,0.00034696552292861997,8.826805052882203e-05,0.00115376104324148,0.0014325313625010402,0.00233624939828204,0.00273801982493108,0.0018388225093031803,-0.00059107215521908,-0.00033010011818818,0.00013328029537063377,0.00036924824970912,-9.846091383332907e-05,0.0009059507835543002,0.00104449755585548,0.00139701544985624,0.0015471032121867397,0.00121176828489154,0.00053850503536786,0.00094157689574988,0.0033988574573487603,0.00507454999829778,0.0017758499311678,-0.00332737028807798,-0.0024472953006997,-0.0007169682188764,-0.00031128860148064,-0.00145675852969684,-7.67074778365584e-05,0.00030330936071656,0.0025989113181377204,0.0037081043112909802,0.0012757846972706998,0.01505591417442664,0.01613008648120994,0.019328323844707302,0.02055244738044156,0.017656325607588758,0.01342404423337988,0.0153039286895231,0.01995546997749438,0.021531543327100323,0.01757612849726814,-0.006151456812664701,-0.00418146576812082,0.00126956624063822,0.00346162083252526,-0.0014664884239512397
2001-2010 (AR6 rate definition),0.01417094317710758,0.01599678785728682,0.020111802879969217,0.022055167703917498,0.017974859367717363,-0.0031878198985800005,-0.00200591753034876,0.0002135049563804,0.0009271434084935199,-0.00068708938292476,-0.0025517926631551196,-0.00130135316270766,0.00169761101276128,0.0038270348823332394,-3.788700609495695e-05,-0.005388316349549681,-0.0036978401855988397,-0.00111250986565238,-0.0007573470103017801,-0.00193158221967288,-0.00163992300990852,-0.00103915611415194,-3.2873241625936336e-05,0.0005118233095289399,-0.00047640055869559996,1.4285473336437531e-05,0.0001214398225712452,0.0006953335363756,0.001162829701196,0.0003301264255335,0.0006475035706252401,0.00086077453403758,0.0014622771539471,0.0016978836267283,0.00115318078886374,0.010918742188901558,0.012307744651852201,0.01542553068796792,0.01687471118479058,0.013775162552342242,0.00010299407055371045,0.00020919740671623997,0.00086092986040038,0.0012772402839000801,0.00045147531270750004,-4.696967180776002e-06,2.577191362665457e-05,0.00019657520067055997,0.00034489063760542005,8.840401515816018e-05,0.00110291559362046,0.0013790890415509,0.0022484248633636997,0.0026308782037460002,0.00177181297179418,-0.00053681876442644,-0.00028983919254754,0.0001536004728214033,0.00039749907871536,-7.374409868409879e-05,0.00090736139814056,0.00104631814803134,0.0013998859836296203,0.0015505798603548601,0.0012140430916438801,0.0005256510419827201,0.00092100440733356,0.0033342499449397203,0.00498286780082814,0.00174044572945792,-0.0038048683018608604,-0.0028122586692716006,-0.0008346311956962199,-0.00036433171887494,-0.0016859046346044397,-0.0003394961377436,3.742987147786523e-05,0.00190107540127,0.0028737975358962397,0.00084524982129078,0.01569976784604966,0.01668402251258038,0.0198081074981978,0.02111999699563686,0.01814916755213878,0.013444380474813021,0.015175710826931522,0.019662514630230936,0.021213989510680643,0.01737737597841202,-0.00980179262818114,-0.00791052083666644,-0.0026014364495632997,-0.0005731158488867,-0.00526537585340322
2002-2011 (AR6 rate definition),0.014201652082529881,0.01603404900738682,0.020171404757644163,0.02211897668693998,0.018024753332138037,-0.00320932457844412,-0.00214386002001434,-4.9697355436374054e-05,0.00046821588695495996,-0.0009328972582112201,-0.00148306086207876,-0.00030176013609332,0.0029252196838457797,0.005499129196939301,0.00096417762113334,-0.004479203836484359,-0.00277471739252402,-0.00059845915852164,-9.332556661330131e-05,-0.0011353115692282598,-0.00089029161315972,-0.00049569044432378,0.00031642225254886,0.00095043995115322,-0.000126425352963509,1.3192178730881268e-05,0.00011061993213648316,0.0006384692953842599,0.0010690409961071402,0.00030224292567278,0.00067903765855406,0.00088731812058068,0.0014704576739758602,0.0016998403397473,0.00117051861502902,0.010973262114958299,0.01237040578307524,0.015515642339532981,0.01697886055527308,0.0138512112516345,0.00010733117124394277,0.00021799910374714,0.00089710439042832,0.00133088328869952,0.0004704534112842199,-4.857345852845667e-06,2.654417327633424e-05,0.00019993418283532,0.00034985402677994,9.050527248869243e-05,0.0010612000046353802,0.00133612465280472,0.0021749710792844596,0.00254077244527408,0.0017177623284584998,-0.00048756076982524,-0.00025404583495669997,0.00017081351702407166,0.00041931058274517996,-5.2134842244965055e-05,0.0009172813449844601,0.00105747769086644,0.00141401686505832,0.0015660056173800998,0.0012266114083203,0.0004910867356440599,0.00086373054240684,0.0031436076081159795,0.00470856914014522,0.0016382721879265002,-0.00355370825739168,-0.0026219615599669195,-0.00078078528993148,-0.00034207049447328,-0.0015725796229018403,-0.0005716684223575601,-0.00014216308609548,0.00138331696540112,0.0022299838221885196,0.00050604980326054,0.016568612561081362,0.01759538130182202,0.021083331631891623,0.02335179877281184,0.01914496197844994,0.01437514829274376,0.01600272139491454,0.02057531869411464,0.022752419334469386,0.0181810114239201,-0.016529375591332936,-0.014192920469925482,-0.0088479249090739,-0.00689779386936796,-0.011436158179368919
2003-2012 (AR6 rate definition),0.01419233379941998,0.01602954622398722,0.02018778856595352,0.02213745601971938,0.018032901214830782,-0.0024677505252713,-0.0016616201666268,-3.217781754492692e-05,0.00040681761367748005,-0.00074876174556482,-0.00038485646609098,0.0006506812933719199,0.00439028322879206,0.007609296908094081,0.0020407853794819795,-0.0036805569800463,-0.00196237782890142,0.00028183838074852,0.0013164229212384798,-0.00033283990440940005,-0.00025630642247918004,-2.2371563676633208e-05,0.0007652746972260401,0.00147839220658392,0.00026933756741605997,1.117092419669715e-05,8.783954394359406e-05,0.00052366899324182,0.0008824057908671801,0.00024499690555258,0.00071718405954762,0.00092221134178562,0.00149332542365242,0.0017185158982421,0.00119946203448552,0.01096895355166804,0.012367328967470061,0.015530041773391439,0.017002069202336358,0.013857235619516017,0.00011022298441399053,0.00022388841736436,0.0009214053295326401,0.0013670328388159401,0.00048318463913868,-5.057299453200723e-06,2.756828872882064e-05,0.00020544819267404,0.00035863109519983997,9.354967285284299e-05,0.00102577000133914,0.00129960487539112,0.0021126678902091,0.0024638754960262,0.00167294512192404,-0.00043683400501803995,-0.00021608960231139998,0.00019576906049052,0.00045421747603648,-2.9558258300478256e-05,0.0009329323427694601,0.0010750653787544,0.00143632270784084,0.00159019943078354,0.00124647348216084,0.00045299814325386,0.00079999487689044,0.00293041386875234,0.00440109988776118,0.00152377562992498,-0.00261950918117768,-0.00190666623859888,-0.0005561704427746,-0.00024423252922006,-0.00112590444069632,-0.00066766884313382,-0.00024820731027104,0.00104451245119168,0.00177810547658888,0.00026971252127121995,0.017373397422559278,0.01852081879124494,0.022455164113189183,0.02583002950928424,0.02021708109162068,0.015841681093880577,0.01736200250134322,0.021975880300637417,0.0251898353641683,0.01946492581656484,-0.018961314196818263,-0.01582595033479396,-0.01044483728141872,-0.0086423341108937,-0.01293655329659068
2004-2013 (AR6 rate definition),0.01424052054593054,0.01608231589143922,0.02025916935747316,0.022213888522350397,0.01809524319388644,-0.0011512188511815602,-0.0006688220485367,0.00031925662173462,0.0008046123827948199,-0.0001689893114521,0.00063272406838148,0.00158433045997758,0.00549133892174466,0.00863387112732914,0.0030683987339337002,-0.0028632114547671203,-0.0012831507930249398,0.00118789087010146,0.0022827182637922003,0.00032924907677094,0.00014165994852324346,0.00032888017949276,0.0012995550743557798,0.00210815149161846,0.0006767847547025001,8.121534222454718e-06,5.96446307037366e-05,0.00039400049140954,0.00067391976036804,0.00017806811427524002,0.0007648396090124199,0.00096626410520432,0.0015308391417517202,0.0017542990193222,0.00123977606043666,0.01099482458829876,0.012398049150813679,0.015580076128786239,0.01706172015811452,0.013897449139392701,0.00010957682574610335,0.00022261407991978,0.0009163608705793801,0.00135996343556672,0.00048052738505326,-5.318730533348798e-06,2.887349732389513e-05,0.00021316839903587998,0.00037121369757432,9.760831510928516e-05,0.00099421662995308,0.0012665418411745598,0.00205768262852318,0.00239586835738378,0.00163354572924696,-0.00039384195795558,-0.00018302440697494,0.00022404490808642,0.00049788464634026,-7.693782787432018e-06,0.0009510601727348,0.00109553625985522,0.0014626385775478997,0.0016188249068729403,0.00126975977962662,0.0004117609899152001,0.00073134544997502,0.0027017097893988797,0.0040714708169301,0.00140061357707682,-0.00135338325754432,-0.0009390354853969601,-0.00018977905166332,-6.5480357113164e-05,-0.0004974138585869599,-0.0004895552917185599,-0.00011744178882935999,0.0009479669470678,0.0016458911322282603,0.00027623648783472,0.01817162693630562,0.01946993209737716,0.023685306003599423,0.02701126260468448,0.021322466857505523,0.01772636105797504,0.019154989030866862,0.023671709173375882,0.02691876382900002,0.02118162306872276,-0.018694334614782,-0.01555336852274672,-0.01013946536877186,-0.008310438914974539,-0.01268269799706154
2005-2014 (AR6 rate definition),0.014369923858931502,0.0162199426853295,0.02041923598231688,0.022384344361045083,0.018242640423052202,-0.00010946455699472001,0.00017218552448525998,0.0010960327175529802,0.00161655993714472,0.00051475262551592,0.0015285103217218198,0.00249855834868816,0.00646826401605746,0.00927238588260876,0.00408118706083652,-0.00202528267376346,-0.0006261918497807822,0.00207803663159856,0.0031723767889268004,0.00098884852546626,0.00027410726446766,0.0005778628285296201,0.00190941367153866,0.00284581614827562,0.00107675748115232,-1.3584750521025039e-05,2.352557248069039e-05,0.00025597869916392003,0.00045362125698359995,0.00010416060911885463,0.0008232994576294601,0.0010209926173542,0.0015839279693184,0.00180826214046184,0.0012923545548409602,0.011077783528602439,0.012491661944533801,0.01569981182705272,0.017194255417043478,0.014003186370387182,0.00010839812456741095,0.0002202629181697,0.0009069251821234801,0.0013464859935144202,0.0004755418595265,-5.634975801292593e-06,3.0496461712049806e-05,0.00022325876533527998,0.0003879490474408,0.00010277718531360984,0.0009661794223568,0.00123591928427866,0.0020078124698363797,0.0023343886669837397,0.00159771771141972,-0.00036986563557922004,-0.00016503519503902,0.0002414003685342,0.00052691727425106,3.950814081524108e-06,0.00097174650408096,0.0011189624546603001,0.00149293680732898,0.00165184402917366,0.00129651359987978,0.00036976376514537995,0.0006617501476497,0.0024710656744060602,0.00373889919122058,0.00127590843222352,-0.00025951187344812,-0.00010716266378258001,0.00026050851052331997,0.0005827889045458201,2.5371640627836578e-05,-0.00017145171693776,6.0363690831670885e-05,0.0010240341245224599,0.0017026286305802602,0.00041970969149555997,0.0189671297181736,0.02043457137960374,0.024967537774461642,0.027922507903792602,0.02247784827694742,0.01954781984921654,0.020988669392556822,0.02564619258100332,0.028559765548417042,0.02310105439388386,-0.021875259483825696,-0.0189918267480323,-0.013322995130607102,-0.01136623437027444,-0.016023082173284763
2006-2015 (AR6 rate definition),0.01452764689922332,0.016390183860605378,0.02061993551543262,0.02259868327054108,0.01842693054314808,0.00027582287754520003,0.00061653546964126,0.001922099177449,0.00255665039406576,0.0011868122332926402,0.0021572684744993204,0.0032212625463803003,0.00707563255605366,0.00940160890510586,0.004868470520684159,-0.0014616723909522203,-0.00030328287717064297,0.0026919622226194203,0.00385602798516096,0.0014009829723473403,0.00025873841040512053,0.0007402559302248399,0.00242643094092152,0.00347286789311146,0.0013887796573566003,-5.359027269437455e-05,4.1321691647739854e-07,0.00015738350672248,0.00029572168534448,5.216641351580617e-05,0.0008847927740125402,0.001080825662071,0.0016463930321461602,0.0018738711115085201,0.00135149981939426,0.01118123897819804,0.012608337962266122,0.0158471207690961,0.01735606458331594,0.014134119785193178,0.0001094955354304473,0.00022249267072498,0.0009161133111764401,0.00136018577240628,0.0004803445432899,-5.986681066905011e-06,3.227834504549248e-05,0.00023470868861127998,0.00040711015733802,0.00010852565988895652,0.00094158061390568,0.00120743683088906,0.00196156835718582,0.00227719574353908,0.0015642915259707403,-0.00036901517460738,-0.00016476007812850002,0.00023984954948672003,0.00052579271547126,2.595935736528675e-06,0.0009935898778564599,0.00114379393151306,0.0015253078205115398,0.0016872576533844598,0.0013249884997352998,0.00035214680388114,0.00062987452609968,0.0023557312712524396,0.00356850509390682,0.00121572920770352,9.677033482168883e-05,0.00024133717833639998,0.00100859268048584,0.0014664393527894998,0.00054686016981682,1.0904318432563308e-05,0.0001784195627904,0.0010835560009786,0.00171223646492664,0.00051715668629512,0.01963701236970492,0.02126452772978576,0.025949603147217684,0.028246768543214482,0.023470573533665037,0.020934395959882984,0.0224670358571139,0.027261147990371222,0.029566178943171602,0.02473462722518222,-0.009397204151632362,-0.0069642764712285615,-0.00132654280648702,0.0006037335916824,-0.00403187444772228
2007-2016 (AR6 rate definition),0.014774962533603959,0.01665707933469248,0.02092682328657666,0.022925950678912017,0.0187107517502524,0.00037615949852446,0.0008232960699182001,0.00238741638827498,0.0031122393860961,0.00153103097821722,0.00248815658217234,0.0036593329991354596,0.007503542013963019,0.009621376701376581,0.0053540917237599,-0.0014165629022048999,-0.00015537380214891396,0.00324917756969274,0.004566839079062099,0.0017382408678531202,0.00016293182590920003,0.00081404102881518,0.0027651479829441,0.003863499562397099,0.00158250324879626,-0.000134707486652,-4.39445776187564e-05,7.445952752322957e-05,0.0001604323355537,7.0130236616190496e-06,0.00093900182572272,0.0011359552596554201,0.00170745802684262,0.0019390158201708198,0.0014076917912020398,0.011372425458647941,0.012822575398647382,0.01610564250440302,0.01763497833049658,0.014368459744886859,0.0001129854966420191,0.00022954813352582,0.0009450398719671399,0.0014029245417226,0.0004955289812024201,-6.3037544323103296e-06,3.394914824854247e-05,0.00024571651461896,0.00042567257718602,0.00011396979235785883,0.00091914980203812,0.00118039496830012,0.0019175299523454203,0.0022228447975534,0.00153238162849884,-0.00038438671014520004,-0.00017721231110162002,0.00022407707647049998,0.00050033890155392,-8.821286486857699e-06,0.0010138498912706001,0.0011669387937043,0.00155580525624024,0.00172074832202804,0.0013516641746866998,0.00034423372488124004,0.0006146331116105,0.00229520476243708,0.00347608782486478,0.0011852387993624197,0.00017575992953918003,0.0004107558710613,0.0014774577826938199,0.0020323060499699997,0.0008643575017622,0.00010635537939198856,0.00023570639138868,0.0010678916960502399,0.0016446034637363999,0.0005447327074678999,0.02016609660784398,0.021955534510178957,0.026733289940429394,0.02869196698882358,0.024289929650046557,0.02182155218630122,0.023471568012237497,0.0283864670746254,0.030397772095420102,0.02588565866152442,0.00417271091725502,0.006383221885081399,0.012090149354184638,0.01410733990375324,0.009290139976973519
2008-2017 (AR6 rate definition),0.015098944118528601,0.01700943404255488,0.021334500346039263,0.023361725922786798,0.01908678228204896,0.00039106448350298,0.00085088348883114,0.00240467451250908,0.0031158129189049802,0.0015593465056382599,0.00266022146628656,0.0039771499919168205,0.00797859410101712,0.009987305528672082,0.00579295693021826,-0.0014986740553920197,0.0001571118022455897,0.00373893397360132,0.0051836696167786205,0.00208874884879946,4.606574960051999e-05,0.00083528551619608,0.002978051079042,0.00412196568196466,0.00170616724725922,-0.000272502799603,-0.00013009618498156,1.1403857394488497e-05,5.3846849749487266e-05,-2.8763433749025316e-05,0.0009858454944508801,0.00118473844058582,0.0017638314268805598,0.0019998849106557,0.00145870189775114,0.01164449485504262,0.01312762457385202,0.01647245681141358,0.01802946129712186,0.01470190449194468,0.00011895539043630208,0.00024163560751596,0.00099465708021408,0.0014762377428511001,0.00052155706467046,-6.590851355047721e-06,3.546034417425596e-05,0.00025583389349504,0.00044274464656,0.0001189205806814929,0.00089974059977306,0.0011561915392225,0.0018767990130366201,0.0021724815386714,0.00150320922786534,-0.00040156239948485996,-0.00019202424093625996,0.00020575112165368002,0.00046980839200084,-2.1340041562463804e-05,0.00103101594430022,0.001186683638439,0.0015821320859771202,0.00174982285770496,0.00137454556696338,0.00033725503561165995,0.0006020825746384201,0.00224693573586862,0.00340198635693746,0.0011605572158639602,0.0001791010735754,0.00041475713426772,0.001448054160547,0.0019673534719490005,0.0008615839443083802,0.00014335806789154,0.0003002470592883,0.0010833596634142002,0.0016168441302848,0.0005907239764928401,0.02065391374356814,0.022604668701778702,0.027602421410155963,0.029584493958588778,0.025076375079877422,0.022361263860355696,0.024145435125177497,0.0292657383109584,0.03131101990829812,0.026694935560226403,0.009894080719529541,0.012145205039055439,0.01800795167731538,0.0200977868127696,0.015128178158492699
2009-2018 (AR6 rate definition),0.015443508621418078,0.01738924278923954,0.021783162660309704,0.023843147566824218,0.01949728185480286,0.00034653530704472,0.0007482721837632199,0.0020768334726492203,0.00269274639180206,0.0013522189087939599,0.0029744250137697,0.00431923812952904,0.00841273114737684,0.0103931056939234,0.006207118273684419,-0.0012577902927542902,0.00059179228959656,0.0041450701175313595,0.00564724143165526,0.00243241889910258,-2.545631986824001e-05,0.0008439401686191,0.00312097301428964,0.004296252315694579,0.00178532804955132,-0.0004268845204602,-0.00022773680465686,-1.6672267778917427e-05,-8.502771767476686e-07,-8.237217637625593e-05,0.0010335495101682602,0.00123405790003858,0.00182194312178724,0.00206312644662276,0.0015107635656992,0.0119360616965727,0.0134550300482547,0.01687220637509312,0.01846078236536542,0.015063233050433061,0.00012559006207908387,0.0002551034056214,0.0010500523416607,0.0015583310541555202,0.0005505832899925601,-6.887194959827761e-06,3.6996580685742956e-05,0.00026621697648904,0.00046031082624736004,0.0001239763386547004,0.00088583169696904,0.00113759994741636,0.0018421273708342997,0.00212918045574962,0.0014793898481311,-0.00041552776798147996,-0.00020577993582591997,0.00018662957043915997,0.00043742032301126004,-3.3763009264614326e-05,0.00104765839400612,0.0012058265137400998,0.00160765220297102,0.00177801650943176,0.0013967144128047596,0.00033262871160646,0.00059366268452364,0.0022135685635334998,0.0033497979496463996,0.0011437002953254402,0.00012694885921186034,0.0002954914309241,0.0010408633642766,0.00142505130983152,0.00061660663564298,0.00016936362376714,0.00035607108877909997,0.0011231004480159199,0.0016221155682295799,0.0006534907492723599,0.02118116114356296,0.02325619122404036,0.028538501741669376,0.03066680324438844,0.025868144035339335,0.022693023930896377,0.0246104108405835,0.02996351253841858,0.032139691782720144,0.02727318763732906,-0.0002545144253420993,0.0021192631141776,0.008083596295597361,0.0102110577750647,0.005159808896750041
2010-2019 (AR6 rate definition),0.01577340966643702,0.017756042286843923,0.022226059342875595,0.024320544878641742,0.019898861755024262,0.00013116506636702002,0.00034148639314098,0.0012177795738433,0.00167713063187666,0.0007275600618484799,0.00314148912736858,0.0045566239499684,0.00873781625398174,0.01068408772253396,0.006516338824999979,-0.00118835715723758,0.0009487822902472799,0.00450990756713976,0.0060728892413052,0.00274905961571314,-0.00012244450612254002,0.0008269571853406199,0.0032164800615924398,0.004418471151229059,0.0018288120040387,-0.0006014599217609201,-0.00033738187551494,-4.602854289114434e-05,-5.657742858271795e-06,-0.000142021453516,0.00108188102371758,0.00128423001712016,0.00188225269046692,0.00212895908680822,0.0015643240737192,0.01221356466322232,0.01376743310364808,0.017258099673011017,0.01887960182897968,0.015410314978975182,0.0001314471079528669,0.00026701309867199996,0.00109914587555504,0.00163114681648028,0.0005762953582134799,-7.189875017061372e-06,3.85736189867286e-05,0.00027692436122075996,0.00047844138764066,0.00012916504320768785,0.00087509620866986,0.00112291817050988,0.0018123680360389199,0.00209177993463742,0.0014595128550673598,-0.00043563045787084004,-0.00022575748711819998,0.00016142872162160042,0.00039515077659521997,-4.863654009320178e-05,0.00106360110979182,0.00122419922415052,0.00163218279444806,0.0018051613460887,0.0014180087411041799,0.00032276917497312,0.0005774402612989,0.0021576594388846,0.0032665355169411393,0.00111389279365534,1.756359909102855e-05,6.774458168900207e-05,0.00041820072676862,0.0006233912881727401,0.00020661035925453996,8.94827312422947e-05,0.00021225599555124,0.0008630497587900801,0.00131306543178624,0.00045620282265268,0.021580598354339536,0.02379608190637642,0.029341348792567366,0.03162020378040542,0.026542670762900077,0.02242053582090316,0.024558868630004595,0.030130310869939357,0.03244051985668412,0.027330278555552118,0.00256142298563266,0.0050174819293910995,0.011198101333586919,0.01349226394291102,0.00815828751716194
2011-2020 (AR6 rate definition),0.01605811765338434,0.01807540413683108,0.022621088707085797,0.024748485500162263,0.02025368726614746,-0.0009634097217384199,-0.00056047470822476,0.00012002693141494001,0.00034689157794818,-0.00018725681824208,0.00290030515126202,0.00474570383560472,0.009112201594719338,0.011010622895350899,0.00685190447803694,-0.0016242834058674599,0.0011953116895573803,0.00502665646979296,0.006739244867454819,0.0031123605551141,-0.00019618255518040004,0.00086903415137164,0.00349263470841174,0.00479679823553918,0.0019805770615736002,-0.00072898433425206,-0.00041945990976504,-6.402777562651687e-05,-7.747340044289058e-06,-0.00018581015368299999,0.00113203482555616,0.00133644397186508,0.0019460491892062798,0.00219880432612966,0.00162071453802506,0.01245261061191554,0.01403681345419444,0.01759505739934512,0.01924726036461914,0.015711569316459357,0.00011811344643189559,0.00024037907918287996,0.0009912106966655802,0.00147405699990458,0.00051936188712712,-7.50770365332508e-06,4.0225772325401144e-05,0.00028817808680006,0.00049758278104388,0.00013460605546373997,0.0008607214364138,0.00110573024424634,0.0017817922532557802,0.0020542049769198796,0.00143789531606614,-0.00047119295619648007,-0.00025725812505586,0.00013085507919838597,0.00034353248165407997,-7.11511120651541e-05,0.00107761776131206,0.0012404114336677999,0.0016540344922831,0.0018294220494501196,0.00143689337101846,0.00029642088372594,0.00053593962562802,0.00202503123319504,0.0030758897192550197,0.00104100009708686,-0.00065238696442218,-0.00041648543365505996,-6.938073953836756e-05,-1.2227024283032262e-05,-0.00019696209258678,-0.0004241536771031601,-0.00021410633167531998,0.00030704645338378,0.00061287451467724,-4.3779180921387696e-05,0.021835566130551366,0.024274047027212156,0.030077360210996638,0.0324588766242518,0.02717431837862184,0.021459932793270402,0.0239934362621018,0.0299033218297091,0.03229732467188976,0.026965803341432018,0.009243913872915281,0.01182089056810994,0.01846894645094036,0.0210962783938104,0.015161245549922221
2012-2021 (AR6 rate definition),0.01629787589564464,0.01834582790316952,0.02296256207986308,0.025119907350251137,0.02055772564627904,-0.00243106299480702,-0.0018188129985422402,-0.00051375691615266,-0.00021196380906704,-0.00109297480659948,0.00229700361372838,0.00480548389969444,0.009363541839700699,0.011198644364365518,0.007068584543285899,-0.0022748840767325405,0.00134582780581524,0.0055294040940023995,0.00738487237872494,0.00343113683389888,-0.00025323851697261996,0.00092973305612346,0.0037999326384428,0.0052140409196867596,0.00215422873695688,-0.00080393839198526,-0.0004681275667566,-7.50046242536468e-05,-8.925235015340581e-06,-0.00021258301468504002,0.0011934374552784199,0.0013996245879115002,0.00202351501295056,0.0022838915496161,0.0016892093420028198,0.01264055451118578,0.014249060690764178,0.017864962026567097,0.01954404766270604,0.01595115170334318,8.002762688509864e-05,0.00016695463657374,0.0007092340016906401,0.00106794454891116,0.00036530987670020003,-7.889509536184813e-06,4.222238971146228e-05,0.00030180102844124,0.0005207825912670201,0.00014119168912816,0.0008395707191842601,0.00108276529366316,0.0017471352540181998,0.00201275892962104,0.00141138173413994,-0.00051444789812416,-0.00029237953961793996,0.0001001325414261827,0.00029238494645948,-9.537460451775081e-05,0.00109447823532598,0.00125978309331512,0.0016797276132034,0.0018577949346014603,0.0014592673923029599,0.00026709968574112,0.00048924619582562,0.0018757491184002999,0.0028614090753323607,0.00095920321616254,-0.0013725794795556,-0.00098557299508342,-0.00027554838363952,-0.00011562000954667212,-0.00057003027852092,-0.0012224126401723598,-0.0009217448526710801,-0.00011265458837145999,-7.628323510288964e-06,-0.00051692599374232,0.0218168485345262,0.02455906187043042,0.03063857332431904,0.033093008478482525,0.02762336272181882,0.02023009268442784,0.02323068774396718,0.029636604430458718,0.03210014687162452,0.026494348013039737,-0.0044907304868154405,-0.0018406989729969796,0.00542684930953278,0.008569838124242661,0.00170649114022534
2013-2022 (AR6 rate definition),0.016471402739033542,0.0185439457055294,0.023224342312957266,0.02540673154773126,0.0207871706557996,-0.0035630123554305,-0.00281656145299922,-0.00100019831115544,-0.0004414944973294,-0.00186277404879072,0.0020741132118484704,0.0047934028222252996,0.009368132659442899,0.01114192311852374,0.0071005713939666405,-0.00228238491939774,0.0015124059762014997,0.00577209984208594,0.007656206154462019,0.0036316620761697397,-0.00027597919519932,0.0009478231729882401,0.003908599097259081,0.00535667880466484,0.0022163337153015203,-0.0008667547172217201,-0.00050822515288986,-8.382743713869289e-05,-9.850985292966389e-06,-0.00023422934679364,0.00126869151899304,0.00147750707846694,0.0021202835330457,0.0023901476914232004,0.0017746133876568799,0.012751720435691538,0.01437528747067302,0.018033776286154064,0.01973350678429454,0.01609800432667582,3.189981271068317e-05,8.723211344049289e-05,0.00045192565845716,0.00070815892382096,0.00021965266685136,-8.360893451467613e-06,4.4693591956500806e-05,0.00031873298291902,0.00054967124534372,0.00014935298230154,0.0008117933038508598,0.0010535724981264201,0.0017073040546792399,0.00196618564381738,0.00137910886244336,-0.00054810320066678,-0.00031916237906972,7.598266124046138e-05,0.00025308115694094006,-0.00011350992333254795,0.0011163863517117602,0.00128481289636002,0.00171252207358672,0.0018938048897367,0.00148800547827366,0.0002532047963503,0.00046475664720384003,0.0017897982514265198,0.00273435841365288,0.0009138330094741399,-0.0015128802393228002,-0.0011059477008152799,-0.00032206148674738,-0.00013727785543815078,-0.0006548244114915999,-0.0022465121470616996,-0.0017882326565005,-0.0006030596597740401,-0.0002645360353882,-0.0011589614008412,0.021798728390173477,0.024711725011016338,0.03093924217368614,0.03344753349188599,0.0278539665178819,0.019256983283794264,0.02252274253512872,0.02932221370465824,0.03186027341177966,0.026004166566964314,-0.01644768297977988,-0.013684470307344338,-0.00600502381345646,-0.0025838994635515398,-0.009946571036553222
2014-2023 (AR6 rate definition),0.01658962368603904,0.018682168008341903,0.02341760262720508,0.0256210035049554,0.020953192783124498,-0.0034998456655125996,-0.0028450823918887607,-0.00108260557551042,-0.00048145068820674004,-0.00195565253383278,0.0010837051245298954,0.00440377344172442,0.00896836425788468,0.01066929069346528,0.0067714394312915595,-0.003105438316410193,0.0013498038688392,0.00561405906388252,0.007432640398993601,0.0034941487872238806,-0.00038711554629052,0.0008578650387624599,0.0037326536164138803,0.005110090699159679,0.0021120210443481596,-0.00082493032131226,-0.00048596731108242004,-8.153667971491821e-05,-9.533679962977196e-06,-0.00022599437697362,0.00134448938478118,0.00155792188102546,0.00222295715989484,0.0025034007339765803,0.0018646679050993997,0.012811112407481999,0.01444330634203816,0.01813392705845104,0.019849705309578816,0.01618195049690474,-1.0545023145492735e-05,4.989086422561262e-05,0.00031122050255984006,0.00051228755870548,0.0001414812175613,-8.854563654908408e-06,4.7291471803504446e-05,0.0003366710802821799,0.0005803255312369999,0.00015794329853216,0.00077570811907446,0.00101599561102458,0.0016600326308697801,0.0019119001428285801,0.0013390197898401999,-0.00057398340128584,-0.0003389204455144,5.750668318657989e-05,0.00022507907986409997,-0.00012678561111288211,0.00114065075417354,0.0013125091216780597,0.00174890422125654,0.0019337697358744797,0.0015198697330373401,0.0002658510530988,0.00048076348873695996,0.0018243531414956597,0.00277551972143572,0.00093652634909652,-0.0008406813993333401,-0.0005979527832599401,-0.00016603635164666,-6.904436178284057e-05,-0.00034385898889557995,-0.0028331701789389603,-0.0023012470812056596,-0.00086066071989404,-0.00038147346161753994,-0.0015697275034405398,0.02126415436918082,0.024424151901042822,0.030724415978518355,0.033225298798445456,0.027621275620026982,0.018742145162640143,0.022176412300629982,0.029050378639047737,0.03158530287309122,0.02570558851415456,-0.011073085837238981,-0.008318114396792819,-0.00076856305619882,0.0027122515606813396,-0.004637852175316399
2015-2024 (AR6 rate definition),0.01668811533667822,0.018799041687358478,0.0235849166971264,0.025806987545706983,0.021095572168176757,-0.0020827416127377797,-0.00164838558656694,-0.0005893329863746399,-0.00026384360563344,-0.0010854885682011401,-0.0019940035708926004,0.00323898878142684,0.008233436742007222,0.0099053759579405,0.00607339681549502,-0.0060983643378271606,0.00055752667075754,0.0050733709033691,0.006778023602384439,0.0029892176841243997,-0.0006555443939074927,0.0006119305364909119,0.00329142016172404,0.00450960286548636,0.00184281734354562,-0.00060577734221108,-0.00035733772602042,-6.018176832885443e-05,-7.072982431220172e-06,-0.00016651247825584,0.00140783192172188,0.0016270871016111801,0.00231420395753596,0.0026044343077774603,0.0019437726248394,0.01286654944853344,0.01450784210869756,0.01822767056118352,0.01995778714165538,0.01626080986225242,1.5918458323347216e-05,5.510744366117497e-05,0.00030185382129112,0.0004974820786578399,0.00014159111701176003,-9.281702383745912e-06,4.958856519819663e-05,0.00035265686699381996,0.00060773243845408,0.00016555987919364,0.00073131928976732,0.0009697920226689,0.0016048366687513999,0.0018494163995438997,0.0012907474600907,-0.00059960809259698,-0.00035762819774215997,4.269171697791863e-05,0.00020253255587968555,-0.0001390474808938,0.00116579424431826,0.00134127351795176,0.00178679770971786,0.0019754775848351996,0.0015530108096021,0.00031185323857894003,0.00055242467188468,0.0020424264387650603,0.00307950767061922,0.0010589047182689398,3.688137892627164e-05,0.00010289315015927344,0.00048336259766539996,0.0007288490342563,0.0002479318073363,-0.0025126633188037595,-0.00204596787704656,-0.0007813716362822601,-0.00034771520870198,-0.00140823683278122,0.0195538619539954,0.02342833517825962,0.030068723292784198,0.032469391642194784,0.02690676187023968,0.01819826418703252,0.02218006424036888,0.029079744523944243,0.03149229611049994,0.02580576860543448,-0.0055258428977668006,-0.0028714724532434006,0.00455261825738246,0.008550376632176719,0.0007023446283048798
2016-2025 (AR6 rate definition),0.01678116686416388,0.018910081932761398,0.023744230472680282,0.02598456491123544,0.02123094385320486,-0.00073864694255768,-0.00037390189048914,0.00044547994990234,0.0009446441480381398,7.566540981784596e-06,-0.004404241514928379,0.0022455481209537605,0.0076333180845686195,0.00932707166738948,0.005500277382406261,-0.00861388123577286,-0.00034520484696734006,0.00454978920401944,0.006113991622671881,0.002507263051741,-0.0008430972296715985,0.00036523534523148,0.00284997005697446,0.00394594200903714,0.0015754823883374,-0.00041008916881044006,-0.00023949021936359998,-3.8910499632810085e-05,-4.612184595316861e-06,-0.0001094272574691539,0.00145679999391234,0.0016818635023001,0.00238838262666352,0.0026869783889163197,0.0020074134884458202,0.01293202805880342,0.0145827912886937,0.01833210931113268,0.02007632646416168,0.01635020555871902,4.529024927637008e-05,9.485737121465323e-05,0.00040790780751086,0.00063445745385952,0.0002084488822429,-9.633676147187197e-06,5.146142587799477e-05,0.00036576947452438,0.0006302516038218799,0.00017177965943554,0.0006814045824787199,0.00091765222748116,0.0015444660401705002,0.0017818009871424399,0.0012368879444670802,-0.0006225117704633001,-0.00037392253144216,3.0742936025397394e-05,0.00018561209933686858,-0.00014963717058748,0.0011938418201875999,0.00137332775800514,0.00182897904117896,0.00202186656359466,0.00158994584824096,0.00035654732178553997,0.00062715665345836,0.00229072948694226,0.0034353480393235804,0.0011927427396629402,0.00022211280395238,0.00051093576783338,0.0017796759440398202,0.00243260959527366,0.00105610650863092,-0.0020056671660506004,-0.0016106909560885802,-0.00060792909348096,-0.00027164242004576,-0.00109277261703296,0.01788050165320884,0.022638782330715243,0.02956182282765704,0.031860977252324355,0.02638750441146616,0.01790197615912462,0.022657667282855818,0.02962490732308588,0.03191075350299024,0.02643590898224796,-0.0032785200373671402,-0.0007330140578891601,0.00696114225920258,0.011678811741520061,0.0028427254491852
