variable,GHG,GHG,GHG,GHG,GHG,Nat,Nat,Nat,Nat,Nat,OHF,OHF,OHF,OHF,OHF,Ant,Ant,Ant,Ant,Ant,Tot,Tot,Tot,Tot,Tot,Res,Res,Res,Res,Res
percentile,5,17,83,95,50,5,17,83,95,50,5,17,83,95,50,5,17,83,95,50,5,17,83,95,50,5,17,83,95,50
Year,,,,,,,,,,,,,,,,,,,,,,,,,,,,,,
1850,-0.06529239825904364,-0.060245861820876566,-0.0487779465814431,-0.043688343154887295,-0.054381943618257766,0.002296040370129,0.006746406429447199,0.03637556131929156,0.04581699290623263,0.02075951950003697,0.009098343628769101,0.015182024740303533,0.05311163332313293,0.07661700372894603,0.027860096034904268,-0.042300678851703764,-0.03746838764597967,-0.0042263434105552335,0.01629688177878653,-0.0251253886769215,-0.09763760293523466,-0.0651191587373614,0.031654457381616,0.06774661590655644,-0.017949342882881532,-0.1639319973687331,-0.1124771486719449,0.0214005380123853,0.07022361382842063,-0.042183738201856565
1851,-0.06398135945200917,-0.059038275443017436,-0.04780113033950323,-0.04281192601968837,-0.053294211626052836,0.0066976089108114,0.014841068734725267,0.04638172770539913,0.057446871263285404,0.0295045400659243,0.009000325901433766,0.014982942122345098,0.0519752032682299,0.07475847812990344,0.027399116506179134,-0.04134588949382303,-0.03660733501116426,-0.004208812615058033,0.015633932019894263,-0.024534024919072698,-0.08945181767145786,-0.056455203853547534,0.04121760445336497,0.07745846187074976,-0.008871299757932567,0.002331148806115368,0.056078578010201365,0.21020374367634445,0.26753913462162016,0.13366744418938953
1852,-0.0625269687424103,-0.05769630418469504,-0.046713036795457165,-0.04183580962320164,-0.05208287201821803,0.008980340122555634,0.0199474733571211,0.0539173301806052,0.06621658826867736,0.0361396179844935,0.008908844646066366,0.0148638498752067,0.052363216082255,0.07517424797018366,0.027297524424890633,-0.0402526831875244,-0.035541460129121905,-0.0025963793277817664,0.017343514505773733,-0.0234356330086787,-0.08317644683023286,-0.04957971829921004,0.0494755740836262,0.08614547438919544,-0.0013361767632886336,-0.008010061356859834,0.0574279596904913,0.20055285761753713,0.25395848577221236,0.13261727988719937
1853,-0.06093254194905353,-0.05622406552235281,-0.045520551502704565,-0.04076680261641737,-0.050753831242521565,0.008452856012930433,0.018748590499162637,0.0504859702537457,0.06231015833715593,0.03360981370011964,0.0087898379191756,0.014664067880560867,0.05192266261825953,0.07447855249047276,0.026949380834897268,-0.03908239559580876,-0.0344440045083562,-0.0016477431553599865,0.018113048902402267,-0.022497941739857134,-0.08350652332107222,-0.05035406934718283,0.04745304029434913,0.08365465750296906,-0.0027396463362189334,-0.02120161019265643,0.0231966486386954,0.1539538560807704,0.19542135422428447,0.09181817869345348
1854,-0.05926598273217674,-0.05468546765545997,-0.044276135663191434,-0.03965151421725743,-0.0493660047650337,0.0033385348312245664,0.007255712801900967,0.030620200360814667,0.039433962479233725,0.017221457945803764,0.0085829233905921,0.0142253871603558,0.0488666080931822,0.06988635721306002,0.025859052936236002,-0.037974273227155166,-0.033534092207749666,-0.0031974743900354333,0.015072620489324099,-0.022267534707983296,-0.09504257974525286,-0.0637260568141937,0.029000871516764105,0.06318887403855719,-0.01839673658832903,-0.0147037163842469,0.024658243432640968,0.14404682899514828,0.18502421403924627,0.08403566231330233
1855,-0.0575813192253311,-0.05313194191704194,-0.043021034449338864,-0.03852672862509884,-0.0479656755924224,-0.00015455998958103828,0.0021571741237614997,0.0236172716505825,0.03144276365637777,0.012350954891492866,0.008384093440448166,0.013790302751585765,0.0457576641688744,0.06515482092897093,0.024754238935808266,-0.0368507307643691,-0.03261484868824477,-0.004752281007046466,0.011930349655449368,-0.022044181513289598,-0.09906257390975948,-0.0683169377346833,0.022076987363398033,0.0550632230316599,-0.023908640258014167,-0.012509497751792234,0.028437090261528866,0.14706535478432967,0.20391479705770804,0.08654407535990076
1856,-0.05587515998631713,-0.0515590523307522,-0.0417508580163121,-0.0373886835450927,-0.04654831563433007,0.0045438294221336,0.010140941630427967,0.035228631359835436,0.0444337966541449,0.021745827359457764,0.008187990014751734,0.013443979785467169,0.044330241382121965,0.06296619797746336,0.024058973416686003,-0.0356913595770796,-0.03158267846330997,-0.004686552674975201,0.011305496267353434,-0.021364818327128835,-0.09005429521203037,-0.05879556659609076,0.032626994177699035,0.06585603809605041,-0.014013551020373832,-0.054683478549122734,-0.011929828990250765,0.11032948732376086,0.14925029873847956,0.053041019166509266
1857,-0.05406100054581953,-0.04988524214675023,-0.04039843731870246,-0.03617718300471697,-0.04503908815483247,-0.0108533046053101,-0.005644032040921267,0.009831119803711734,0.015049879858270235,0.002569859459375267,0.007999558964123268,0.013062991922100333,0.04205070478220773,0.05949262672414379,0.023163600514332434,-0.03443917389959093,-0.030499164741486267,-0.005327991709733967,0.009524351443784902,-0.020817172092695967,-0.10686150826513764,-0.07680312961339945,0.010371606908738567,0.04168504594514764,-0.03355758916586633,-0.17429316093524294,-0.1350073483586311,-0.015276834859202268,0.030685800469170032,-0.0775837364296118
1858,-0.052086188333729855,-0.04806185659021133,-0.03892470378428693,-0.034858175863822234,-0.043393878887097004,-0.04459754663209117,-0.03390828168640529,-0.011695471949254401,-0.0052898541868974325,-0.02168199637283873,0.007889280507030532,0.0127352768927812,0.0389179589475194,0.054581638673941266,0.022158629881838934,-0.032975071730713006,-0.029240040636310936,-0.006567216684731298,0.006519920386684399,-0.020283157316346903,-0.13250508445004616,-0.1016379934549331,-0.0157627256028354,0.014517472389464534,-0.0579673387110233,-0.06339811099072293,-0.025801449889938,0.077448094934225,0.11946010502676166,0.027384513057768334
1859,-0.04995535574853414,-0.0460936356832583,-0.0373334077497323,-0.03343457089116173,-0.0416171662509441,-0.026407211708525762,-0.018381546152134668,-0.0032519993015254003,-0.0012639680081823002,-0.009325999456147333,0.0076909189810975675,0.012312785405665567,0.036191777239243134,0.05038303900510067,0.021118588745593962,-0.03147783754393453,-0.027940877098590066,-0.0073213450191542,0.004375883203465467,-0.019656100310385165,-0.11832972926398112,-0.08828710188468294,-0.004239928274570599,0.025159812687585735,-0.04589338414371007,0.03139836095894374,0.06556329625348246,0.174647447168827,0.21185482715566953,0.1210833167036374
1860,-0.0476620197917024,-0.043974565962950365,-0.035617848026255734,-0.031899610472222104,-0.03970275881389773,-0.00011146551630642882,0.0015464758861343667,0.018421897056202032,0.023609177892406737,0.011229155585169733,0.007369349128566633,0.011749062786499601,0.033791226856410436,0.04686393992354469,0.0199904640515645,-0.0299781419647236,-0.026639870479702895,-0.0076903336231286005,0.0030198343835459995,-0.018967140155533867,-0.09601356871426105,-0.06632943704724306,0.0184388283019264,0.048386197288831034,-0.0243349820375442,-0.0947093244642019,-0.061849917632838064,0.055102919377386504,0.10176442613204315,-0.009649451123550468
1861,-0.04522533969332767,-0.04172136655698217,-0.03379121774186687,-0.030264882929623066,-0.03766566763321557,0.0065092421447237,0.014596134728441599,0.037538030917445765,0.04532679946472248,0.025823440092305267,0.007103436447990367,0.011274528062591934,0.03172237178931627,0.043726785046358865,0.019021009405453936,-0.0283012874424457,-0.02513661029438173,-0.007596415309235401,0.0021769962496667,-0.017976293650766133,-0.08154749150077498,-0.0511155294130245,0.03546673474212484,0.06621139310300347,-0.0085174338116,-0.16666127791007357,-0.1185471618423859,-0.009466744448679131,0.025629933954526965,-0.06290075555443757
1862,-0.042691467950741434,-0.039378904017309334,-0.03189164400100703,-0.028564631131788035,-0.03554784009853994,-0.007908454568435698,-0.0041916419829552,0.0035798282688482997,0.006178906272786333,0.0005855332225716,0.006913078126187067,0.010931645513822601,0.030222277889649003,0.04137936638047293,0.018309656530618633,-0.02645261092111463,-0.02342125038926793,-0.0068789596265802335,0.0021637217267804,-0.01662500295788043,-0.10278103674451503,-0.07363643998901043,0.007976439890141232,0.0362462827314933,-0.0328406573583682,-0.2478646938999494,-0.2009095814824104,-0.09129418802758056,-0.0525388230880101,-0.1473019421100616
1863,-0.040074266741673095,-0.03696040560801819,-0.029931481716533467,-0.026810986238221268,-0.033361963927745764,-0.09439788584907843,-0.0781777977198362,-0.0338218669220805,-0.015000028799598367,-0.05696170280377064,0.006695301605698933,0.010606052968651034,0.029579107444733365,0.040506002927819834,0.017800760144988666,-0.02455537902812157,-0.021615440025925567,-0.005327003793790866,0.0035761457673894334,-0.014959399588406067,-0.16644957785805065,-0.13314904853701584,-0.042664192194739964,-0.011433187189201431,-0.08622096975644426,-0.006868602614849766,0.03696796129147207,0.1553525138398011,0.21162038842837017,0.10034778714179987
1864,-0.03735524062067267,-0.0344491541013121,-0.027896207962185098,-0.024990549838791235,-0.031092152620355265,-0.10321564512948195,-0.08791165883342421,-0.03929358615229523,-0.017387329942236303,-0.06551061073938999,0.006504766906922,0.010319750333825668,0.029129669809093033,0.039941830125947764,0.01736762685080367,-0.022563399809102165,-0.01970161280905203,-0.0034481709784206665,0.005462160636670833,-0.013127251062542136,-0.17344222615162525,-0.13984820996721584,-0.04745364540566993,-0.0148919275961816,-0.09189042945702867,-0.10222227486471329,-0.06840876532097653,0.04256089282532526,0.08463435247540474,-0.0141449842291573
1865,-0.034554127665857436,-0.03186250850558273,-0.02579933901627853,-0.023114704682181235,-0.028754034079611263,-0.0522489391888181,-0.042837719755868066,-0.01757083108027773,-0.007936401649688634,-0.030344263340036,0.0062800202673921335,0.009881271511937136,0.02692197720209753,0.036546738445758765,0.016409804423650066,-0.020571358036249834,-0.0178783241100609,-0.0031282419470759337,0.004711699734131433,-0.011813778895884733,-0.13108139298856253,-0.100359225894014,-0.017418731066087868,0.010939424841975135,-0.057465958098570476,-0.026612746125708,0.018722790675237733,0.14263015657663336,0.17938765982786808,0.0818677519758542
1866,-0.031690239906310966,-0.029218103115757267,-0.023654799802849638,-0.021196360327303362,-0.026363795623183202,-0.013475838722661067,-0.008819387195010932,0.0012417597032617334,0.010283349361270634,-0.0024341085227206002,0.0060566337313502664,0.009417354076479834,0.02455666733905667,0.03285792370637256,0.01538497085372603,-0.018544303905218766,-0.016028831402460666,-0.002915739850141034,0.0037713809831377665,-0.010533069570859232,-0.0995389353483915,-0.07038987802962456,0.010345407873392068,0.0385682025303443,-0.029558653011918033,-0.0498565561448534,-0.011549059894556766,0.09550156032045677,0.13575318132837613,0.04435176588594911
1867,-0.02875601006671783,-0.026508183634529434,-0.021455292689303535,-0.019229631777852703,-0.0239138674611846,0.003176698360281634,0.007098885613183133,0.0211777379798392,0.0286085948037604,0.013318748213350733,0.005871901358477733,0.008975941628838533,0.022449580542743167,0.029557353040824304,0.014429610533018835,-0.016459785557041532,-0.014105587992817133,-0.002394789132910433,0.003338280615086333,-0.0091157488835354,-0.0813099758078654,-0.052323038193086736,0.029070557113736836,0.057740805608530794,-0.011869828992833634,-0.10281439907848831,-0.0547520802294214,0.07552614189684385,0.1146622221916914,0.0136116167219976
1868,-0.025798496603965698,-0.023778323810547567,-0.019239956513047166,-0.017248048074543436,-0.021446165007849467,0.006708590313792167,0.015114725508416634,0.034982150010764566,0.042072214496632364,0.025439404261608865,0.005627690589365833,0.008310382459312633,0.019022747253378203,0.0241743854867915,0.012875155080109767,-0.014510251985241899,-0.012431343759720466,-0.0031181256030685333,0.0014352578495163333,-0.008416132846226233,-0.07046643501768503,-0.04113862417638293,0.0408169488733013,0.0697702574233214,-0.0006893191020935337,-0.09514478780329223,-0.056927168567975334,0.05868905436247581,0.10177879681189854,0.004370696377009067
1869,-0.02291828527425723,-0.021123419416447436,-0.01709261339778693,-0.0153271946435173,-0.0190513289223114,0.007251791904369933,0.016410045418888266,0.036587998904287766,0.043011953557531,0.027238343221445832,0.005309334754322901,0.007618650533258865,0.016416366429378534,0.0204215373533467,0.011459110149492767,-0.012747391189138034,-0.010933981329823499,-0.0030689846910535662,0.0009377294734197668,-0.0076239545984813995,-0.06768054179847237,-0.03849782363822057,0.04261997571835914,0.07121795813242593,0.0014815003863380331,-0.04759400257219866,-0.0123619770693282,0.09791321766873193,0.13877082069714863,0.041507861887415204
1870,-0.02014005373542503,-0.01856618002057073,-0.015030722754696966,-0.013482349505647967,-0.01674900980045393,0.0075514091178774,0.017100080121308536,0.03792257855335867,0.04453068114817137,0.0282413012658556,0.0049048469246675335,0.0069203502467522675,0.014351198971271465,0.017673786108692434,0.010188833810389,-0.011193526970843398,-0.009577813095723533,-0.0025924805862207667,0.0009606368029683666,-0.006670622232680467,-0.06536006728808079,-0.03629551864539576,0.0442380406583348,0.07264297095437842,0.003376012396377767,-0.0688824405272801,-0.025028395534803398,0.07262739998598886,0.11301251699527108,0.022565845400094934
1871,-0.017440198082476797,-0.016083050519227933,-0.013029033265386965,-0.011690049696092766,-0.014514626469463068,0.009932589437812535,0.02250106352691847,0.050002149206896565,0.058726430187622664,0.0371987571318944,0.0044426317093893665,0.006214260120565634,0.012511173058301135,0.015265179580698366,0.009020750410854768,-0.009716547466814466,-0.0082307334275295,-0.0020704289292916,0.0010409100087902334,-0.005619693702707633,-0.05729144259045517,-0.027438147651652433,0.05476567378888523,0.0838929872959852,0.0131031361718972,-0.125857001915574,-0.08558149064580596,0.024920899352679597,0.067525860418876,-0.027427441130081737
1872,-0.014772389099622732,-0.013628897878030868,-0.0110453258051226,-0.009912338992580733,-0.012303800787776667,0.011629549196610835,0.026338084172457404,0.058727960425118526,0.06919830540815983,0.043526565035184164,0.0042393807554617,0.005854082369866433,0.011390963622058367,0.013630540482699833,0.008406970649957634,-0.007525081754041167,-0.0062103457252184,-0.0011636052018729665,0.0013816772630282667,-0.0040126505385463,-0.05108356413741903,-0.020436420962214433,0.06321076699843003,0.0928096257150173,0.020944273720184935,-0.07828299365937706,-0.04631649435808256,0.05648007185508801,0.098074979459246,0.004201433737762233
1873,-0.012078520872940566,-0.011148149200404635,-0.009031774733836434,-0.0081064210273325,-0.010064170385400402,-0.005053656307669934,0.0012419876421335334,0.014873258049289332,0.01982498991613583,0.008118258633961234,0.0035608489764853667,0.004888457659011034,0.009217576176548933,0.010976661726211432,0.0069161631787816,-0.006093905819579934,-0.005026998285514567,-0.0010143171638871,0.0010564408585195667,-0.003271534806117333,-0.07827054833372428,-0.05044642819712553,0.025249878379205802,0.05173220150172707,-0.012649081026514299,-0.04808980623881021,-0.018234459615002033,0.07642285900811346,0.1133626715590556,0.029233392017582998
1874,-0.0093165493725488,-0.00860076806508,-0.006955474770317401,-0.006243465289783934,-0.007759275768573034,-0.05553486738353963,-0.042978868310650134,-0.016544969119131534,-0.0074211798220251675,-0.028925390914082465,0.0018485965847503,0.0029555065541838,0.006516197696328101,0.008094310776020033,0.004632444276163933,-0.006197513104416367,-0.005015316343245367,-0.0010618228682626667,0.0008560761789946001,-0.0031612717236081333,-0.1192157464722792,-0.08958889300624527,-0.012126480601727932,0.013400925214712766,-0.0496425020198027,-0.03652940262109037,-0.005851345001719866,0.07834339521825305,0.11061877757310865,0.0350100118666887
1875,-0.006444470056643034,-0.005946714199768934,-0.004779987192402233,-0.004289920876423433,-0.005350801317642067,-0.03882050408671297,-0.03187076168755686,-0.012885354400301936,-0.005780927642869399,-0.022333026863634562,-0.0003801167823211997,0.0010901179329569001,0.005117090626930133,0.0064904978498816,0.003351048954452033,-0.006152969226241067,-0.004547526673413733,-9.87926725065072e-05,0.0014855861101143667,-0.0019396843078235333,-0.1084214622775713,-0.07977928099532917,-0.005265651855928167,0.019639302464201966,-0.04140243679285043,-0.04198409908761577,-0.014096055508901634,0.07147818930447092,0.0992243858675162,0.026087090062598333
1876,-0.0035080503982802,-0.0032226074774128334,-0.0025186034742121334,-0.002248355105984933,-0.002864184983385067,-0.0110056266499062,-0.007699118074960967,0.0003943713671954,0.0015606060100253002,-0.003474056914759133,-0.0019650838919914666,-0.00031702579844928783,0.0037514935379536663,0.004807199537754,0.0023179305717348666,-0.005139554602404367,-0.003383138477802266,0.0009580215992172667,0.0021153791885202,-0.0004904082888969667,-0.0865756500512361,-0.05887996722012754,0.013863882239287034,0.03905178420245647,-0.022099410494168532,-0.12235063463449472,-0.08930523239076134,0.005354742245593366,0.0316284540109336,-0.041921203335126195
1877,-0.0006625928460076667,-0.000535551465194,-0.00015256161753003333,-1.0256179325551695e-05,-0.00034212568425566665,0.0022835517146934667,0.005084007017624833,0.015707630980759803,0.020306935130308033,0.009957191223899466,-0.005376157451731434,-0.002717270571738433,0.0024597289483062335,0.003352069319225767,0.0011746129797150333,-0.0057513433663795,-0.003109898383263467,0.0021373347596575333,0.003066183727545,0.0008290814099988333,-0.07109977640211576,-0.04394350760926797,0.029357994515448762,0.05532991581906874,-0.007453827381444434,0.18307496507962542,0.22316127265493074,0.3077941553791364,0.339320462445418,0.2646080056826274
1878,0.0016891859568810336,0.001924867153090067,0.0025464804687847,0.0027913354453629998,0.002230818616226233,0.0055817790251845665,0.0125992319794992,0.029110317534456597,0.03536946357538297,0.02096935330579673,-0.009217289369553266,-0.005362579637827934,0.0014251650431348333,0.0023456369255048003,3.142801476011945e-05,-0.0067348953802138,-0.003025424107909133,0.003662605461043567,0.004601280065253299,0.0021806817967444003,-0.060340085315207605,-0.033105934895575,0.04128882621725394,0.06793655281265577,0.0036080926511203332,0.2580178375045458,0.29720646967490516,0.38438029259443285,0.4134456525246302,0.34200575947761536
1879,0.0038619222779136997,0.004325240047958933,0.005434136061618701,0.0059022514071936,0.004869191131244033,0.008312009143022134,0.01882629416262103,0.04200464177876706,0.050075634134312395,0.031045427856345932,-0.013967568535978532,-0.008637618953362066,0.00033064160602706665,0.0014118129717341,-0.0015166726661845333,-0.008570275300492767,-0.0035187114317279666,0.005192417393748933,0.006208926454807267,0.0032039515208452333,-0.05144900145630037,-0.0236636383955677,0.052245298226674335,0.07958873249590394,0.0136649208143353,-0.03714230097830289,-0.008667820914027532,0.08502522322038804,0.11632489686210945,0.03755500540137286
1880,0.0060594738150636,0.006771803341495466,0.008421478172143233,0.0091351025582601,0.007578885182738234,0.009460204125692399,0.021434517564872833,0.04752507599691543,0.05650418419390913,0.035222511117657,-0.018497493242224,-0.0119274080668886,-0.0009846947782595,2.412281244611079e-05,-0.0036317425935218,-0.010110011448462766,-0.0039321526465937,0.0064159770403056674,0.007448561970765366,0.0037007020243132673,-0.04746191681673124,-0.019421635260805436,0.05681550795833264,0.08434054876367246,0.018069468749066134,-0.05029127870996787,-0.0217390917365749,0.06713780100146924,0.09788469063738982,0.0212624852235118
1881,0.008325880657260568,0.0092985704013456,0.011519363308325368,0.012489256821572732,0.010384409998853967,0.008732276394342365,0.019738533739000502,0.044294712866345995,0.053125484846532296,0.032463422665993336,-0.022053897039343868,-0.0146683756758769,-0.0023138421153028332,-0.0009950753815549333,-0.0057217597495764,-0.010550369586174634,-0.003698393538749433,0.007744363069844666,0.0089696757650623,0.0043617823005964,-0.048095319420099196,-0.02055846161829923,0.05431507778664426,0.08145071193575856,0.016233482398092698,0.0371051238228877,0.06503121507664518,0.1582120209932327,0.1950831636786461,0.10888138413429256
1882,0.010661984110871934,0.011903977642456667,0.0147190694728245,0.015954177236805336,0.013280369341373399,0.009129289351403665,0.020626131643851534,0.0464622355625033,0.0558201824004451,0.03396002948284143,-0.024939233064651466,-0.016932323270787766,-0.003546837714190233,-0.0018554725334978999,-0.0075824535451829,-0.010212318397437468,-0.0029053954465779997,0.009308466066916734,0.010755744793762734,0.005328245460987033,-0.04538530521094793,-0.017859965271006,0.05677738560984526,0.08390324426194029,0.0188366044312715,-0.03272071455915763,-0.0029454245321297,0.08638664419452344,0.1170641685525576,0.03974923181037104
1883,0.013022699641684635,0.014536914052441667,0.017957964291175167,0.01946294382214543,0.0162091522167126,0.008519132947549166,0.019177156599859333,0.04402577256162957,0.0534268073737621,0.0317769950876633,-0.0260229765127102,-0.018038870977858633,-0.0048372268459449,-0.0028317841119132334,-0.009279519629975133,-0.0080595060639704,-0.0009836493840945002,0.0108494788128882,0.012496139590317933,0.006490918652464901,-0.044829641034205704,-0.017716238557671467,0.05579020788272213,0.082578448827068,0.018429215842237032,-0.07981856986880297,-0.05105240397155279,0.03434375924368693,0.061729818520446574,-0.009826381380359267
1884,0.015381843068947331,0.017168183183918332,0.021199661723027566,0.022976885953297166,0.01913787579784783,-0.07112777990599467,-0.054583535653849366,-0.020157674420624935,-0.009041713938737832,-0.035902651026844964,-0.027764621159682635,-0.019490438929448465,-0.0059497474615151,-0.0036306370282545328,-0.010794046024481401,-0.006620494920449899,0.0005301805241712333,0.012568905018269967,0.01441831113770597,0.0078963818183789,-0.11716394176085787,-0.0874438985437154,-0.010344772335762736,0.014612248710667068,-0.0477654517938693,-0.15022306765119234,-0.12714907489717003,-0.045686628855764834,-0.018012704141437966,-0.08776684477925296
1885,0.017805497379352598,0.019872342441230966,0.024531725489844797,0.02658834370474017,0.02214830741286277,-0.1839060912529627,-0.15422177483638122,-0.0670281387120485,-0.02970656547695394,-0.11300941184163091,-0.031184201780706598,-0.02205520516882337,-0.006918536109539334,-0.004253807896748166,-0.012382403947412933,-0.006707586868045201,0.0011053582486540668,0.014513945259774667,0.016612129285931535,0.009253448341041767,-0.2176434350510438,-0.17739332800110177,-0.06506845933695629,-0.023335595211634964,-0.1209403425455093,-0.0875127352774143,-0.04673692586521304,0.062031359349687794,0.10317429328958193,0.0077122827060520345
1886,0.020328087670107634,0.022687418901671932,0.027999469600617832,0.0303453736007213,0.02528244319061433,-0.18587854007879892,-0.1588744554917017,-0.07098039609690507,-0.031396508558342764,-0.11837991327047345,-0.0340241867428024,-0.024164000737170333,-0.0077344049497817665,-0.004776401359898334,-0.0137142194435,-0.006123627404061399,0.0022296103897193336,0.016740450952202033,0.01905606199676787,0.010995187641431833,-0.21997184356053662,-0.18033335278431575,-0.0672607553998629,-0.023962755439182064,-0.12401793152093883,-0.03362118800481153,0.007391547130731167,0.1102900617072979,0.14467040747404095,0.0605796569337447
1887,0.0229466425875822,0.02561046866079163,0.03160010402401283,0.03424599903325233,0.02853683382272717,-0.1723487483958403,-0.1467406269907951,-0.06547198149065177,-0.028979987899462337,-0.1087327897548675,-0.0371420623113711,-0.026436074972152668,-0.008568363521868934,-0.0052942790789529,-0.015098063119997533,-0.005668003011184366,0.003341586039556766,0.019059537705033967,0.021607543714344434,0.012804723189522766,-0.20617219507694245,-0.16731904372572898,-0.05889717011402048,-0.018283469167848367,-0.11279122407237682,-0.12157528710861996,-0.08279315883914627,0.0219153012397388,0.061118208492795596,-0.0306521601354082
1888,0.025676016323268366,0.0286575146019458,0.035353444938858294,0.038310897971192935,0.031929761171340866,-0.14235223854581508,-0.1196072805424531,-0.05176385407646493,-0.0230364049163957,-0.08643738056222593,-0.04273941256105897,-0.030550960463782098,-0.009925937537724734,-0.006142096306818166,-0.017402409886320365,-0.0074005652374276995,0.002865648925459567,0.020966389011591632,0.02387988138943903,0.013787851513673802,-0.1776672720909118,-0.14098640536268553,-0.042286557244757765,-0.007504447856141801,-0.0904781396190325,-0.014337452415687301,0.022340115029364768,0.11507576502859583,0.1478277452290058,0.06953058267633117
1889,0.028514676261693166,0.031827141419053,0.039258635292450494,0.04253957308828826,0.035459859296679434,-0.09321948476135726,-0.0760127774129311,-0.027376659282793602,-0.012604324923207302,-0.05074739456176753,-0.047828172209362134,-0.0343120580539107,-0.011302232273543801,-0.0070234807518621,-0.019650486608346236,-0.00854858008679,0.0028286724739397338,0.022988044451922134,0.026254658959805936,0.014989929584165366,-0.1319578420370817,-0.09937776128451026,-0.014153459044173299,0.013881533934424302,-0.05504163478811577,0.08934105920294913,0.11884308685859045,0.20437894518176705,0.23616504172484076,0.16101231674353275
1890,0.031427642113218635,0.03507962553451457,0.0432677546391884,0.046881978772580574,0.039082850019137035,-0.0617889665688077,-0.047535286222894935,-0.011065647918730935,-0.0014685588461967334,-0.028884917187194,-0.051990475319325866,-0.03747150737792251,-0.012635848168283666,-0.007897399816041133,-0.02173045556992286,-0.008700988216636032,0.0034397278881321,0.025144933623572133,0.028736179104695666,0.0164743087564905,-0.10251870478192959,-0.0723387772838274,0.0055677686810182,0.03177804788574573,-0.03200618301828696,-0.19416663125157355,-0.16319036324818922,-0.07711636729538437,-0.048264382344980976,-0.1197118423879146
1891,0.03439803762982287,0.038396241553127736,0.04735730133950703,0.051312347377339966,0.042777493596076896,-0.04072557184845203,-0.028625982726613635,-0.0008664310513995001,0.005692882121851,-0.014145775232464033,-0.055156615935265975,-0.04010719993462164,-0.014139838457728399,-0.008930419649307866,-0.023875565888980963,-0.007835519934693932,0.0045890055294148,0.027194210123270696,0.031106084119528463,0.01802063516030703,-0.08230843072136237,-0.053816562530895035,0.019792268698414134,0.045736036698023466,-0.016053122468292668,-0.10351414022346335,-0.07236790535350632,0.010038184584118334,0.0389620914434393,-0.0299992098783453
1892,0.037441546594103134,0.04179465646545087,0.05154877425481871,0.05585328874488666,0.04656380787491793,-0.016827002664407033,-0.008614280577748967,0.013915245175982435,0.023214855790138197,0.0006241306255105334,-0.05597205739468333,-0.0411511655648549,-0.0153451526133964,-0.009812077057237365,-0.025355688606699265,-0.0048676639407251665,0.007285315656724,0.029652161219467666,0.03377656160543357,0.020425975322723337,-0.05953263162324823,-0.0330175912752747,0.03804352739204953,0.0645069014901916,0.0030101141310297,-0.22644497503836944,-0.19720415358742072,-0.11039265446364879,-0.08205815305312465,-0.1549723868568738
1893,0.040511055290698934,0.04522218285749353,0.055778056594232704,0.0604376185064514,0.0503828320652246,-0.003412191313691367,3.7590002993956636e-05,0.022408827835073034,0.03251125328242774,0.009538949156800865,-0.05743414927273984,-0.04248897482951477,-0.016272763305654067,-0.0104574026384701,-0.026607532054185798,-0.0025577634165528666,0.009775025922184133,0.032444407753646334,0.036763695441186364,0.023050363486011766,-0.046064395147065264,-0.020567080487186664,0.04958850726485247,0.07585646224518618,0.01463472222288443,-0.22955423692862187,-0.19698666120568908,-0.10754514940083024,-0.07846464080115154,-0.15285384903351462
1894,0.043561988510191406,0.04862792147944366,0.05998028711726264,0.06499468063314753,0.05417664907872674,0.0027212103751177333,0.0068162450939416325,0.028362732287496303,0.0386223433539271,0.016343814010421367,-0.06155099154760437,-0.04561542164534327,-0.017382969340930334,-0.0111547630280256,-0.028467148231963266,-0.002319301575577467,0.010647005448117834,0.034998801027735,0.0396371683105826,0.024848835542798,-0.0370798580969373,-0.0120339195647587,0.05744964179893327,0.08352448381483553,0.02249680676807957,-0.22514840587973595,-0.1957394778728485,-0.10628144691387811,-0.07529820812245204,-0.15223930031061167
1895,0.04657143459965777,0.051985898365577,0.0641228457291921,0.06948891791204607,0.05791604953507577,0.004031409979021766,0.008959358967840602,0.028292164417604567,0.037890028643111334,0.017656077320377002,-0.0663552286724249,-0.04923282254487274,-0.01876466182370977,-0.012036936047176467,-0.030691259851058302,-0.002804612715650933,0.010985321563978932,0.0372099654997388,0.042208270728588064,0.0262601884702841,-0.0339478120207786,-0.009182846988551267,0.059298265961309195,0.08489865387479463,0.024709229667981437,-0.18608442544937132,-0.15676846191287033,-0.07139188669621944,-0.04427928198128937,-0.11455169444282846
1896,0.04948651883751153,0.05523645256956414,0.0681336253136396,0.07384085170924656,0.06153474499781923,0.0041935471895461,0.009267820197467934,0.0259960184122125,0.03452923428267236,0.016904518629113765,-0.06863767740627127,-0.051357682185868364,-0.02017850003515677,-0.013044835766777334,-0.0325961206108331,-0.0014907149704716,0.012510067612553567,0.0392953145007292,0.04457651960353053,0.0280416648214062,-0.0321744710206985,-0.007743004713362633,0.05951717725644503,0.08451729131241636,0.025479715317487668,-0.0296215753691891,0.0012721223267726667,0.08567350648343557,0.11202889854709307,0.04564548221727207
1897,0.052307858814795764,0.058380981075266965,0.07201465219259258,0.07805519128839174,0.0650345981121063,0.0066084808902814665,0.014813581475367099,0.0349317940200368,0.042799724079668464,0.02508169660965596,-0.07168777349094546,-0.054042529948055695,-0.0217161650458971,-0.014130737073719432,-0.0347494718929131,-0.0009681884024757332,0.013405943078299336,0.041131089764336666,0.0467395212501287,0.029427519999444433,-0.0236718853314717,0.0008086025716814333,0.06817252479493613,0.09344919386009373,0.03390984392414483,-0.015000376291573034,0.017410800702248964,0.10648688800632948,0.14162480483452475,0.06273201418419673
1898,0.055137309928735063,0.061534502642850035,0.07590823704997697,0.08228221560517944,0.0685458679993947,0.0086824367754161,0.019578177270789903,0.04417502467830973,0.052615609206259205,0.03263065467278157,-0.0762356894711653,-0.057680117400983937,-0.023440664528558603,-0.015288688956449366,-0.037309831629196766,-0.0015798224989945666,0.013469029152765833,0.04275469378878667,0.0487595228478312,0.03035810931275284,-0.016580814262852035,0.008302784812791833,0.0763363449275493,0.10194101979335143,0.041724779332677465,-0.2557710617780685,-0.2199442494412263,-0.1318539281686147,-0.0972134808699289,-0.17464290559291834
1899,0.05808686198045803,0.06482442177832123,0.0799671142548322,0.08668505412836863,0.0722092340389887,0.010297892801463569,0.0232704417221248,0.051807098935047736,0.061132559180259664,0.0385342209289471,-0.08165149937073386,-0.06216799655308325,-0.025693323357651565,-0.0168605959974229,-0.04057839078207804,-0.0028953508512737005,0.012829047503570666,0.0439848084499438,0.050497846181193934,0.030725878042479303,-0.011437588410141501,0.013888639969130335,0.0826265799750884,0.10844644755125045,0.047728439172108936,-0.12130332129697001,-0.08984470494091508,-0.0005963408760726334,0.03444465299447374,-0.04739247635006903
1900,0.061184453032910764,0.06827990420162673,0.08422570178906116,0.09130115124086535,0.0760562010109424,0.0111878265937169,0.025293319784104765,0.05616958005974684,0.06620192055900889,0.041744263221820135,-0.08743465033670264,-0.06708492877582704,-0.028266530272861235,-0.0187014154158532,-0.04426060554881887,-0.004443779886544934,0.011917624253158732,0.04506922037651137,0.05215883770336703,0.03086789542188243,-0.0085340280066399,0.017003727232416433,0.086018063177665,0.11193581956128276,0.05104458456238106,-0.0124121456717451,0.024927799031138367,0.1163965542366107,0.1428287583092848,0.07435487955808637
1901,0.064351228189965,0.07181259699165816,0.08858160674571987,0.0960221093147993,0.0799898207187652,0.011772817280143467,0.026609601030747033,0.059207745951910765,0.06988809083898857,0.043852728481094005,-0.09154805131256576,-0.07081338847676907,-0.03050518656770384,-0.020314806109915103,-0.047328379005193634,-0.004565584946734167,0.0122343055469294,0.0465888724724451,0.054147911692659034,0.031799670619269166,-0.005609372424078167,0.020035441517829836,0.0891070655981699,0.11504693366587156,0.0541452753047148,-0.07661249786615365,-0.043153531029820405,0.058777532254656095,0.08895476038257276,0.009219458792358599
1902,0.06754937507212161,0.07537969656288619,0.09298322846492127,0.10079471531013647,0.08396345501144724,0.011894934515779167,0.026858935846636633,0.06010086401055251,0.0712195957700411,0.04426925567289187,-0.0947061665356159,-0.07381174258887763,-0.0324634495625893,-0.0217301612409452,-0.049937112877766233,-0.003921513075086533,0.013296384516482466,0.04845019099613026,0.056394140173991504,0.0332827561845382,-0.0033401073344672336,0.022193407732993303,0.09094624554117518,0.11677086663742857,0.05615291123588877,-0.22203124264876045,-0.18673992325862243,-0.08568654579420883,-0.04763911943882696,-0.137439452111721
1903,0.07082265565792713,0.07903141528367993,0.0974887683987617,0.10567918717861174,0.08803113177418705,0.008833477382237666,0.019718304065366565,0.0465771744276086,0.05618294496089217,0.0332439014067252,-0.09775890745222562,-0.0768991568187872,-0.03466861135015883,-0.02336320327594873,-0.052782374744613926,-0.003404858632711667,0.014292005443324568,0.050183113267024335,0.05852829304834204,0.0346918143332004,-0.009360401949379567,0.014719227707634334,0.08044331938028326,0.10525072701275343,0.0470226823041836,-0.30661624918381375,-0.27062455157438914,-0.1792086296280225,-0.14966302861769987,-0.22240338474512095
1904,0.07417259303232034,0.08276932644347347,0.1021026306847731,0.11068080415328341,0.09219584614038463,0.006908229342661733,0.015271405472109667,0.038084416761994304,0.04674521715690691,0.0265822652727365,-0.10234086538354553,-0.08101147376000876,-0.03708374022195734,-0.025093437265604698,-0.0560972274591525,-0.0037834100638671,0.014476165150602599,0.0517562694102525,0.06060196229567126,0.0356072857975959,-0.013384712239106434,0.009985398159672768,0.07425024693210913,0.09834430925548074,0.04152049496769904,-0.3627472629149755,-0.32598953783512113,-0.2376047223806381,-0.20273678402105963,-0.2813247044881184
1905,0.077610986183087,0.08660745536287623,0.1068420691788196,0.11581918870409327,0.09647364914417264,0.009166490472853133,0.0206411640097697,0.04736597030113136,0.0574006032198667,0.03422861732542509,-0.10842175309856726,-0.08604958489537233,-0.03958814403663074,-0.026813014689832864,-0.0597526368995507,-0.0048324463074094996,0.014010649267584033,0.0532776995003223,0.0627150340005755,0.0361419475326935,-0.0066545592192293135,0.017236952406043764,0.08255300094683958,0.10718374835948143,0.04935979905227813,-0.17908418302734685,-0.1499016409615675,-0.0554980670288205,-0.025505989448477765,-0.10204243287444109
1906,0.08118678604563075,0.0906000774602095,0.1117701832701762,0.12116141617298123,0.10092351709802942,0.011518053074056865,0.0260493441733221,0.05863351913789901,0.07038831263780591,0.0429181139916181,-0.11440642848610875,-0.091135191420714,-0.04235902531693373,-0.028741752511511162,-0.0636477408309777,-0.0059133282668577675,0.013607322465007466,0.05471745342016214,0.06476207114756104,0.036697983120878505,0.0003795363862688001,0.025186658725142464,0.09233670723934964,0.11760036970178284,0.05831514174739517,-0.10357884205877776,-0.06835937378307176,0.0241568947831789,0.054104185352722774,-0.0223834589123725
1907,0.08496899654467897,0.09482507323225334,0.11698000423610207,0.1268056581417719,0.10563127820690467,0.010191949876025268,0.022947160514692436,0.05287887052943307,0.0643067112813393,0.03807373220721873,-0.1221772013852993,-0.09766343072056763,-0.04584738591065007,-0.031168101417521597,-0.06858357911308603,-0.0082203272574891,0.012107486963892935,0.055634229555726,0.06646796390414232,0.036426885053515365,-0.0030624825546207,0.021079255981991667,0.0870003249496221,0.11177395296593502,0.05352812508742013,-0.2723016853133837,-0.24620291347304976,-0.16202657749255497,-0.13076918919881178,-0.20518821726242695
1908,0.08891004286706443,0.09922564278046282,0.12240604147315019,0.13268295501669247,0.1105347486833731,0.007114056621988567,0.0157136618501196,0.0400418246040741,0.05030284716437256,0.02760534298916657,-0.12998989348610235,-0.10388914416233697,-0.0488178421432773,-0.0331652194882432,-0.07296102742354074,-0.010003920287514699,0.011156166996806834,0.05724868096411224,0.0688022228578726,0.03680952700475847,-0.010985210724174901,0.012357859959204935,0.07658008861045033,0.10062107555568217,0.043974021449685034,-0.27158501942952473,-0.24067436824242275,-0.15833979095021886,-0.13016581386327739,-0.19965323557456333
1909,0.0929237299909194,0.103707139690717,0.12793271243572232,0.13867004240552577,0.11552802224953966,0.008592409500852166,0.019283202153940936,0.0455494947358965,0.05658242876331007,0.03220643413563567,-0.1353301015992959,-0.10817538586755589,-0.05091984258343773,-0.03456866511454176,-0.07602807382742564,-0.0096639661584049,0.012119792827094534,0.05988830763846634,0.07192400358617303,0.038664059713482836,-0.005351523129502333,0.0182406274105111,0.08315662627418834,0.1074430084476868,0.0502028738458951,-0.29819284031788507,-0.27007345358530677,-0.1917998782296975,-0.1625526532530784,-0.22993333141009006
1910,0.0970386606951554,0.10830056582887959,0.1335977374017238,0.14480639522274333,0.12064631655812261,0.011550447965661634,0.0261187417743106,0.0592233667025963,0.07199069174627463,0.0430141569425662,-0.14170230031013484,-0.11337277668217811,-0.053584416682521424,-0.036383367640276665,-0.07984504352013262,-0.010152378228182534,0.012325245287890167,0.06206425384928774,0.07470873544613517,0.03989301001032186,0.0038175191478027667,0.0284615887080629,0.09587531579037502,0.12090994976460928,0.06169536150991914,-0.30835666358470915,-0.27798666725556054,-0.1991546633839607,-0.16893583883841826,-0.2376452535390854
1911,0.10125451199710363,0.11300623913606003,0.1393990723788738,0.15108973334232967,0.1258884569009145,0.012935083499178233,0.029257348521302105,0.06602884252866104,0.079948587094744,0.0481219434489806,-0.14698577001690857,-0.1177581482628981,-0.05592939772953583,-0.03797087197502447,-0.0831540537377198,-0.009608591410020932,0.013444674614195965,0.0646981957306464,0.07785479264954723,0.04179490171372887,0.009376411434883835,0.03464202962194874,0.10341933866341903,0.12877491737405458,0.06857611363132787,-0.3203384384512901,-0.29190151065587994,-0.21076526572306947,-0.17997250805298481,-0.2520827054977417
1912,0.10557498012979821,0.11782711744308466,0.14533843100070948,0.15752073675394054,0.13125680387020106,0.007630177975321765,0.016814958502848903,0.04397645138204093,0.05586735854546223,0.030042331665754304,-0.14973782598972316,-0.12043371014297007,-0.0577900928879777,-0.0392582800239324,-0.0855712865789731,-0.0070748664826775,0.016279661435012933,0.0680135025084018,0.08149790540337559,0.04485963719586527,-0.0006080273567931327,0.022808124187091935,0.08721328405042486,0.1112107361356417,0.05449299948910867,-0.2382886660595734,-0.21208625619610144,-0.13615732222795487,-0.10603616746763381,-0.1753602772951126
1913,0.1100002348423004,0.12276330051322773,0.15141358147064835,0.16409702127178508,0.13675077756245926,-0.019608109320203432,-0.010127519316350399,0.007441478216399666,0.013793231795231432,-0.0011056906078010667,-0.15402545208732282,-0.12419779561460016,-0.06004879560321563,-0.040804630083342334,-0.08863652249177294,-0.005654792829106232,0.0182156323641538,0.0710185749828815,0.08495121995608006,0.04734726995229713,-0.0316037244163453,-0.0070950880584617,0.05746952486534907,0.07996234409511087,0.025308921001851496,-0.20289952655633284,-0.17460142572720838,-0.09552936213711893,-0.06592290028929707,-0.13395314415295917
1914,0.11444669961929317,0.12772011672457054,0.15751117055614783,0.1706972916920979,0.14226528008778888,-0.01869160759573177,-0.012642525915677267,0.0032562014545934334,0.007701443795425133,-0.0049128771449128,-0.1583855653802554,-0.1274355153242747,-0.061353523892660904,-0.041590416120986066,-0.09069331859548883,-0.0035150656418409,0.0208122950481871,0.07496417894959444,0.08922944031655783,0.050653925786415664,-0.03179479061315453,-0.007208950735318099,0.0576322544490297,0.07989617461959517,0.025426189104715967,0.00021974739308156633,0.030720495811353065,0.1094090280681848,0.13731128002206486,0.07010152066747342
1915,0.11889239363372323,0.1326735864082972,0.163604329029719,0.17729436407486593,0.1477754687269528,0.004048451971417866,0.008935251887887666,0.025911452050010303,0.0346950979282458,0.015845417665938468,-0.15999222447474792,-0.12834358796477316,-0.061363437498609195,-0.041452148308356536,-0.09096084659298259,0.0010230417518566,0.025613626018166497,0.08028943588336306,0.09459072649478906,0.05578054363528883,-0.0026459836595070668,0.020855173865954032,0.0841168451060851,0.10713930788139499,0.0522611724833647,0.04368335915108517,0.0682266374677419,0.15877443889776857,0.19222716639439266,0.10955486074089997
1916,0.12350270363191757,0.13781530161698657,0.16992919315894442,0.18414194434881206,0.1534959847728411,0.009447960897038333,0.0213146209468444,0.0497182411079605,0.06144232489168639,0.03538728381196657,-0.16174694498380024,-0.1299812454481919,-0.06245273681978385,-0.04216818089286483,-0.0923984845479329,0.004973459924803967,0.029808358351389497,0.08476920425891873,0.09924893130858736,0.060135304306944165,0.0187814910896122,0.042418985925614806,0.10771188678840792,0.13183889314532277,0.07457572966814037,-0.2119082416097323,-0.17997205754121143,-0.09432425715029237,-0.0611041602989037,-0.13692609965801233
1917,0.1282742171237866,0.14313979362448054,0.17648296058177942,0.1912372867266337,0.15942250192165375,0.012622734686980601,0.028548105719188834,0.0649601945529381,0.07889762582878271,0.04717246132592353,-0.16609418988227842,-0.13375100250045457,-0.06467694044113156,-0.04366812842587624,-0.09542824079593017,0.006943447235971634,0.03221959961578247,0.0882183296978473,0.10313864685595032,0.06306468943754827,0.030818395813306136,0.05544577660659944,0.12320558769007517,0.14797408978144325,0.08879999940594033,-0.3552221273382505,-0.323231380879879,-0.2315471296012401,-0.20032375454902643,-0.2773258437712987
1918,0.133014469842116,0.1484282712141672,0.18300253237287203,0.19830166349808373,0.16531176865100858,0.013780710923795837,0.031143856321771864,0.07091346673667426,0.08601866699755185,0.05145493646462753,-0.17067915896574656,-0.13735126212239265,-0.06641502884527042,-0.044783899746835165,-0.09797810638944303,0.009127764023529933,0.034873073088626,0.09207017223040256,0.10738223853210602,0.06633398433526354,0.03719354625791307,0.06241028071691589,0.13130212907989816,0.1562466281155745,0.09636234864592547,-0.2468918465077877,-0.21408341412742926,-0.11460879402856029,-0.0796916925658782,-0.1658646538853645
1919,0.1376233046253522,0.15357124805450434,0.18935862849156057,0.20520005673170089,0.17104422549406686,0.012159229908138433,0.027337248524030036,0.06399089927474653,0.07866526668270427,0.045539872720837565,-0.17059928774833677,-0.1368609940509001,-0.0656221128006776,-0.04413653165102,-0.09715834632515907,0.015551825085033935,0.041303698581953825,0.09844189718365663,0.11362619226177531,0.07277580723166463,0.03998007023086147,0.06434098877012727,0.13126830841104184,0.15564180066188177,0.09736563513676325,-0.1505794261892636,-0.1146953578293323,-0.023310015362997802,0.007288854522630534,-0.06864335512121517
1920,0.14217320531606673,0.1586519819001356,0.19564747482538217,0.21203010827302926,0.17671061058839163,0.011182272279014133,0.025071635829905632,0.0595665648579597,0.07377115686734514,0.04195879958570001,-0.170233607540528,-0.13617830559611319,-0.06477303385734556,-0.0434560958916942,-0.09623886644840234,0.022090798647453367,0.047837328140934235,0.10482534935077024,0.1198722249517838,0.07927410552899039,0.044169642403721766,0.06806628115475175,0.13367280860741934,0.1576529552539189,0.10049031550685565,-0.11978478046754995,-0.08943588328858214,0.0033037852704971026,0.03908170781408747,-0.04552099357048667
1921,0.14668615112702052,0.16369364490111663,0.2018923014402389,0.21881619691848755,0.1823350364963213,0.012932844289268034,0.029169413757820867,0.06709677519897617,0.0821205331633488,0.04820400476455683,-0.1688614293932914,-0.1347166904310385,-0.0635979872817794,-0.04251757959524784,-0.09483195096254345,0.029221085521082067,0.05505038401732837,0.1115448313703139,0.12636763664583364,0.08632375548283253,0.05582475761572514,0.08033351557950173,0.14701789617538452,0.17126960133512814,0.11336559678117429,-0.08109778799116606,-0.04508305797974263,0.04755610312024746,0.07937479354441165,0.0022250035544857335
1922,0.15109277144074437,0.16861587762832636,0.20800026838978125,0.22545811086893075,0.18783026436964664,0.014476445441444667,0.03269979191323117,0.07437749085326983,0.09046084967752294,0.0538812944044669,-0.16463667651017505,-0.1310565331081549,-0.06136797883858277,-0.040794469974935,-0.09192031870285666,0.0382174872482816,0.06406906865537164,0.11937426569561156,0.13374676853418346,0.09489734222491579,0.06838873748977974,0.09362028909226253,0.1613710431754589,0.1858873076736927,0.12735104809204736,-0.18335879072546957,-0.15417733460664745,-0.0675763098398844,-0.03629333761831116,-0.111000665773948
1923,0.15542680968840913,0.17345470105608302,0.21400987108548475,0.2319948874413967,0.19323411087195072,0.015384704262639033,0.034750194388131234,0.07894130135575927,0.09588229730725283,0.05724904872477047,-0.16727974166472753,-0.1327357598642508,-0.06178157174338897,-0.04090927615761753,-0.09275723248720164,0.04181487640986834,0.06819305236140884,0.12411690339446063,0.1386076860129833,0.09943210830291106,0.07504152456919351,0.10084198373059426,0.16959452713529263,0.19431986063718792,0.13517354677120838,-0.1678743223349253,-0.14110781421264013,-0.055651512394348734,-0.0205230610755582,-0.10048416008551914
1924,0.1596602539221445,0.17818165649970372,0.2198843318720658,0.238386973987023,0.19851365437110263,0.012679272952179067,0.028386272055407336,0.06737983765701451,0.08335811172922446,0.04761849530041217,-0.17192805409431455,-0.1359526780247688,-0.06294776290655132,-0.04155427540342007,-0.09467615435520803,0.043647920278211357,0.0707763838768005,0.12789961780110987,0.14268582115570705,0.10270719105998669,0.07172730974853032,0.0962854168315728,0.16254777794082956,0.1865359500050544,0.12929473072290418,-0.1581915284196536,-0.12954456776380535,-0.0422694510842363,-0.0075479246326721665,-0.08702581003308293
1925,0.16355844264229133,0.1825321018695831,0.2253176139791806,0.2443124910195668,0.2033816277980804,0.009314594076325466,0.020518015424410466,0.053536994395156634,0.0681791059672832,0.03630834197004633,-0.1735310373206933,-0.13714413682619728,-0.06349787940581636,-0.041807064910729635,-0.0955284697314103,0.04697032310068604,0.07456657660504179,0.1321114608148733,0.14699483936031657,0.106827908505996,0.06704610052208103,0.09079885107775526,0.15456126218040778,0.17772853920857112,0.12263065824906026,-0.1214789236585299,-0.09184132933616633,-0.005190692764396466,0.029321886288623,-0.04995320054392017
1926,0.16696894119183217,0.18633542373776435,0.2301123705506324,0.24955601021647453,0.20765415330727888,0.005749041237868333,0.013060987504819967,0.04071421839296814,0.05402597834666567,0.025728974491357765,-0.17519892429312067,-0.1385579639673233,-0.06429719095428783,-0.0422750169411301,-0.09666423499584194,0.049617337870101065,0.07752378945549326,0.13548397605617837,0.15050082926948866,0.11006600658098853,0.06101142186671489,0.08470491235454873,0.14703757733106607,0.16947408045331638,0.11596598476171491,0.0461217077448964,0.07467445477843283,0.1586221837997436,0.18812670484185215,0.11674957225720083
1927,0.170126486569643,0.1898598695298036,0.2345781375964482,0.2544504409035047,0.2116233358780543,0.0032825224023932667,0.0090713604881117,0.032986407925685204,0.04538777458171047,0.019267508760094636,-0.17806358784437176,-0.14119019279877343,-0.0659296661118666,-0.043389861285686435,-0.0988679354389508,0.050952966200808636,0.07904073469340797,0.13765231356024743,0.15296144361297287,0.1118917067845662,0.05691330240418511,0.08075753472745409,0.14267077714204782,0.16468196685115497,0.11193388700485224,-0.05373139480749763,-0.027346369090179568,0.0594808952013651,0.1015712923059861,0.014076455030590233
1928,0.1732322759926319,0.1933263093233108,0.23897564411163327,0.25927109519640607,0.21553248663743335,0.008526715574165135,0.019059092930207598,0.047480989061295935,0.06135787740349767,0.03210169511536749,-0.1813543789088726,-0.14423568303386367,-0.06775392423073448,-0.044676252081990206,-0.10136456415057177,0.05205041958640014,0.0801770988851785,0.13950217932462683,0.15517530366778373,0.11329939837257064,0.0702564188589652,0.09383395271996654,0.15675096213817594,0.17939771860837936,0.1253304133812586,-0.0474201969802379,-0.018859209306538033,0.0659237227092186,0.09944445776442687,0.024754827842116304
1929,0.17632393464446064,0.1967812420427799,0.24336690788467719,0.2640788267056147,0.219432199994723,0.012315435552348632,0.027794090397655933,0.06458327549199257,0.08022959828376768,0.0459573895980914,-0.18514932394027708,-0.14786578387022012,-0.07000055576364193,-0.046324528008699364,-0.10439502447843547,0.05281149564931787,0.08077144290010131,0.14086734751860294,0.157005529354016,0.11410343895355857,0.08248191488285854,0.10655166330436862,0.17203346560398736,0.19545403718948365,0.1391215448578198,-0.24233465418219566,-0.2143883763253688,-0.13274174759785334,-0.09987176842987534,-0.17518166204293567
1930,0.17937301446994142,0.20019378180305164,0.2477152744928995,0.26884392102559407,0.22329081594943995,0.014426250538478234,0.032588571918507364,0.07477070930103456,0.0918007545173168,0.053782658030589396,-0.18904059976339335,-0.15112675398588177,-0.07154797054827214,-0.0474720762421687,-0.10668473069866495,0.05417761902014414,0.0818553222964207,0.14280431965986887,0.15936414450407024,0.11540711298584934,0.08979016728699205,0.11464076156417526,0.18205897097786264,0.2060076497495174,0.14807403087615964,-0.0405691890046,-0.0130402119799206,0.07553939563532668,0.1108417715877294,0.02920835651457307
1931,0.1824088330070177,0.20359232440590858,0.2520504610737164,0.2735954324404399,0.22713699688514072,0.015229957193757032,0.034378956370055634,0.07890243416031201,0.09668389024833837,0.05676310261090593,-0.18640132993459696,-0.14883398681879037,-0.06991116449236867,-0.04625476133078331,-0.104686327278614,0.06067874822765583,0.08801743345956005,0.14823371171951288,0.16452076559265452,0.12121041739980376,0.09802016653120513,0.12317865585287406,0.19098637089133264,0.2150902383029461,0.15686217943827307,0.026314078923314763,0.0549459434424837,0.13987210561831784,0.1712887495756149,0.09649933998783426
1932,0.1855356146891912,0.2070927570263544,0.25649322072664893,0.2784548411766688,0.23108792304992676,0.011735918885096832,0.026156774610280934,0.0641715493798255,0.08061712011694903,0.04446889025469619,-0.17991501738627752,-0.14313617517550786,-0.0661822180698315,-0.0434384689976771,-0.09996287400523815,0.07025746082266165,0.09740806989371774,0.15609859014550842,0.1717341244220733,0.1299937615791956,0.09850054966906703,0.12211835257709021,0.18618042270342508,0.20934709534049034,0.1540165916085243,-0.018086904799565633,0.0123326413892209,0.09797853897015246,0.12981892699996628,0.05438073414067423
1933,0.18878341068824128,0.21072719906767207,0.26108763615290326,0.2834755003452301,0.23518514633178708,-9.233052648293329e-05,0.007326460797339634,0.033732522701223636,0.0462800952295462,0.018187199098368433,-0.17626628875732417,-0.13977783262729646,-0.06375764495382703,-0.04161525076876076,-0.096991267055273,0.07777646593749517,0.10479353944460551,0.16269729038079578,0.17801093583305674,0.1370330502589543,0.0824856679886579,0.10573506186405815,0.16668100580573075,0.18835652545094486,0.13637576997280115,-0.16675098861257232,-0.1387975729505221,-0.06244535099714993,-0.024336708104237863,-0.10181439543763793
1934,0.19222350915273023,0.21457291473944975,0.2659209188818932,0.28874416202306746,0.2395072678724924,-0.0028238103919041332,0.0025169757784654335,0.02400840799013767,0.03486896225561697,0.010464921283225168,-0.177801148345073,-0.14108216931422546,-0.06441298996408773,-0.04211311532805356,-0.09791579842567441,0.08107567206025121,0.10800255998969073,0.16623738904794055,0.18175748561819388,0.14030620952447248,0.0782207389672597,0.10169323200980819,0.16267424821853632,0.18391784057021138,0.13249343882004416,-0.014904077552879766,0.010548473759554268,0.08859895338614777,0.11957961892088248,0.04787542733053363
1935,0.19590645978848137,0.21869228611389793,0.27106671531995136,0.29434393843015033,0.24412325769662857,0.007067224895581566,0.015703548571715666,0.041108967748781,0.054327818378806035,0.026731236527363398,-0.1824961110949516,-0.14514659926295273,-0.06676468580961227,-0.04381973358492051,-0.10107468813657756,0.08196697334448494,0.10889259641369181,0.16823130021492635,0.18425029069185248,0.14160083234310145,0.09576009139418598,0.11862617937227085,0.17951213488976156,0.20140104070305817,0.14913750439882278,-0.06367158194382982,-0.03727193975821133,0.04121630247682327,0.07293692044913763,0.0008793364140729046
1936,0.20012874876459436,0.22340786953767133,0.2768794811765352,0.3006458202997843,0.24937309324741364,0.011937529547139966,0.02691900674874583,0.06290913663804526,0.07841250362495582,0.044587869818011834,-0.1887652479112148,-0.15046045934160548,-0.06976400437454379,-0.045957609886924336,-0.10516666869322455,0.08216106854379172,0.10924320916334784,0.17011576975385342,0.18675250858068462,0.14259239037831617,0.11153056112428504,0.13497834319869675,0.19869643534223236,0.22162004883090655,0.1667148868242899,-0.0444362458462516,-0.0176770187479754,0.058996815048158104,0.0924232732504606,0.019137332992007296
1937,0.20493833546837165,0.2287740707397461,0.2834398051102956,0.3077393983801206,0.255324254433314,0.014939580593878968,0.03373157087713473,0.07765299620727693,0.09525769030054407,0.05580748679737243,-0.1959087952971458,-0.1565646951893965,-0.073301518112421,-0.04847426923612746,-0.10996099064747489,0.08216514612237606,0.10951177485287186,0.17211633592844003,0.189446593572696,0.14361774921417234,0.1208083942532539,0.14543201441566148,0.21224513818820312,0.23593258435527484,0.17862702161073682,0.08593438938260074,0.11564455509185786,0.20294007827838256,0.23738395795226092,0.15792547663052875
1938,0.20982449700434996,0.23422973185777665,0.29013962546984357,0.3149912476539612,0.26138996581236523,0.0164952956140041,0.03722211322436724,0.08556510470807546,0.10453923605382442,0.0616001902769009,-0.19804325774312012,-0.1589314110080401,-0.0750653205315272,-0.04972715967645243,-0.11224926014741257,0.08575058405598,0.11327074383695918,0.17626305008927978,0.1938646040856838,0.14754937589168546,0.1288663619508345,0.15435691177845,0.2226911651094754,0.24674896945556005,0.18828683098157245,0.08691726562877493,0.1158917951583862,0.20016384209195773,0.230837648610274,0.1578190152843793
1939,0.21466895341873163,0.2396372341116269,0.29681500961383184,0.32222328732411065,0.26741813619931537,0.0177744427385429,0.040105647072195966,0.09205214763681091,0.11214772413174305,0.06636082877715424,-0.20003899013002707,-0.16083391507466632,-0.07620916763941443,-0.050519578096767236,-0.1138481174906094,0.08986086112757517,0.11752876554926234,0.18097079296906782,0.19879419133067125,0.15201031416654584,0.13647144412000964,0.1628139854967594,0.23259931971629458,0.2570252622167269,0.19747706502676007,0.04596122875809666,0.07602608410020666,0.16160241847236945,0.19555490861336391,0.1180068453152974
1940,0.21948353896538417,0.2450125341117382,0.30346582502126696,0.32943432629108427,0.2734151681264241,0.018785667171080864,0.0423774772882461,0.09720517657697196,0.11823464048405485,0.07011272634069118,-0.20554877445101735,-0.1659400935471058,-0.07952737390995024,-0.05293568441023423,-0.11819307506084437,0.09089279323816293,0.11871047730247176,0.18333708330988882,0.20176110193133354,0.1536538725097974,0.1406361207365989,0.167650465319554,0.23883949389060333,0.2636208345492681,0.20290515323479968,0.14425161977608997,0.17913516690333683,0.2796845867236455,0.3156337355573972,0.229679544766744
1941,0.22413837313652035,0.25020927021900813,0.3099172231554985,0.3364403555790583,0.2792233030001322,0.019328149749586934,0.043578782193362635,0.10010802333553623,0.12177989458044364,0.07212975993752477,-0.2106319641073545,-0.17110447342197094,-0.08324248465398948,-0.05563794424136472,-0.12294948101043697,0.09149252101778979,0.11954520309964813,0.18518928686777744,0.2042083698014418,0.1548931946357091,0.1433192779620488,0.1706961881617705,0.2426985113322734,0.2677201439936956,0.20620214194059372,0.0353872199853261,0.08610729868213332,0.2866350065668423,0.3349056452512741,0.1801159332195917
1942,0.2286543741822242,0.2552526692549388,0.3161986487110455,0.3432685842116674,0.28486862778663635,0.019567032189418833,0.04409457307308906,0.10154170627395308,0.12365900588532286,0.07303438335657114,-0.2164501508076985,-0.17634350399176274,-0.08646737404167652,-0.0579507154102126,-0.12727293868859607,0.09206892189880209,0.1203374274571736,0.18723173111677163,0.20685781662662822,0.15620043873786923,0.14533058752616246,0.17282968178391453,0.24542701994379357,0.27067580123742424,0.20848064372936878,-0.007746476893468401,0.04911771322290097,0.24730668803056075,0.2973539546132088,0.14216757565736768
1943,0.23300065919756882,0.26011102229356764,0.32227119147777555,0.3498773589730263,0.290316179394722,0.0141658569220453,0.03139126876989996,0.0789101897925138,0.09865338156620657,0.054425402854879665,-0.22197122971216837,-0.18101531932751336,-0.0890659006685018,-0.059782853287955066,-0.13088283936182654,0.093138271694382,0.12158852107822889,0.18964780042568838,0.2098067899545034,0.1579368089636167,0.13540028929710385,0.15956663007537522,0.226883380015691,0.2508893616497516,0.1925762444734573,0.0101522945760128,0.06607614579300079,0.26942741552988675,0.3256718029578527,0.16207239776849744
1944,0.23689308663209277,0.2644646448890368,0.32778091231981915,0.3558925693233808,0.29522882401943207,0.003297366605450667,0.013463262825583366,0.048981942658623,0.06512123905122277,0.029671146223942364,-0.2252849313120047,-0.183681464890639,-0.0903215163697799,-0.06060211646060143,-0.13278994957605994,0.09572081466515853,0.12428600795567032,0.19292566180229187,0.21336643447478612,0.1608869011203448,0.11781538600722942,0.14078497717777888,0.2038081495463848,0.22635980596144994,0.17217285682757694,0.17306909238298732,0.2299919865032037,0.4204796024163563,0.47561481793721516,0.329817255338033
1945,0.24018809099992117,0.2681563380360603,0.33254740635554,0.3611248046159744,0.29943957924842834,0.0075472811081757,0.016570776583005934,0.0497083161150415,0.06609578939775623,0.031333091047902835,-0.22328830460707344,-0.18159001737833017,-0.0884826895097891,-0.059147103751699036,-0.1307149032751719,0.10239067052801445,0.1308379512528578,0.19878273208936048,0.2189283668994903,0.1671588371197382,0.12710735412935412,0.14947776908675828,0.2112059551974137,0.23332712203264236,0.1802077243725458,0.07837560847401613,0.12542711357275643,0.30330964098374047,0.3539255867401759,0.20843782772620512
1946,0.24316476732492448,0.27149835060040156,0.336904567182064,0.36591981053352357,0.3032693862915039,0.012527375776941536,0.02810762665544943,0.06776274782915903,0.08605500099559624,0.046933083484570134,-0.2177068317929903,-0.17659030030171077,-0.08498504921793937,-0.056416408096750505,-0.12644116580486292,0.1112958210210005,0.13961075077454244,0.20618534669280053,0.22572150876124694,0.1754183545708656,0.14863075166940684,0.1714748938878377,0.23483539293209707,0.2573786477247874,0.20286986728509265,-0.08697735058764614,-0.0355308947898447,0.09800787068903438,0.1420318104326725,0.034636424854397725
1947,0.24612279136975607,0.27482324669758473,0.3412176983555158,0.3706626902023951,0.30706919233004254,0.0141567493168016,0.03180077277123924,0.07576666814585524,0.09508311313887434,0.0530392571041981,-0.21561047633488967,-0.17511102726062133,-0.0842245974143346,-0.05574877299368376,-0.12548658624291414,0.1165497791022062,0.14479117920001347,0.2108441094557444,0.23022831603884697,0.1803987175226211,0.15822987705469133,0.18163662071029338,0.24628559832771613,0.2691591988007227,0.21366285781065622,-0.05658361744135617,-0.012034959923475965,0.11508607832094027,0.15910646915435792,0.05186818415919934
1948,0.24906613901257516,0.2781355860829353,0.34551068315903344,0.3753837158282598,0.31085391839345294,0.014363360016917166,0.0321667471528053,0.07783495761454096,0.09773079144457973,0.054114113872249896,-0.21773680076003074,-0.17729836955666542,-0.08569364165266354,-0.0567719966794053,-0.12746774156888324,0.11857029199600216,0.14665763239065804,0.21295519754290573,0.23261118481556572,0.18227398395538325,0.1611600205302238,0.18460480868816376,0.24971403762698172,0.2728223606944084,0.21680212269226704,-0.09052670126159983,-0.040390383079647936,0.07681346399088693,0.11516547550757723,0.018902459492286
1949,0.2519450011352698,0.2813781201839447,0.3497252066930135,0.3800201416015625,0.3145649880170822,0.016330356507872498,0.03668086706350244,0.08711340737839533,0.10828801331420737,0.0613008147726456,-0.22057919005552923,-0.17965392028292018,-0.08684461891651153,-0.05764554453392821,-0.12918117642402646,0.120707814519604,0.14851470788319898,0.21509835124015803,0.23505281483133633,0.18408970783154166,0.16816264316439627,0.192549311419328,0.2596699297428131,0.2834526807069778,0.22559381276369092,-0.09446511268615719,-0.061620829453070895,0.038570802311102464,0.07807084272305168,-0.014515304006636066
1950,0.25487756182750065,0.28467738459507624,0.3539884620904922,0.38470093458890914,0.3183281620343526,0.0183818469755351,0.041380199082195736,0.09673860547443226,0.11921871230006215,0.06880823274453476,-0.22582144166032472,-0.18360768839716904,-0.08867793651918567,-0.05906514680633934,-0.1318390220403671,0.1214972432702779,0.14897818282246586,0.2164718972643216,0.2369369819760322,0.18474697818358732,0.17374112134178477,0.19945129002134002,0.2691267166535059,0.29371951073408126,0.2335964838663737,-0.1888483514388402,-0.15479999949534734,-0.0538247014209628,-0.019570005157341468,-0.10534431164463356
1951,0.2579224869608879,0.2881026350458463,0.35838160912195843,0.38951431810855863,0.3222218503554662,0.018209420765439636,0.04092745728790753,0.09622879410783444,0.11880568265914913,0.06819650530815123,-0.23007171526551243,-0.18766778464118636,-0.09141028709709643,-0.06107931789010757,-0.1354046240448951,0.12162582514186697,0.14908286760250722,0.2173614560067653,0.23831498622894282,0.18509466946125028,0.17390813305974004,0.1994439495603243,0.2691654860973358,0.29389394372701644,0.23349058379729581,-0.014305890134225233,0.0157474008078376,0.10281925484538072,0.13683298304677008,0.05830329159895576
1952,0.2612174739440282,0.2918025122086207,0.3630700028936068,0.39463716795047127,0.32639900346597034,0.01695013719921307,0.03796540797998503,0.09078714293738203,0.11281503761808075,0.06370346620678896,-0.2320899719993273,-0.19050526206692056,-0.09395456435779725,-0.06296157054603094,-0.13855123519897455,0.12274128807087736,0.15034159933527308,0.21899423922101652,0.24026472394665083,0.18648430456717807,0.1725731325646241,0.19725377107659975,0.26572802831729253,0.2902171924710274,0.23065113027890516,0.06555368987222507,0.09688798295954858,0.18533098285396887,0.2215026505291462,0.14069268852472305
1953,0.2649894252419472,0.2960255245367686,0.3683270729581515,0.40035804162422817,0.33112307886282605,0.016847114233920935,0.03775048501789564,0.09011061325669283,0.11208642298976577,0.06324093788862224,-0.2369085634748141,-0.19482187186678246,-0.09658699271579581,-0.0649072711045543,-0.14210582772890723,0.12346927734712754,0.1511150540411472,0.2207037218908469,0.24247702012459438,0.18758231649796162,0.1735171069701512,0.1980332533518473,0.266544500986735,0.29115804135799406,0.23135585337877274,0.12565796015163255,0.15665986965099965,0.2480222409466902,0.2834243486324946,0.2013597016533216
1954,0.26921522468328474,0.3007546563943227,0.3741621772448222,0.4066914230585098,0.33638859788576764,0.017550232913345034,0.039405472762882705,0.09305829306443526,0.11544504563013709,0.0656995413204034,-0.24226487800478935,-0.1993174760043621,-0.09905157729983327,-0.0666622187321384,-0.14557543396949768,0.1246408383051554,0.15237621466318763,0.223003497570753,0.24527554710706076,0.18924027432998014,0.1768725253641605,0.2017240366836389,0.27114009032646813,0.29609914869070053,0.23537163188060123,-0.0742447726428508,-0.0426240847135583,0.05126920759677879,0.08507525647679963,0.0038444849960796636
1955,0.27372330278158186,0.3058016084631284,0.3803876672188441,0.41344790707031887,0.3420097976922989,0.018469424235324,0.04151968531310553,0.09734572100142633,0.1204007592052221,0.06904752676685647,-0.24820473218957578,-0.20465684274832407,-0.10225961558520791,-0.06892760184903933,-0.14998182654380793,0.12522809393703932,0.1531450284520785,0.2249141849080721,0.2477743685245514,0.19045917441447568,0.18018682673573488,0.205644089281559,0.2764739013711611,0.3019595642884572,0.2398337125778198,-0.16006658549110095,-0.12779414738217987,-0.03565762396901843,-0.0026559995332111667,-0.08189527566234267
1956,0.2784654478232066,0.3111162881056468,0.38694630066553753,0.4205614065130552,0.3479319363832474,0.017558981136729268,0.03932928354789807,0.09411437397201854,0.11715250288446741,0.06601847211519869,-0.2577109560370445,-0.21278479864199956,-0.10691699465115864,-0.07221158494551969,-0.15642221520344415,0.12350884216527142,0.15170717398325595,0.22540805821617435,0.24919997776548067,0.18981157739957172,0.17746521954735117,0.20240741302569704,0.27331729729970294,0.29912759910027187,0.23651468257109318,-0.2240446316699187,-0.19068142856160794,-0.09817494076987106,-0.06675433280567324,-0.14361654470364246
1957,0.283435849348704,0.3166907810171445,0.3938214083512624,0.42802369743585583,0.35414082805315655,0.015709631082912234,0.03496647314478946,0.08729636008540786,0.11002794715265429,0.05993065113822616,-0.27010353455940883,-0.22236333459615706,-0.11165570673843221,-0.0754449075708786,-0.1632943575580914,0.12053225673735139,0.1494065465033054,0.22582887778679525,0.25070655941963194,0.18875385075807566,0.17148151919245716,0.19590017527341844,0.2667016205191612,0.29274342556794486,0.22999627391497288,0.010345279859999766,0.045003755216797135,0.13266156286001202,0.16160427629947663,0.09015710651874537
1958,0.2885544588168462,0.32243022322654724,0.40090843210617694,0.43572032848993936,0.3605380157629649,0.017052027210593165,0.03808263417333363,0.09342831167081987,0.11729926901559032,0.06460087622205413,-0.2778861140211423,-0.22885147899389266,-0.11496897992988428,-0.0776439324021339,-0.16818167269229883,0.12092304142812887,0.1501998802026113,0.22810181731979046,0.25366070891420045,0.19021709263324735,0.17614325756827984,0.20119058092435202,0.2738581597805023,0.30067668507496514,0.23596615344285965,0.0242487652537723,0.05640385112414754,0.14656149928768475,0.1791448064148426,0.10179191827774044
1959,0.2938194548090299,0.3283304257194201,0.40818481981754295,0.44361735532681146,0.36710678537686664,0.0198690892818073,0.044600252670546334,0.10627649148305252,0.13196483328938483,0.07472448423504827,-0.2819199283917745,-0.23333057021101306,-0.11781705747048056,-0.0795238407949606,-0.1722221126159032,0.12356960748632743,0.1529009780784448,0.2313008358081182,0.25729363212982814,0.19308487325906748,0.1858762147525946,0.2125465671221415,0.28827187418937683,0.3161653200785319,0.24836473166942594,-0.015088936996956634,0.01605828583550947,0.10410293276111275,0.1348665321866671,0.06011058328052357
1960,0.29956221431493757,0.33475106954574585,0.4160266833504041,0.4521120001872381,0.374217430750529,0.0215837642860909,0.04851497208078697,0.11446828357875342,0.1413927279412746,0.08100773145755127,-0.2881979962189992,-0.23954128732283908,-0.12164889561633266,-0.08207512336472662,-0.17759360621372855,0.12470687342186768,0.15437635113795592,0.23404714221755654,0.2606769611438115,0.1951431035995483,0.19137483810385061,0.2194981525341669,0.29800272981325787,0.32684673021237054,0.2564299503962199,-0.09376996879776314,-0.0619471743951241,0.027882995108763332,0.06068539575984077,-0.016688984197874835
1961,0.3057218477129936,0.34162963261206947,0.424381666779518,0.46115083595116935,0.3818121353785197,0.022221442280958036,0.04994470208883276,0.11760320059955116,0.14505656684438387,0.08333216110865269,-0.29707785497109096,-0.24725067784388854,-0.1260425100227197,-0.08513009523351985,-0.1837399130066235,0.1248805334170659,0.15497645070155458,0.23650429233908646,0.26399935434261956,0.19656557093063987,0.1937179801364739,0.22246364171306285,0.30279560059309,0.3323962291081746,0.26012880603472394,-0.0017743281418612668,0.030024762644121968,0.11749189061423133,0.14971043939391768,0.07532804459333417
1962,0.31227826029062267,0.34895546068747835,0.43325856496890386,0.47075224022070566,0.38988957305749256,0.02212093872949477,0.04968297024567914,0.11715434079368907,0.14460414821902912,0.08293181533614791,-0.30526661972204844,-0.25422297671437266,-0.12996857682863877,-0.08784802531202626,-0.18925525248050687,0.12622604109346863,0.1567415197690328,0.23991986200213425,0.2681832820177078,0.19906499485174814,0.19571850597858423,0.22439659550786015,0.30532694031794866,0.33537432700395586,0.26226027806599933,-0.051744911198814664,-0.018653909626106368,0.07275801611443354,0.10449868775904178,0.028050108191867602
1963,0.3194145947694778,0.35693496465682983,0.4429082506895064,0.481187612315019,0.3986775875091553,0.0085057973551253,0.023004106755057933,0.07266739634176089,0.0949860534320275,0.0460612581421931,-0.31545915454626083,-0.2624406252304713,-0.13427606468399367,-0.09075181335210793,-0.1954598600665728,0.12702318218847114,0.1581464185814062,0.24348117083311074,0.27266303847233453,0.2014729554454485,0.17072813113530472,0.19532567674914988,0.26775872707366943,0.2952288294831912,0.22993128498395277,0.014896303461864567,0.04557357789327697,0.1293926015992959,0.1593994118273258,0.08819294969240825
1964,0.3269820312658946,0.3654047151406606,0.45316164861122754,0.49227483123540877,0.40801094969113666,-0.04504095595329997,-0.02610553905367847,0.009909284279371234,0.021295539693286,-0.0055513860036929,-0.32472347567478815,-0.270401799082756,-0.13881441454092655,-0.09376276445885494,-0.20186579475800193,0.12844381593167778,0.16018318961064018,0.24749174217383066,0.277545968691508,0.20444475611050925,0.11059189165631923,0.13929467315475139,0.21679246182243023,0.24210442627469692,0.17912282546361288,-0.20069543073574697,-0.17036400576432542,-0.08327302046120164,-0.05106630561252427,-0.12747151404619214
1965,0.33466215829054513,0.3740043722589811,0.46360915074745807,0.5035822212696075,0.41750372449556983,-0.04507386982440947,-0.0321285660689075,0.0008656203465457999,0.008956014535700232,-0.0141103913386662,-0.32997969140609107,-0.27605949183305106,-0.14263444970051448,-0.09619976741572213,-0.20712653050820026,0.13229246338208514,0.16435127372543015,0.2527088688810666,0.283329139649868,0.20913970470428467,0.10871956683695314,0.13632928247253098,0.21401266425847998,0.2398660848538081,0.1761123860875765,-0.09711492086450253,-0.06680745261410867,0.022784939998139866,0.055648417832950735,-0.0228411561499039
1966,0.3427914455533027,0.38310107588768005,0.4746124562621117,0.5154915849367777,0.42752047379811603,-0.005608831959155634,-0.0009772547631291333,0.022150745112448866,0.03635613645116484,0.006611189649750766,-0.3361686383684476,-0.2819744779666265,-0.14622489114602408,-0.0984371570249398,-0.21220573782920832,0.13630205815037086,0.1688654265304406,0.2586216960350672,0.2898302579919497,0.21438749631245932,0.14616612518827118,0.17004705965518946,0.2414843448499838,0.2658880362908045,0.20625193913777667,-0.07060018293559547,-0.0405276252329349,0.0444649377341071,0.0732961778839429,0.002167207382929767
1967,0.3513447821140289,0.39267078866561256,0.4861670732498169,0.5279872834682464,0.4380449354648589,0.006219960190355733,0.014396382852767866,0.04540067665278904,0.062050055402020604,0.027439044788479767,-0.34324911435445143,-0.28797713259855906,-0.1493538857003053,-0.10031253769993775,-0.21688368668158842,0.14093955804904296,0.17403431733449298,0.26528137097756066,0.29708529710769654,0.22031988948583603,0.1730554789304733,0.19623003150026,0.26730604966481525,0.29315733959277473,0.23125984271367384,-0.06315519573787844,-0.034679203219711734,0.04466397359967223,0.07129499887426695,0.0054620947921648
1968,0.3602532630165418,0.4026446408033371,0.498212001423041,0.5410214473803838,0.4490127166112264,0.0103661921030531,0.023032386874159136,0.06120392722388104,0.07962589971721167,0.0403301808983087,-0.3506336013476054,-0.29420602828264236,-0.15251998106638587,-0.10214517054458454,-0.22168628126382822,0.14580983867247893,0.1794724389413992,0.2723178781072298,0.30473491648832957,0.22657393415768942,0.1904223206142584,0.21390648682912183,0.28684207797050476,0.314495375752449,0.24917500217755628,-0.13604317655165987,-0.10387158023814352,-0.020113472056885535,0.0077867105680828,-0.060843234260876976
1969,0.36987883696953455,0.41342931985855097,0.5112028354406357,0.5550703426202138,0.4608555386463801,0.011571157273525966,0.025676290603975402,0.06691949941217894,0.0862248095373312,0.04458417929708953,-0.35673833986123404,-0.3002043085296949,-0.15602466876308121,-0.10405853328605487,-0.22681486109892524,0.15140172168612478,0.1857068074742953,0.2802353915572166,0.3132238199313482,0.23372258245944977,0.20034912625948578,0.22432054907083504,0.2989390012621879,0.3274846985936165,0.26036839683850604,-0.008603866429378533,0.02222720644747213,0.10545132520298157,0.13295863196253774,0.0648535465200742
1970,0.38069629619518913,0.42555484662453336,0.525761346022288,0.5708025127649308,0.47414938112099964,0.013250179976845735,0.029512389240165502,0.0742307214438915,0.09443434389928972,0.05043162343402696,-0.36561715851227444,-0.3083696680267652,-0.16065442393223445,-0.10669804153343032,-0.2335314179460207,0.15608670711517328,0.1913187420368194,0.28836066524187726,0.32220424314339957,0.24065697441498432,0.21047615905602773,0.2354200366139412,0.31280038754145306,0.3426520829399427,0.2727523744106293,-0.07610825312634303,-0.044796707543234,0.0395334617669383,0.06745716755588843,-0.0016056439950867744
1971,0.3920919944842656,0.4383333921432495,0.5411473512649536,0.5874371349811554,0.48818400998910266,0.015830331637213566,0.03547757510095834,0.08545170269906512,0.1068612614025672,0.05958590097725383,-0.37584401269753775,-0.3170363704363505,-0.16501208970944084,-0.10907519919176888,-0.2401500965158144,0.16156830762823415,0.19762101600567494,0.29708706339200336,0.3318407644828161,0.24818377693494162,0.22369247153401375,0.24988521466652552,0.33076614479223887,0.3623243773976962,0.2887089103460312,-0.21504353086153663,-0.18244466438889498,-0.09508448628087833,-0.06683021150529377,-0.13747341930866236
1972,0.40427692631880435,0.4520078781247139,0.5576136577129364,0.6052346070607503,0.5031992097695669,0.01759191260983543,0.039510648064315264,0.09352144767840698,0.1158988627294699,0.0659712379177411,-0.38788405259450276,-0.32610420554876324,-0.1687125181158384,-0.11097797142962602,-0.24630029251178107,0.1686040846010049,0.20519398649533582,0.3067566255728404,0.3424765795469284,0.25671740372975665,0.23618062262733774,0.2632448043425878,0.3468605577945709,0.3798037186264992,0.30322808027267456,-0.12168852624793844,-0.08708995871245856,0.0034439007045390336,0.0333914623285333,-0.040186584616700764
1973,0.4186991050839424,0.46819645653168357,0.5770165954033534,0.6261685331662495,0.5209429264068604,0.018400926577548132,0.04133227961758766,0.09741999874512346,0.12031295994917546,0.06892929226160047,-0.39973654349644977,-0.3354702095190684,-0.17293463056286176,-0.11311357853313274,-0.2529942095279693,0.17747335980335865,0.21485194310545921,0.318952480951945,0.3556846186518669,0.26761487623055774,0.24793888007601095,0.27579301595687866,0.3617848853270213,0.3956873824199041,0.31701671083768207,0.0049363056857448665,0.040264104939997165,0.13246152882774662,0.16213544805844618,0.08805542811751363
1974,0.43336119850476584,0.48465971976518624,0.5968459679683049,0.6475890318552653,0.5390221079190572,0.01848771528651313,0.04149400480091563,0.09799907192587846,0.12096687828501064,0.06926382457216576,-0.4064967547853788,-0.34158515274524687,-0.1759854298333327,-0.11434257117410493,-0.25777974973122275,0.18943993647893267,0.2274712771177292,0.3333397209644317,0.37066372285286586,0.2811850309371948,0.26080793092648186,0.2890394213795662,0.3760266221563021,0.4101725220680237,0.33108439048131305,-0.23185023317734396,-0.19616896664102873,-0.1025179938971996,-0.07177340326209856,-0.14794676005840302
1975,0.44627132763465244,0.4991507629553477,0.6144112779696782,0.6666513890028,0.5549684166908264,0.018211868560562467,0.0408282228186726,0.09697644909222917,0.11984929032623767,0.0683159840603669,-0.410461646815141,-0.3450222960114479,-0.17732162689169242,-0.11443614947299152,-0.2602682411670685,0.20224610865116116,0.24064360390106831,0.3474064188202222,0.38497823625802996,0.2948579092820485,0.27359761695067086,0.3017131271958351,0.388564000527064,0.4225318635503451,0.344109187523524,-0.18273338228464123,-0.14633794297774633,-0.05074100339164336,-0.019895373408992997,-0.09714546799659723
1976,0.45844636062781013,0.5128278102477392,0.6309947768847147,0.6846706688404083,0.5700103839238485,0.017829778635253465,0.0399214943995078,0.09542722587784129,0.11819188743829727,0.06698278337717051,-0.4173290843764941,-0.35050355901320773,-0.17954907804727557,-0.11516484133899203,-0.26410414775212604,0.21246193101008726,0.25125019749005634,0.3593015108505884,0.39736299961805344,0.3061105708281199,0.28341217736403146,0.3115344328681628,0.39858775506416955,0.43258893489837646,0.3543051481246948,-0.2957869286338488,-0.2603322764237721,-0.1675189923743407,-0.13736644883950552,-0.21298647423585249
1977,0.4718571270505587,0.527906060218811,0.6491926544904709,0.7044090429941813,0.5865608155727386,0.0185141201751927,0.0415169764185945,0.09848076976835723,0.12174789657195403,0.06941491365432734,-0.4270871798197427,-0.35801026225090027,-0.1825102102756501,-0.11631148730715113,-0.2692018151283264,0.22250304992000255,0.261757350564003,0.3715575155615806,0.41037601232528687,0.3174433509508769,0.29590289692083993,0.3244461996356646,0.41301725476980206,0.4477244734764099,0.3680676023165385,0.0063651007522518,0.0426778991768757,0.1389041468997796,0.1702710395057996,0.09174726903438564
1978,0.48671358575423557,0.5446138381958008,0.6693476239840189,0.7262312591075897,0.6049095590909322,0.0201699296633402,0.04532627159108713,0.10631645967562987,0.1308598923186461,0.07548648243149118,-0.43541321307420733,-0.36409593959649406,-0.1843652268747489,-0.11645704557498288,-0.27298425634702045,0.23587827210625006,0.27551301807165146,0.38672598371903094,0.4261746610204379,0.33186199764410657,0.31460290104150773,0.3436619307597478,0.4343536314368248,0.4699998304247856,0.3884183367093404,-0.11346492481728389,-0.07645140382150803,0.021742726297428135,0.05401728376746176,-0.026389168885846897
1979,0.5022176161408425,0.5620484715700149,0.6904315221309661,0.7490652630726496,0.624090313911438,0.0218719654095669,0.04918495270113146,0.1150042758633692,0.14117253472407656,0.08189451818664863,-0.44407537281513215,-0.37037997295459113,-0.186324920852979,-0.11668557313581299,-0.2768839548031489,0.2498124659061432,0.28988812198241554,0.4026194711526235,0.44272054433822633,0.34694748123486835,0.334007898469766,0.3637757185101509,0.4570293923219045,0.49363437394301096,0.4099101920922597,-0.049908684752881495,-0.012409394169226231,0.08530169228712713,0.11636108768483,0.0373099048932393
1980,0.5184983789920807,0.5803447167078654,0.7125911712646484,0.7730546832084656,0.644238293170929,0.022550220446040197,0.05064981034646427,0.11922407440841193,0.14654340520501133,0.0846041751404603,-0.4512756203611692,-0.37581607699394226,-0.18836989661057787,-0.1172570483138163,-0.280480037132899,0.26498902837435406,0.30560821294784546,0.41975171536207184,0.4603517666459084,0.36339952051639557,0.35210421681404114,0.3822733609875043,0.4769150432944298,0.5138160188992819,0.4293663998444875,0.03461635438725347,0.0724845408151547,0.17416672661900515,0.20743582720557843,0.12407406295339263
1981,0.534856237967809,0.598726491133372,0.7348793846368789,0.7972085883220037,0.6644848585128784,0.022024217651536032,0.04934100764493146,0.11785114434858156,0.14554848348100977,0.08293409024675684,-0.4540488834182421,-0.37783633669217426,-0.18884558891256648,-0.1169152934104203,-0.2816660453875859,0.2833581144611041,0.32435675462086994,0.43902130097150804,0.47970481067895887,0.38247500360012054,0.37060701747735336,0.4003062413136164,0.4938379128774007,0.5300992329915365,0.447343478600184,0.0720068459709485,0.10940480766197043,0.20842907994985574,0.24015993922948833,0.15914964924256003
1982,0.550262310107549,0.6160212522745132,0.7558770179748535,0.8199990808963775,0.6835306584835052,0.018017828837037033,0.0399626745531956,0.10163270021478332,0.12772858217358588,0.06939071913560227,-0.4589005117615064,-0.38020235300064087,-0.18848856111367546,-0.11625120763977359,-0.2821713238954544,0.30144879221916193,0.3424345354239146,0.45707281430562335,0.49782445083061855,0.4004988173643748,0.3807459861040115,0.4081563949584961,0.4959485365947087,0.5303850372632345,0.45314999918142956,-0.14487806086738905,-0.10946394878129159,-0.0153488470520824,0.015079063301285067,-0.0625568218529224
1983,0.5655573189258576,0.6331864959001541,0.7767023875315984,0.8426001499096553,0.702421764532725,0.0029628051483692667,0.0154102686544259,0.061882557968298536,0.08314852801462015,0.036489441990852335,-0.4601877942681313,-0.3802451690038045,-0.1872361640632153,-0.1147068391243616,-0.2813054919242859,0.3211384296417236,0.3621414468685786,0.476478391289711,0.5170868446429571,0.4200541178385417,0.3741594245036443,0.3987027687827746,0.4798314190904299,0.5081819305817287,0.4418931603431701,0.0664198807130257,0.0975318157424529,0.18394400844971337,0.2127115733921528,0.13943079610665632
1984,0.581320599714915,0.650880094965299,0.7981428935130437,0.8658527940511703,0.7218882044156393,-0.008303969120606734,0.001647473520521667,0.03719371372212963,0.05486939102411265,0.016566743453343667,-0.45729961146910986,-0.37821898370981216,-0.18571089948217073,-0.11249445279439281,-0.27975349624951673,0.34228739043076833,0.38353417148192726,0.4977993071079254,0.538214902083079,0.44146085778872174,0.376118857661883,0.3998813413580259,0.48078441619873047,0.507023494442304,0.44376305242379505,-0.1083543950070937,-0.07911223093668616,0.006082753619799966,0.03435944287727274,-0.03866355059047537
1985,0.5971952637036642,0.6686983438332875,0.8197333284219106,0.889272133509318,0.7414901455243429,0.002802005759440333,0.009379690454030965,0.04329632243762407,0.06178342079122857,0.023151560996969498,-0.45987391968568164,-0.37975769410530724,-0.18550019696354872,-0.11134226806461801,-0.28029315173625946,0.3609545618295669,0.40240057796239853,0.5170075728495915,0.5575141320625941,0.46048599978288013,0.40273716002702714,0.4267377456029256,0.5068149401744206,0.5334869841734569,0.4701373825470606,-0.13221147283911702,-0.10201760840912658,-0.017560957397023798,0.010585997859016032,-0.061650242035587596
1986,0.6132616728544236,0.6867343119780223,0.8415821460882823,0.9129782329003017,0.7613261938095093,0.0081990687564636,0.018023094466576933,0.053807783685624534,0.0730871616552273,0.03312090908487633,-0.4629155849417051,-0.3814583636323611,-0.18510547354817392,-0.10992498745520901,-0.28074481586615246,0.3799026404817899,0.4215334123373032,0.5364949572086334,0.5771178801854452,0.47976828614870703,0.43129148085912056,0.4559262295564015,0.5355897744496664,0.5631908575693766,0.49873598913351697,-0.11782747556765868,-0.08673230975866313,-0.0019327279533414333,0.026350906180838664,-0.04591181129217143
1987,0.6296411315600078,0.7051271796226501,0.8638523884614309,0.9371421953042348,0.7815471291542053,0.010384320390100232,0.02294328911850847,0.06191368155181404,0.08161339449385799,0.04019444125394019,-0.4683942620952924,-0.38472645650307336,-0.18523870398600897,-0.1089293497304121,-0.2820786237716675,0.3981571162740389,0.43994913160800936,0.5553655028343201,0.5961959769328435,0.4983667681614558,0.45622868140538536,0.48116838594277694,0.5607590079307556,0.5889178534348806,0.5236966411272684,0.0065991351380943995,0.03677210190643859,0.11998242641488704,0.14756672680377958,0.07655785605311387
1988,0.6471399635076522,0.7247923942406972,0.8876389696200688,0.9629178076982499,0.8031635383764902,0.013087815403317367,0.029159704316407395,0.07334139076371983,0.09410537295043467,0.0496189668774604,-0.47547548413276675,-0.38910501370827355,-0.18579149489601454,-0.10815922332306697,-0.2840915968020757,0.4167437841494878,0.4588067415356636,0.5750700434048971,0.6162781337896983,0.5175896485646566,0.483552515010039,0.5088197986284891,0.58929485420386,0.61855721672376,0.5515243609746298,0.015935442425931434,0.0471130636210242,0.13268851324915878,0.16130458936095235,0.08852442353963846
1989,0.6653689920902253,0.7452730701367061,0.9124238723516465,0.9897729982932408,0.8256857991218567,0.01615902640235917,0.036192991845309705,0.0876590733726819,0.11021045868595439,0.06086173653602597,-0.47873010486364365,-0.3909773247440656,-0.18532315308849018,-0.10611336181561143,-0.284579798579216,0.43790374050537745,0.48037092715501784,0.5975218051671982,0.6390094767014186,0.5395820836226145,0.5146111647288004,0.5405512815713882,0.6230689519643784,0.6537019024292628,0.5839311877886454,-0.12169579379260534,-0.08992571716507274,-0.002558815151569433,0.026394485527028604,-0.04737996682524676
1990,0.6827897200981776,0.7648298706610998,0.9361296693483988,1.0154837787151336,0.8471988240877787,0.018552193697541897,0.041613330418864836,0.0995282356937726,0.12387490657468633,0.06979815910259876,-0.481424106657505,-0.39239445835351944,-0.18476464847723642,-0.10422124626735838,-0.28479917347431183,0.4585365136464437,0.5013113104303678,0.6190905406077702,0.6607376545667648,0.5608248511950175,0.542941011985143,0.5695346593856812,0.6539838512738546,0.6853506982326507,0.6136975487073263,0.02715473122273877,0.060343335866928034,0.14968584065635993,0.17869669720530507,0.10411924744645751
1991,0.6993665069341659,0.7834242184956869,0.9586930076281229,1.0399872501691183,0.8676536679267883,0.012269088579341735,0.027789791201551704,0.07731490502754841,0.099638778095444,0.050555375715096766,-0.4957088649272919,-0.399901901781559,-0.1852490718166034,-0.1042614238957563,-0.28730787833531696,0.47484328150749205,0.5175881187121073,0.6359381941954295,0.6779734303553899,0.5772529045740763,0.5451519081989924,0.5705349842707316,0.6500596272945404,0.6785925646622976,0.6126710971196493,0.012992287551363266,0.044199373970429036,0.12872502873341238,0.15678925340374308,0.08520954598983126
1992,0.7148017048835754,0.8007184431950252,0.9797251224517822,1.0628595769405367,0.8866881529490153,-0.05588953656454879,-0.03611389880379037,0.0029765105131081666,0.013249757451315698,-0.012205474233875633,-0.49995220005512236,-0.40067308485507963,-0.18306687379876777,-0.101480808854103,-0.2857519934574763,0.49451035211483635,0.537419991294543,0.6559738318125407,0.6979818751414617,0.5971765319506327,0.4876350358128548,0.5178874895970027,0.6049772898356119,0.6382451663414638,0.5643828709920248,-0.15807993287841476,-0.12434830558796724,-0.034107978120446164,-0.0025772334930176,-0.08148620277643201
1993,0.7285971581935883,0.8161519334713618,0.9985511535406113,1.0833745002746582,0.9036878943443298,-0.11360221480329825,-0.089219525506099,-0.03048472571497157,-0.013499171985313266,-0.05743570563693837,-0.4899012764294942,-0.393334231475989,-0.1785112842420737,-0.09600621275603764,-0.2802943189938863,0.5188390394051869,0.5614476799964905,0.678453015089035,0.719693640867869,0.620494544506073,0.4523821656902631,0.48784570723772047,0.5950377782185873,0.6353439291318258,0.5427163541316986,-0.11257746964693068,-0.07177416404088334,0.0372967105483015,0.07369237666328743,-0.018314397272964265
1994,0.7418843100468318,0.831004397670428,1.0166836714744567,1.1031335234642028,0.9200620055198669,-0.07055862545967095,-0.05584151009718574,-0.017071770293017166,-0.006306853013423533,-0.03565210228164987,-0.49501680533091225,-0.394203795393308,-0.1756682775417964,-0.09248919722934552,-0.2781863361597061,0.5367756863435109,0.5792442162831625,0.6959704160690308,0.7370416343212127,0.6380956570307413,0.5020467241605123,0.5340306957562765,0.6299499074618021,0.66654525299867,0.5839675764242808,-0.0788307095567385,-0.04174604042122757,0.05670837748795743,0.08989900810023146,0.006009936099871933
1995,0.7557366867860158,0.8464864657322566,1.0355462630589802,1.1236537317434947,0.9371289412180582,-0.025286678721507368,-0.015114536931117332,0.006389917864774599,0.01599129543950157,-0.0031554443994536337,-0.4990418275197347,-0.39407940874497094,-0.1719156428674857,-0.0875545890380938,-0.2750794589519501,0.555793622136116,0.5984571178754171,0.7155312929550807,0.7565775324900945,0.6575020949045817,0.5619220127662022,0.591964840888977,0.6766166124741236,0.708694776892662,0.6361190478006998,0.023077620131274033,0.05552609069893756,0.14277430132031435,0.17395035997033118,0.09773879498243326
1996,0.769912060101827,0.8623265391588211,1.054839054743449,1.144607069094976,0.9545926054318746,-0.0014094905617336336,0.004346946611379533,0.031566711049526866,0.0447803253307938,0.015960224904119934,-0.4916846096515656,-0.38770396530628204,-0.1666765435039998,-0.08042870461940756,-0.2692999243736267,0.5801096548636754,0.6226321623722713,0.7387492458025614,0.7792083253463109,0.6812750697135925,0.6117611318826676,0.6409603158632914,0.7202097574869791,0.7493909408648809,0.68131751815478,-0.11932129239042594,-0.08890532913307347,-0.0060963724243144005,0.024344159973164366,-0.04793982890745
1997,0.7835503379503886,0.87755468805631,1.07343670407931,1.1648311694463096,0.9713994661966959,0.006524711195379466,0.015729747085521564,0.0496720150361458,0.06567693824569376,0.03072352614253757,-0.5016135235627492,-0.39093214780092234,-0.16423889329036073,-0.07750997928281617,-0.26799169182777405,0.5957248409589132,0.6387182009220124,0.7559962306420008,0.7967647314071655,0.6979564527670542,0.6441000282764435,0.6730856895446777,0.7510638072093327,0.7797745883464813,0.7124473849932352,-0.0025320209688894668,0.02745370047787823,0.10902723215520377,0.13906009544928863,0.067953551808993
1998,0.7977419296900431,0.8934058348337809,1.0927764244874318,1.1858310381571455,0.9888990720113119,0.0110082543610284,0.024476655529191066,0.0644473143915335,0.08259350880980486,0.04290282788376006,-0.5240754137436548,-0.40020395994186403,-0.16355628927548727,-0.07617772494753192,-0.2690877517064412,0.6019658237695694,0.649252732594808,0.7724881404638291,0.8145302961270015,0.712147444486618,0.6615606149037679,0.6953043937683105,0.7793858681122462,0.8089460333188375,0.7385014295578003,0.12172714285552495,0.1528236112495263,0.24075934956471126,0.2755623365441958,0.19577487806479132
1999,0.8130814582109451,0.9105392263333003,1.1136176188786824,1.2084147155284881,1.007804314295451,0.014162546178946831,0.031612998588631494,0.07790963600079213,0.09785807703932123,0.053756821279724365,-0.5187959303458531,-0.3952063157161077,-0.15929004381100337,-0.07158269981543214,-0.26443442205588025,0.6269871195157369,0.6734706163406372,0.7955275972684225,0.837048331896464,0.7357129255930582,0.6978352844715119,0.7297554016113281,0.8127526475985845,0.8417510191599528,0.772236963113149,-0.1630821727216243,-0.13293926502267517,-0.04696345347911116,-0.0140546253571907,-0.09081008161107693
2000,0.8276127119859059,0.9267454477151237,1.1334327856699626,1.2299303233623504,1.0257295767466228,0.016731522946308034,0.03747185586641227,0.08993612108131242,0.11155061187843475,0.0631089309851328,-0.4953032284975052,-0.38089499046405156,-0.15313277050852778,-0.06469167234996943,-0.25644084562857944,0.6612135569254557,0.7043442328770956,0.8209553196032842,0.8608680973450343,0.7634369333585104,0.7423146347204844,0.7690216302871704,0.8469473123550415,0.8743515213330587,0.808842658996582,-0.18915886754790942,-0.16070497701565425,-0.0792975620180368,-0.05115207228809591,-0.12056782593329746
2001,0.8411555469036103,0.9418365655342738,1.1519700356324514,1.2500813484191895,1.042449156443278,0.01858011921867723,0.04166381161659953,0.09899171071747932,0.1219902860621611,0.06993414337436353,-0.47814618647098533,-0.37027963509162265,-0.1486996056139469,-0.05784996766597023,-0.2505741516749064,0.687620003024737,0.7298202912012736,0.8443054755528768,0.8833739558855692,0.7877923746903738,0.7750636339187622,0.8002986510594686,0.8770114580790201,0.9037066300710043,0.8401282628377279,-0.061211911154290005,-0.03368836540728803,0.046082205461959,0.07267310246825213,0.005194824344168032
2002,0.8547872493664423,0.9570136666297911,1.1705949306488037,1.2703255474567414,1.0592668453852336,0.019939138150463432,0.0447365475694338,0.1058333040525515,0.12995046973228452,0.07497918854157126,-0.47875042955080666,-0.3696132038036982,-0.1468893653154373,-0.055286195004979694,-0.24902423222859701,0.7059047420819601,0.7480800316731135,0.8624015847841898,0.9012699137131374,0.8059828082720438,0.7979981700579325,0.8229947652419408,0.9000980257987976,0.9265146076679229,0.8635347982247671,-0.0282993665585915,-0.0012632727805369996,0.07774360604584213,0.10358827325205008,0.03668011600772537
2003,0.8692453245321909,0.973126722574234,1.1902871529261272,1.2916894376277923,1.0770967404047649,0.020503422959397197,0.045990571777025833,0.10877343599994975,0.1334139173229535,0.07705269257227576,-0.49114580601453783,-0.37576643645763397,-0.14761931116382274,-0.056914540007710394,-0.25102140257755917,0.7188665042320888,0.7616112794478734,0.8775974744558335,0.9170275151729583,0.8203374942143759,0.8129045764605204,0.8386878172556559,0.9172130425771078,0.9440563728411993,0.880150556564331,-0.044217435829341366,-0.01697120532393453,0.0641951414321859,0.09117681123316286,0.0219911361734072
2004,0.8838817814985911,0.9894314738114673,1.2102349599202473,1.313319049278895,1.0951497753461201,0.0203871036569277,0.04569618382801607,0.10829608475168544,0.13284064481655752,0.07658158615231511,-0.4962456668416659,-0.3789347775777181,-0.14812707394361496,-0.05557353136440113,-0.2525877008835475,0.7343689392010371,0.7774909667174021,0.8945105506976445,0.9342350602149965,0.8367350697517395,0.8282234072685242,0.8545207943518957,0.9333193699518839,0.9603492826223373,0.896219789981842,-0.13854337930679314,-0.11103408619761461,-0.0293917597209414,-0.001812104219182667,-0.07197899495561914
2005,0.8980826894442241,1.005242244998614,1.2296363512674968,1.3343766927719116,1.1126809120178223,0.02003096388652917,0.044859853461384734,0.10670407406985753,0.13103319779038428,0.0752705819904804,-0.4984264651934306,-0.3813304239511489,-0.1487080884973208,-0.052359591672817805,-0.2543172563115756,0.7504406164089839,0.7936411102612814,0.9111747179428736,0.9510623633861541,0.8531002998352051,0.8432288358608881,0.86974036693573,0.9484148621559143,0.9755717734495799,0.9113844633102417,-0.013523107534274435,0.014214095277711702,0.09514902035395299,0.12252008579671383,0.052870221436023664
2006,0.9124167263507843,1.0211983521779378,1.2492143313090007,1.3556145866711935,1.1303799947102864,0.019376357334355467,0.04332888890057797,0.10382226775089894,0.12785214831431707,0.07292293757200238,-0.5047758628924688,-0.3859057859579722,-0.15025821740428605,-0.051672865636646644,-0.25717400511105853,0.764267639319102,0.8078569934765498,0.9266099367539088,0.9669134418169657,0.8679073552290598,0.8548623522122701,0.882170577843984,0.961497942606608,0.9888433247804642,0.9239701827367147,-0.0614683032035827,-0.03365819087252013,0.0482879397273063,0.07659981586039066,0.005551649257540633
2007,0.9267738382021586,1.0371745030085247,1.2688382601737975,1.3769158164660136,1.1481196482976277,0.018757729822148867,0.04188862627993024,0.10105609814325964,0.12486952630182102,0.07069986437757807,-0.5077838718891143,-0.3877470577756564,-0.14987368459502856,-0.0489063076985378,-0.257752684255441,0.7807133992513021,0.8246605958541234,0.944336990515391,0.9848633209864296,0.885180672009786,0.8692036072413126,0.8972130219141642,0.9770365556081136,1.0043526689211528,0.9391327500343323,-0.05588002863029633,-0.028654475187261868,0.05179749391973013,0.07995266268650686,0.009695494547486232
2008,0.9412539780139924,1.0532867046197256,1.2886534202098847,1.3984112401803335,1.1660213073094685,0.018433702675004767,0.04114641600598883,0.09951032782594357,0.12329968139529225,0.06949381281932189,-0.502123682697614,-0.38397494971752166,-0.1468089951078097,-0.04233075107137347,-0.25484752655029297,0.8021323462327321,0.8462574481964111,0.9661070936918259,1.006424347559611,0.9069048762321472,0.8894163568814596,0.91787189245224,0.9975758427381516,1.0244604349136353,0.9597547054290771,-0.20277673080563544,-0.17576364348332082,-0.09466441303491589,-0.0658166455725828,-0.1370169321695963
2009,0.9555120438337326,1.0691533088684082,1.3082077968120576,1.4196529428164164,1.183674196402232,0.018159991223365035,0.04052203375846143,0.0982666901747385,0.12209076347450415,0.06849550083279607,-0.491409237186114,-0.3759391324718793,-0.14146728349228704,-0.03447273817534237,-0.24878807365894312,0.8261678000291188,0.8706471256415049,0.9908262956142425,1.0308893541495006,0.9315514961878458,0.9123818467060725,0.941379189491272,1.0214825471242268,1.0476986169815063,0.983520487944285,-0.09518307484686375,-0.06889515787363046,0.0121686242163802,0.04158079201976457,-0.030184048538406637
2010,0.969724890589714,1.0849636395772297,1.327715893983841,1.4408409655094148,1.2012784679730732,0.018281809395799965,0.0408188505719105,0.09877316986521076,0.12288317432006197,0.0688818730413913,-0.4861234471201897,-0.36993044783671697,-0.13531653208037214,-0.0274978502110266,-0.2423277199268341,0.8493630280097325,0.8943161368370056,1.0151238111654917,1.0550182660420735,0.9556261400381724,0.9358727713425954,0.9654175241788229,1.0463463465372722,1.072014053662618,1.008052388827006,-0.034585892471174336,-0.0088993696154405,0.07243897892534727,0.1021487568815549,0.0297775454819202
2011,0.9842832863330842,1.10116019487381,1.347675085067749,1.4624947766462961,1.219296932220459,0.018781630539645697,0.041983465539912335,0.101116069505612,0.12580121892193954,0.0706639861067136,-0.4822422275940577,-0.3657185485959053,-0.13091463881234328,-0.022327263917153,-0.2378967454036077,0.8710362295309703,0.9164926807085673,1.038204080661138,1.078145980834961,0.9783075054486593,0.9589482525984446,0.9891486167907715,1.0715003478527068,1.096955935160319,1.0325194199879963,-0.20283916791280107,-0.17714044123888015,-0.09392117788394289,-0.06346469757457567,-0.13751166562239323
2012,0.9988021393616994,1.1173021328449249,1.3675965468088787,1.4841159224510192,1.2372754216194153,0.019435144743571633,0.043484452478587565,0.1043747688829898,0.1297749487062295,0.0730762643118699,-0.47978671491146085,-0.36294198205073674,-0.12799466105798876,-0.018432615440299865,-0.23499222596486402,0.89116330742836,0.9370584289232889,1.0596598851680756,1.099697510401408,0.9993513425191244,0.9810431996981303,1.0118339856465657,1.0956357320149739,1.121092398961385,1.05594269434611,-0.18662516325712203,-0.1608915395538012,-0.07657792953153451,-0.0453852536777655,-0.12060719604293499
2013,1.0139857490857442,1.1341874929269156,1.3883601891994477,1.5066271682580312,1.2560478051503499,0.020535414479672866,0.046014405551056,0.10968507620195542,0.1360492115219434,0.0771047845482826,-0.4756593197584152,-0.3584688836336135,-0.12369294707973796,-0.0125853312279407,-0.23046938081582385,0.913213410973549,0.9597676958640416,1.0835968255996704,1.1237864911556243,1.0227415959040325,1.006610749165217,1.038101315498352,1.1238027016321819,1.149483205874761,1.0831952889760335,-0.17044952611128486,-0.14417631511886914,-0.058200425133109066,-0.026076290042449966,-0.10328971967101094
2014,1.0295446654160818,1.151504629055659,1.4096542199452717,1.529696269830068,1.2753010988235474,0.021338119388868367,0.047822566268344635,0.11387391683955982,0.1410985146959622,0.08012768502036731,-0.469515877465407,-0.35227569470802944,-0.1182930993288756,-0.006066552161549466,-0.22459679096937174,0.9368189374605814,0.9842371940612793,1.1095397472381592,1.1499699354171753,1.048039197921753,1.03266854484876,1.0652702649434407,1.1529080470403035,1.1792844533920288,1.1114561160405476,-0.15070459817846615,-0.12342822805047034,-0.03513645419230063,-0.001904888090211833,-0.08122949923078218
2015,1.045098300774892,1.16879669825236,1.430973774989446,1.5527995467185973,1.294558087984721,0.0212460113378862,0.0475456877922018,0.11405569357176618,0.14161239142219223,0.07994090269009266,-0.4711527585983276,-0.3496691204110781,-0.1130231258521477,-0.0028230774992455657,-0.21931829303503036,0.9590414732694625,1.0071378946304321,1.1334628264109294,1.1739794035752615,1.0715415875116985,1.0544779300689697,1.0880391597747803,1.1767001152038574,1.2035024563471477,1.1351574261983235,-0.021376488590612967,0.0057043281756341,0.09423117508490875,0.12802243766685323,0.047519354149699135
2016,1.061755218108495,1.1873326301574707,1.4536986351013184,1.577392981449763,1.3151426513989766,0.020656853262335,0.046146445162594266,0.11169746687014892,0.1391291029751301,0.0778959691524505,-0.4629006654024124,-0.3413883084058761,-0.10617770952483019,0.004733797347095533,-0.21166081478198367,0.9850718339284261,1.0344269605477652,1.162804404894511,1.2038269062836966,1.1000179847081502,1.078135766585668,1.1135438680648804,1.2040820916493733,1.2321397463480632,1.161979118982951,0.05739575413366153,0.08556347255905464,0.17562500392397243,0.21118766764799754,0.12776381522417063
2017,1.0787849764029185,1.2062745889027913,1.4769540297985078,1.6025625109672545,1.3361913760503132,0.020445522169272097,0.04565458868940667,0.11068542301654812,0.13810007870197297,0.0770862350861231,-0.44742164462804795,-0.32942717442909875,-0.09863431123395763,0.014324297228207333,-0.20280973861614862,1.0127086242039998,1.0638444026311238,1.19537353515625,1.2375396112600963,1.1312288045883179,1.1041565318902333,1.142051378885905,1.2360467513402302,1.266565881172816,1.1923196117083232,-0.0639596323172251,-0.033593297253052365,0.05924397503336263,0.09706589939693606,0.009757156328608534
2018,1.095360634724299,1.224700967470805,1.4996738104025522,1.627190315723419,1.3567134737968445,0.020312723952035032,0.04534915190190073,0.11007146954536436,0.13753883838653566,0.07658689344922698,-0.4369693020979563,-0.3204769758383433,-0.0922768347462018,0.023313552511778565,-0.1954394181569417,1.037908709049225,1.0907094411055247,1.225269118944804,1.2686882019042969,1.1597990194956462,1.1280356605847677,1.1681341330210369,1.265893856684367,1.298647363980611,1.2202709118525188,-0.17958828906218208,-0.14691755925615627,-0.04968652642021577,-0.009850323754168633,-0.10132358595728874
2019,1.1120227118333181,1.2432173422972361,1.52251398563385,1.65194571018219,1.3773384888966878,0.01941054929047817,0.04322961239765083,0.10633222098151841,0.13348552162448563,0.07349538182218866,-0.4381544421116511,-0.31822021971146264,-0.08811185836791986,0.026286537516474202,-0.19110997517903638,1.060028314590454,1.1138689915339153,1.2500913540522258,1.2939681212107341,1.1839631795883179,1.1468141456445058,1.188232136964798,1.2880385386943818,1.3213025748729705,1.2417151530583699,-0.07422762873272097,-0.040944383417566566,0.058254887710014906,0.09966895791391528,0.005450102811058333
2020,1.1287339806556702,1.2617816925048828,1.5454339253902436,1.6767909944057464,1.3980305194854736,0.0180580464502175,0.0400670880451798,0.1006335268914699,0.1272278832892577,0.06884648402531936,-0.43780960192282986,-0.31421449293692905,-0.08269388118137916,0.0299498642329127,-0.18510907888412473,1.08225679397583,1.1377759377161663,1.276890516281128,1.3218466877937316,1.209542155265808,1.1643908818562825,1.2074716420968374,1.3108498255411785,1.345205028851827,1.2629314263661702,-0.06570256526271497,-0.0312143135008712,0.07227087147533888,0.11515370855728782,0.016846476743618603
2021,1.1455243349075317,1.2804265681902567,1.5684712795416513,1.7017807205518087,1.4188222289085388,0.0179862508550286,0.039959803409874366,0.0999207952121893,0.1265309209624926,0.0683699051539103,-0.4372224653760592,-0.31024411171674726,-0.07780092677722378,0.031464961993818534,-0.1793957402308782,1.103490231434504,1.1610843737920125,1.3038274049758911,1.3501603623231253,1.2348779837290447,1.1850378513336182,1.2302066485087078,1.337679432630539,1.3737581968307495,1.2877442042032878,-0.2559664552410444,-0.21974841341376306,-0.11223752088844777,-0.06736410260200494,-0.16930295775334037
2022,1.1624703367551168,1.2992476157347361,1.5917396680514018,1.7270148694515228,1.4398170709609985,0.01941025446479513,0.04332969107975556,0.10580503279964124,0.13322526738047596,0.07319703449805573,-0.4274734372893969,-0.3024070875843366,-0.07270229748139778,0.0394131169033548,-0.17347736905018488,1.1274815758069356,1.1870826880137126,1.333123763402303,1.3808661739031474,1.262703537940979,1.2130715827147165,1.2607362202803294,1.3720219532648723,1.4102284510930378,1.3198476235071819,-0.25238156467676165,-0.2142675279080867,-0.10373697340488437,-0.05673114117234937,-0.16228873531023655
2023,1.1793237447738647,1.3179619574546815,1.6149169206619263,1.752154674132665,1.4607099493344624,0.021714721713215066,0.04866847496479747,0.11630085612336787,0.14513887067635847,0.08149878308176992,-0.4344610020518303,-0.30369542717933656,-0.07026799953232206,0.042265582705537534,-0.1713318899273872,1.1467557350794475,1.2072866757710774,1.3560776778062185,1.4049805422623953,1.2842893203099568,1.2396218756834665,1.2887415885925293,1.402992606163025,1.4432355165481567,1.3492435216903687,0.013173443203171034,0.05366550383468467,0.16889864956339198,0.2178396242360274,0.10829103613893187
2024,1.1965853254000345,1.3371344804763794,1.638614575068156,1.7778397440910338,1.482095181941986,0.023705500209083102,0.053209764237205165,0.12603734930356342,0.15632929950952526,0.08888984223206836,-0.4604096546769142,-0.31364264597495395,-0.06946764784554646,0.044109818028907,-0.17169084896643955,1.1587045152982076,1.2210606666405996,1.3757788010438283,1.4264233509699504,1.3011371890703838,1.2580437262852986,1.3088129758834839,1.4301406542460124,1.4726891140143077,1.373343010743459,0.06201153503110007,0.10466701452930764,0.22563956022262568,0.27617323597272236,0.16161499172449112
